Muestra;Temp;Hum;Pres;Den;Vol;DP;DP1;DP2;DP3;Vel1;Vel2;Vel3;Vel4;Tiempo;PWM;Paro;Hum2;VelRef;Error
0;19.742;36.843;103069.984;1.2226;2.57388;-3.125;-1.833;-1.145;0.0;0.0;0.0;1.732;1.369;297.0;0.0;0.0;30.396;0.0;0.0
1;19.742;36.835;103069.984;1.2226;2.574;-3.0;-2.241;-1.516;0.0;0.0;0.0;1.915;1.575;363.0;0.0;0.0;30.396;0.0;0.0
2;19.731;36.828;103067.34;1.2226;2.57325;-3.75;-2.769;-1.963;0.0;0.0;0.0;2.128;1.792;428.0;0.0;0.0;30.385;0.0;0.0
3;19.742;36.828;103069.89;1.2226;2.57375;-3.25;-2.938;-2.22;0.0;0.0;0.0;2.192;1.906;493.0;0.0;0.0;30.396;0.0;0.0
4;19.753;36.828;103069.89;1.2225;2.57388;-3.125;-3.003;-2.401;0.0;0.0;0.0;2.216;1.982;558.0;0.0;0.0;30.396;0.0;0.0
5;19.731;36.843;103067.97;1.2226;2.57375;-3.25;-3.089;-2.571;0.0;0.0;0.0;2.248;2.051;623.0;0.0;0.0;30.396;0.0;0.0
6;19.742;36.843;103069.67;1.2226;2.57363;-3.375;-3.189;-2.732;0.0;0.0;0.0;2.284;2.114;688.0;0.0;0.0;30.374;0.0;0.0
7;19.742;36.835;103069.67;1.2226;2.57375;-3.25;-3.211;-2.835;0.0;0.0;0.0;2.292;2.154;753.0;0.0;0.0;30.374;0.0;0.0
8;19.753;36.828;103066.88;1.2225;2.57363;-3.375;-3.268;-2.943;0.0;0.0;0.0;2.312;2.194;818.0;0.0;0.0;30.385;0.0;0.0
9;19.742;36.843;103068.66;1.2226;2.57363;-3.375;-3.305;-3.03;0.0;0.0;0.0;2.325;2.226;883.0;0.0;0.0;30.396;0.0;0.0
10;19.742;36.843;103068.66;1.2226;2.57375;-3.25;-3.286;-3.074;0.0;0.0;0.0;2.319;2.242;948.0;0.0;0.0;30.396;0.0;0.0
11;19.742;36.843;103069.44;1.2226;2.5735;-3.5;-3.361;-3.159;0.0;0.0;0.0;2.345;2.273;1013.0;0.0;0.0;30.374;0.0;0.0
12;19.764;36.82;103072.31;1.2225;2.573;-4.0;-3.584;-3.327;0.0;0.0;0.0;2.422;2.333;1079.0;0.0;0.0;30.396;0.0;0.0
13;19.753;36.835;103072.31;1.2226;2.57338;-3.625;-3.599;-3.387;0.0;0.0;0.0;2.426;2.354;1143.0;0.0;0.0;30.396;0.0;0.0
14;19.753;36.835;103065.92;1.2225;2.57375;-3.25;-3.476;-3.359;0.0;0.0;0.0;2.385;2.344;1209.0;0.0;0.0;30.396;0.0;0.0
15;19.753;36.812;103070.0;1.2225;2.57375;-3.25;-3.397;-3.337;0.0;0.0;0.0;2.357;2.337;1273.0;0.0;0.0;30.375;0.0;0.0
16;19.753;36.835;103070.0;1.2225;2.57425;-2.75;-3.171;-3.22;0.0;0.0;0.0;2.277;2.295;1339.0;0.0;0.0;30.375;0.0;0.0
17;19.721;36.843;103069.89;1.2227;2.57413;-2.875;-3.067;-3.151;0.0;0.0;0.0;2.24;2.27;1403.0;0.0;0.0;30.374;0.0;0.0
18;19.753;36.828;103068.31;1.2225;2.574;-3.0;-3.044;-3.121;0.0;0.0;0.0;2.231;2.259;1469.0;0.0;0.0;30.375;0.0;0.0
19;19.753;36.843;103068.31;1.2225;2.57413;-2.875;-2.984;-3.071;0.0;0.0;0.0;2.21;2.242;1534.0;0.0;0.0;30.375;0.0;0.0
20;19.731;36.843;103066.445;1.2226;2.57388;-3.125;-3.034;-3.082;0.0;0.0;0.0;2.228;2.245;1599.0;0.0;0.0;30.419;0.0;0.0
21;19.753;36.828;103068.984;1.2225;2.57438;-2.625;-2.89;-2.991;0.0;0.0;0.0;2.175;2.212;1665.0;0.0;0.0;30.419;0.0;0.0
22;19.742;36.828;103068.984;1.2226;2.57338;-3.625;-3.147;-3.117;0.0;0.0;0.0;2.269;2.258;1729.0;0.0;0.0;30.419;0.0;0.0
23;19.764;36.835;103066.84;1.2225;2.57363;-3.375;-3.227;-3.169;0.0;0.0;0.0;2.298;2.277;1795.0;0.0;0.0;30.43;0.0;0.0
24;19.731;36.82;103069.05;1.2226;2.57363;-3.375;-3.279;-3.21;0.0;0.0;0.0;2.316;2.292;1859.0;0.0;0.0;30.385;0.0;0.0
25;19.731;36.835;103069.05;1.2226;2.57338;-3.625;-3.4;-3.293;0.0;0.0;0.0;2.358;2.321;1925.0;0.0;0.0;30.385;0.0;0.0
26;19.731;36.873;103067.19;1.2226;2.57413;-2.875;-3.216;-3.209;0.0;0.0;0.0;2.294;2.291;2991.0;1023.0;0.0;30.374;18.0;1023.84
27;19.731;36.828;103067.46;1.2226;2.57313;-3.875;-3.447;-3.342;0.0;0.0;0.0;2.374;2.338;3056.0;1023.0;0.0;30.386;18.0;1023.84
28;19.742;36.843;103067.62;1.2226;2.57388;-3.125;-3.334;-3.299;0.0;0.0;0.0;2.335;2.323;3122.0;1023.0;0.0;30.363;18.0;1023.84
29;19.742;36.843;103067.62;1.2226;2.57375;-3.25;-3.305;-3.289;0.0;0.0;0.0;2.325;2.32;3187.0;1023.0;0.0;30.363;18.0;1023.84
30;19.753;36.835;103068.805;1.2225;2.57375;-3.25;-3.285;-3.281;0.0;0.0;0.0;2.318;2.317;3253.0;1023.0;0.0;30.374;18.0;1023.84
31;19.731;36.843;103066.44;1.2226;2.57375;-3.25;-3.273;-3.275;0.0;0.0;0.0;2.314;2.315;3317.0;1023.0;0.0;30.318;18.0;1023.84
32;19.731;36.835;103066.44;1.2226;2.57375;-3.25;-3.265;-3.27;0.0;0.0;0.0;2.311;2.313;3383.0;1023.0;0.0;30.318;18.0;1023.84
33;19.753;36.828;103065.25;1.2225;2.57338;-3.625;-3.391;-3.341;0.0;0.0;0.0;2.355;2.338;3448.0;1023.0;0.0;30.396;18.0;1023.84
34;19.742;36.843;103067.19;1.2226;2.57338;-0.412;-2.348;-2.755;0.0;0.0;0.0;1.96;2.123;3514.0;1023.0;0.0;30.352;18.0;1023.84
35;19.731;36.843;103067.19;1.2226;2.574;0.213;-1.452;-2.162;0.213;0.59;0.59;1.541;1.88;3579.0;1023.0;0.0;30.352;18.0;990.3
36;19.753;36.843;103069.22;1.2225;2.57388;0.088;-0.913;-1.712;0.213;0.379;0.59;1.222;1.673;3645.0;1023.0;0.0;30.374;18.0;990.3
37;19.742;36.858;103065.66;1.2225;2.57363;-0.163;-0.65;-1.402;0.088;0.0;0.379;1.032;1.514;3710.0;1023.0;0.0;30.374;18.0;1002.31
38;19.731;36.835;103065.66;1.2226;2.574;0.213;-0.348;-1.079;0.213;0.59;0.59;0.755;1.329;3777.0;1023.0;0.0;30.374;18.0;990.3
39;19.731;36.835;103068.7;1.2226;2.57363;-0.163;-0.283;-0.896;0.213;0.0;0.59;0.681;1.21;3842.0;1023.0;0.0;30.407;18.0;990.3
40;19.753;36.843;103066.05;1.2225;2.5735;-0.287;-0.285;-0.774;0.213;0.0;0.59;0.683;1.125;3907.0;1023.0;0.0;30.396;18.0;990.3
41;19.742;36.835;103067.125;1.2226;2.574;0.213;-0.111;-0.577;0.213;0.59;0.59;0.426;0.971;3973.0;1023.0;0.0;30.396;18.0;990.3
42;19.721;36.866;103068.08;1.2227;2.57413;0.337;0.046;-0.394;0.213;0.743;0.59;0.275;0.803;5039.0;853.0;0.0;30.363;15.0;819.66
43;19.753;36.828;103070.0;1.2225;2.57325;-0.538;-0.158;-0.423;0.213;0.0;0.59;0.509;0.832;5104.0;853.0;0.0;30.386;15.0;819.66
44;19.742;36.835;103069.39;1.2226;2.5735;-0.287;-0.203;-0.396;0.213;0.0;0.59;0.577;0.804;5169.0;853.0;0.0;30.363;15.0;819.66
45;19.731;36.835;103067.8;1.2226;2.57338;-0.412;-0.277;-0.399;0.213;0.0;0.59;0.673;0.808;5234.0;853.0;0.0;30.363;15.0;819.66
46;19.742;36.82;103067.8;1.2226;2.57325;-0.538;-0.368;-0.427;0.213;0.0;0.59;0.776;0.835;5300.0;853.0;0.0;30.386;15.0;819.66
47;19.731;36.82;103067.97;1.2226;2.57363;-0.163;-0.296;-0.374;0.213;0.0;0.59;0.696;0.782;5365.0;853.0;0.0;30.408;15.0;819.66
48;19.731;36.82;103067.8;1.2226;2.57313;-0.662;-0.424;-0.432;0.213;0.0;0.59;0.833;0.84;5431.0;853.0;0.0;30.363;15.0;819.66
49;19.731;36.828;103067.8;1.2226;2.57375;-0.038;-0.289;-0.353;0.213;0.0;0.59;0.688;0.76;5496.0;853.0;0.0;30.363;15.0;819.66
50;19.731;36.828;103067.125;1.2226;2.57363;-0.163;-0.245;-0.315;0.213;0.0;0.59;0.633;0.718;5562.0;853.0;0.0;30.375;15.0;819.66
51;19.742;36.835;103069.33;1.2226;2.57388;0.088;-0.128;-0.234;0.213;0.379;0.59;0.458;0.619;5627.0;853.0;0.0;30.353;15.0;819.66
52;19.731;36.835;103069.33;1.2226;2.57375;-0.038;-0.097;-0.195;0.213;0.0;0.59;0.398;0.565;5693.0;853.0;0.0;30.353;15.0;819.66
53;19.731;36.835;103067.97;1.2226;2.57413;0.337;0.055;-0.088;0.213;0.743;0.59;0.301;0.38;5758.0;853.0;0.0;30.396;15.0;819.66
54;19.731;36.835;103070.28;1.2226;2.574;0.213;0.11;-0.028;0.213;0.59;0.59;0.425;0.215;5824.0;853.0;0.0;30.363;15.0;819.66
55;19.742;36.828;103070.28;1.2226;2.5735;-0.287;-0.029;-0.08;0.213;0.0;0.59;0.217;0.362;5890.0;853.0;0.0;30.363;15.0;819.66
56;19.731;36.828;103068.65;1.2226;2.57425;0.463;0.143;0.028;0.213;0.87;0.59;0.484;0.216;5955.0;853.0;0.0;30.396;15.0;819.66
57;19.764;36.82;103068.52;1.2225;2.57388;0.088;0.124;0.04;0.213;0.379;0.59;0.45;0.257;6021.0;853.0;0.0;30.363;15.0;819.66
58;19.731;36.828;103068.52;1.2226;2.57388;0.088;0.111;0.05;0.213;0.379;0.59;0.426;0.285;6086.0;853.0;0.0;30.363;15.0;819.66
59;19.731;36.828;103068.48;1.2226;2.57388;0.088;0.103;0.057;0.213;0.379;0.59;0.41;0.306;6152.0;853.0;0.0;30.341;15.0;819.66
60;19.742;36.828;103067.23;1.2226;2.574;0.213;0.141;0.088;0.213;0.59;0.59;0.481;0.38;6217.0;853.0;0.0;30.353;15.0;819.66
61;19.753;36.828;103067.23;1.2225;2.57425;0.463;0.254;0.163;0.213;0.87;0.59;0.644;0.517;6283.0;853.0;0.0;30.353;15.0;819.66
62;19.742;36.835;103068.65;1.2226;2.57338;-0.412;0.021;0.048;0.213;0.0;0.59;0.183;0.28;6347.0;853.0;0.0;30.341;15.0;819.66
63;19.731;36.835;103065.875;1.2226;2.57338;-0.412;-0.131;-0.044;0.213;0.0;0.59;0.463;0.268;6413.0;853.0;0.0;30.363;15.0;819.66
64;19.731;36.835;103065.875;1.2226;2.57338;-0.412;-0.229;-0.118;0.213;0.0;0.59;0.613;0.439;6478.0;853.0;0.0;30.363;15.0;819.66
65;19.753;36.843;103069.49;1.2225;2.57363;-0.163;-0.206;-0.127;0.213;0.0;0.59;0.581;0.455;6544.0;853.0;0.0;30.33;15.0;819.66
66;19.721;36.828;103070.445;1.2227;2.57413;0.337;-0.016;-0.034;0.213;0.743;0.59;0.161;0.235;6609.0;853.0;0.0;30.363;15.0;819.66
67;19.753;36.828;103070.445;1.2225;2.57413;0.337;0.108;0.04;0.213;0.743;0.59;0.42;0.257;6675.0;853.0;0.0;30.363;15.0;819.66
68;19.742;36.82;103067.52;1.2226;2.57363;-0.163;0.013;-0.0;0.213;0.0;0.59;0.147;0.016;6740.0;853.0;0.0;30.374;15.0;819.66
69;19.721;36.843;103068.24;1.2227;2.573;-0.787;-0.267;-0.158;0.213;0.0;0.59;0.661;0.508;6806.0;853.0;0.0;30.353;15.0;819.66
70;19.764;36.835;103068.24;1.2225;2.57388;0.088;-0.143;-0.109;0.213;0.379;0.59;0.484;0.421;6872.0;853.0;0.0;30.353;15.0;819.66
71;19.753;36.835;103067.86;1.2225;2.5735;-0.287;-0.193;-0.144;0.213;0.0;0.59;0.563;0.486;6937.0;853.0;0.0;30.329;15.0;819.66
72;19.753;36.835;103069.22;1.2225;2.5735;-0.287;-0.226;-0.173;0.213;0.0;0.59;0.609;0.532;7003.0;853.0;0.0;30.352;15.0;819.66
73;19.731;36.82;103069.22;1.2226;2.574;0.213;-0.073;-0.096;0.213;0.59;0.59;0.345;0.396;7068.0;853.0;0.0;30.352;15.0;819.66
74;19.753;36.843;103068.14;1.2225;2.57375;-0.038;-0.06;-0.084;0.213;0.0;0.59;0.314;0.371;7134.0;853.0;0.0;30.353;15.0;819.66
75;19.753;36.82;103069.83;1.2225;2.57375;-0.038;-0.052;-0.075;0.213;0.0;0.59;0.293;0.35;7199.0;853.0;0.0;30.363;15.0;819.66
76;19.742;36.828;103069.83;1.2226;2.5735;-0.287;-0.135;-0.117;0.213;0.0;0.59;0.469;0.438;7265.0;853.0;0.0;30.363;15.0;819.66
77;19.731;36.82;103069.55;1.2226;2.5735;-0.287;-0.188;-0.151;0.213;0.0;0.59;0.555;0.498;7330.0;853.0;0.0;30.352;15.0;819.66
78;19.731;36.835;103067.11;1.2226;2.57388;0.088;-0.092;-0.104;0.213;0.379;0.59;0.387;0.412;7396.0;853.0;0.0;30.419;15.0;819.66
79;19.731;36.835;103067.11;1.2226;2.57375;-0.038;-0.073;-0.09;0.213;0.0;0.59;0.345;0.385;7461.0;853.0;0.0;30.419;15.0;819.66
80;19.753;36.82;103067.62;1.2225;2.57375;-0.038;-0.06;-0.08;0.213;0.0;0.59;0.314;0.361;7527.0;853.0;0.0;30.396;15.0;819.66
81;19.742;36.828;103066.67;1.2225;2.57363;-0.163;-0.096;-0.096;0.213;0.0;0.59;0.397;0.397;7592.0;853.0;0.0;30.341;15.0;819.66
82;19.764;36.82;103066.67;1.2225;2.57375;-0.038;-0.076;-0.085;0.213;0.0;0.59;0.352;0.372;7658.0;853.0;0.0;30.341;15.0;819.66
83;19.731;36.828;103067.11;1.2226;2.574;0.213;0.025;-0.025;0.213;0.59;0.59;0.203;0.203;7724.0;853.0;0.0;30.352;15.0;819.66
84;19.753;36.843;103070.78;1.2225;2.5735;-0.287;-0.084;-0.078;0.213;0.0;0.59;0.371;0.356;7789.0;853.0;0.0;30.33;15.0;819.66
85;19.742;36.835;103068.75;1.2226;2.5735;-0.287;-0.155;-0.12;0.213;0.0;0.59;0.504;0.442;7855.0;853.0;0.0;30.33;15.0;819.66
86;19.731;36.828;103067.86;1.2226;2.57363;-0.163;-0.158;-0.128;0.213;0.0;0.59;0.508;0.458;7920.0;853.0;0.0;30.352;15.0;819.66
87;19.731;36.881;103066.94;1.2226;2.57313;-0.662;-0.334;-0.235;0.213;0.0;0.59;0.74;0.62;8985.0;324.0;0.0;30.363;5.7;290.68
88;19.721;36.82;103069.49;1.2227;2.57363;-0.163;-0.274;-0.221;0.213;0.0;0.59;0.67;0.601;9051.0;324.0;0.0;30.319;5.7;290.68
89;19.742;36.843;103069.49;1.2226;2.57388;0.088;-0.148;-0.159;0.213;0.379;0.59;0.491;0.51;9116.0;324.0;0.0;30.319;5.7;290.68
90;19.731;36.835;103068.14;1.2226;2.57363;-0.163;-0.153;-0.16;0.213;0.0;0.59;0.5;0.511;9182.0;324.0;0.0;30.386;5.7;290.68
91;19.721;36.828;103066.445;1.2226;2.57388;0.088;-0.069;-0.11;0.213;0.379;0.59;0.335;0.425;9246.0;324.0;0.0;30.33;5.7;290.68
92;19.731;36.843;103068.984;1.2226;2.57363;-0.163;-0.102;-0.121;0.213;0.0;0.59;0.408;0.444;9312.0;324.0;0.0;30.353;5.7;290.68
93;19.731;36.82;103068.984;1.2226;2.57375;-0.038;-0.079;-0.104;0.213;0.0;0.59;0.36;0.413;9377.0;324.0;0.0;30.353;5.7;290.68
94;19.721;36.828;103069.39;1.2227;2.57338;-0.412;-0.196;-0.166;0.088;0.0;0.379;0.566;0.521;9443.0;324.0;0.0;30.341;5.7;302.69
95;19.742;36.843;103065.83;1.2225;2.57338;-0.412;-0.272;-0.215;0.088;0.0;0.379;0.667;0.593;9508.0;324.0;0.0;30.363;5.7;302.69
96;19.742;36.835;103065.83;1.2225;2.57313;-0.662;-0.408;-0.305;0.088;0.0;0.379;0.817;0.706;9574.0;324.0;0.0;30.363;5.7;302.69
97;19.731;36.843;103071.016;1.2226;2.57338;-0.412;-0.41;-0.326;0.088;0.0;0.379;0.819;0.73;9639.0;324.0;0.0;30.341;5.7;302.69
98;19.753;36.835;103070.17;1.2225;2.57325;-0.538;-0.455;-0.368;0.213;0.0;0.59;0.862;0.776;9705.0;324.0;0.0;30.386;5.7;290.68
99;19.731;36.835;103070.17;1.2226;2.5735;-0.287;-0.396;-0.352;0.213;0.0;0.59;0.805;0.759;9771.0;324.0;0.0;30.386;5.7;290.68
100;19.742;36.835;103068.97;1.2226;2.57275;-1.038;-0.621;-0.489;0.213;0.0;0.59;1.008;0.895;9836.0;324.0;0.0;30.352;5.7;290.68
101;19.742;36.835;103066.445;1.2225;2.57375;-0.038;-0.417;-0.399;0.088;0.0;0.379;0.825;0.808;9902.0;324.0;0.0;30.375;5.7;302.69
102;19.731;36.835;103066.445;1.2226;2.574;0.213;-0.196;-0.277;0.213;0.59;0.59;0.567;0.673;9966.0;324.0;0.0;30.375;5.7;290.68
103;19.742;36.835;103070.234;1.2226;2.57375;-0.038;-0.141;-0.229;0.213;0.0;0.59;0.48;0.612;10032.0;324.0;0.0;30.329;5.7;290.68
104;19.731;36.835;103067.86;1.2226;2.57388;0.088;-0.061;-0.166;0.213;0.379;0.59;0.316;0.52;10097.0;324.0;0.0;30.352;5.7;290.68
105;19.742;36.835;103067.86;1.2226;2.57388;0.088;-0.009;-0.115;0.088;0.379;0.379;0.121;0.434;10163.0;324.0;0.0;30.352;5.7;302.69
106;19.753;36.82;103068.47;1.2225;2.57388;0.088;0.025;-0.074;0.088;0.379;0.379;0.202;0.349;10228.0;324.0;0.0;30.329;5.7;302.69
107;19.742;36.843;103068.47;1.2226;2.574;0.213;0.091;-0.017;0.088;0.59;0.379;0.385;0.167;10294.0;324.0;0.0;30.352;5.7;302.69
108;19.731;36.843;103068.47;1.2226;2.57363;-0.163;0.002;-0.046;0.088;0.0;0.379;0.057;0.275;10359.0;324.0;0.0;30.352;5.7;302.69
109;19.753;36.843;103067.28;1.2225;2.57325;-0.538;-0.187;-0.144;0.088;0.0;0.379;0.553;0.486;10425.0;324.0;0.0;30.329;5.7;302.69
110;19.731;36.812;103066.78;1.2226;2.5735;-0.287;-0.222;-0.173;0.088;0.0;0.379;0.603;0.532;10490.0;324.0;0.0;30.341;5.7;302.69
111;19.742;36.82;103066.78;1.2225;2.57388;0.088;-0.114;-0.121;0.088;0.379;0.379;0.431;0.445;10556.0;324.0;0.0;30.341;5.7;302.69
112;19.742;36.828;103066.17;1.2225;2.57363;-0.163;-0.131;-0.129;0.088;0.0;0.379;0.463;0.46;10621.0;324.0;0.0;30.407;5.7;302.69
113;19.731;36.843;103066.17;1.2226;2.5735;-0.287;-0.186;-0.161;0.088;0.0;0.379;0.551;0.513;10687.0;324.0;0.0;30.341;5.7;302.69
114;19.742;36.835;103066.17;1.2225;2.57413;0.337;-0.003;-0.061;0.088;0.743;0.379;0.065;0.316;10753.0;324.0;0.0;30.341;5.7;302.69
115;19.742;36.835;103066.17;1.2225;2.57375;-0.038;-0.015;-0.056;0.088;0.0;0.379;0.156;0.304;10818.0;324.0;0.0;30.352;5.7;302.69
116;19.721;36.843;103067.97;1.2227;2.57413;0.337;0.108;0.022;0.088;0.743;0.379;0.421;0.191;10884.0;324.0;0.0;30.386;5.7;302.69
117;19.721;36.858;103067.97;1.2227;2.57388;0.088;0.101;0.035;0.088;0.379;0.379;0.407;0.24;10949.0;324.0;0.0;30.386;5.7;302.69
118;19.731;36.843;103069.05;1.2226;2.57325;-0.538;-0.122;-0.079;0.088;0.0;0.379;0.447;0.36;11015.0;324.0;0.0;30.341;5.7;302.69
119;19.731;36.828;103069.555;1.2226;2.57375;-0.038;-0.093;-0.071;0.088;0.0;0.379;0.389;0.341;11080.0;324.0;0.0;30.352;5.7;302.69
120;19.731;36.843;103069.555;1.2226;2.57375;-0.038;-0.073;-0.064;0.088;0.0;0.379;0.347;0.324;11146.0;324.0;0.0;30.352;5.7;302.69
121;19.731;36.843;103069.984;1.2226;2.5735;-0.287;-0.148;-0.109;0.088;0.0;0.379;0.493;0.422;11211.0;324.0;0.0;30.396;5.7;302.69
122;19.731;36.85;103068.805;1.2226;2.57388;0.088;-0.066;-0.07;0.088;0.379;0.379;0.328;0.337;11277.0;324.0;0.0;30.385;5.7;302.69
123;19.731;36.835;103068.805;1.2226;2.57388;0.088;-0.012;-0.038;0.088;0.379;0.379;0.141;0.25;11342.0;324.0;0.0;30.385;5.7;302.69
124;19.731;36.843;103066.44;1.2226;2.57338;-0.412;-0.152;-0.113;0.088;0.0;0.379;0.499;0.43;11408.0;324.0;0.0;30.374;5.7;302.69
125;19.731;36.858;103065.76;1.2226;2.57325;-0.538;-0.287;-0.198;0.088;0.0;0.379;0.685;0.569;11473.0;324.0;0.0;30.396;5.7;302.69
126;19.731;36.843;103065.76;1.2226;2.5735;-0.287;-0.287;-0.216;0.088;0.0;0.379;0.685;0.594;11539.0;324.0;0.0;30.396;5.7;302.69
127;19.731;36.843;103066.16;1.2226;2.57363;-0.163;-0.244;-0.205;0.088;0.0;0.379;0.631;0.579;11603.0;324.0;0.0;30.329;5.7;302.69
128;19.753;36.85;103068.984;1.2225;2.57375;-0.038;-0.171;-0.172;0.088;0.0;0.379;0.53;0.53;11669.0;324.0;0.0;30.353;5.7;302.69
129;19.742;36.843;103068.984;1.2226;2.57338;-0.412;-0.256;-0.22;0.088;0.0;0.379;0.647;0.6;11735.0;324.0;0.0;30.353;5.7;302.69
130;19.731;36.858;103067.95;1.2226;2.5735;-0.287;-0.267;-0.233;0.088;0.0;0.379;0.661;0.618;11800.0;324.0;0.0;30.385;5.7;302.69
131;19.753;36.835;103067.28;1.2225;2.573;-0.787;-0.449;-0.344;0.088;0.0;0.379;0.857;0.75;11866.0;324.0;0.0;30.329;5.7;302.69
132;19.731;36.828;103066.94;1.2226;2.57325;-0.538;-0.48;-0.383;0.088;0.0;0.379;0.886;0.791;11931.0;324.0;0.0;30.329;5.7;302.69
133;19.742;36.85;103066.94;1.2225;2.57325;-0.538;-0.5;-0.414;0.088;0.0;0.379;0.905;0.823;11997.0;324.0;0.0;30.341;5.7;302.69
134;19.742;36.835;103067.46;1.2226;2.57313;-0.662;-0.557;-0.464;0.088;0.0;0.379;0.955;0.871;12062.0;324.0;0.0;30.375;5.7;302.69
135;19.731;36.843;103068.97;1.2226;2.57325;-0.538;-0.55;-0.478;0.088;0.0;0.379;0.949;0.885;12128.0;324.0;0.0;30.385;5.7;302.69
136;19.753;36.858;103068.97;1.2225;2.573;-0.787;-0.633;-0.54;0.088;0.0;0.379;1.018;0.94;12193.0;324.0;0.0;30.385;5.7;302.69
137;19.753;36.843;103069.16;1.2225;2.57338;-0.412;-0.556;-0.515;0.088;0.0;0.379;0.954;0.918;12259.0;324.0;0.0;30.33;5.7;302.69
138;19.731;36.835;103067.95;1.2226;2.57325;-0.538;-0.549;-0.519;0.088;0.0;0.379;0.948;0.922;12324.0;324.0;0.0;30.363;5.7;302.69
139;19.764;36.835;103067.95;1.2225;2.57313;-0.662;-0.589;-0.548;0.088;0.0;0.379;0.982;0.947;12390.0;324.0;0.0;30.363;5.7;302.68
140;19.742;36.843;103067.35;1.2226;2.57313;-0.662;-0.615;-0.571;0.088;0.0;0.379;1.003;0.966;12455.0;324.0;0.0;30.385;5.7;302.69
141;19.753;36.843;103069.22;1.2225;2.57313;-0.662;-0.631;-0.589;0.088;0.0;0.379;1.016;0.982;12521.0;324.0;0.0;30.363;5.7;302.69
142;19.742;36.843;103069.22;1.2226;2.57388;0.088;-0.38;-0.454;0.088;0.379;0.379;0.788;0.862;12587.0;324.0;0.0;30.363;5.7;302.69
143;19.764;36.843;103068.37;1.2225;2.5735;-0.287;-0.347;-0.421;0.088;0.0;0.379;0.754;0.829;12652.0;324.0;0.0;30.318;5.7;302.68
144;19.753;36.843;103067.734;1.2225;2.57363;-0.163;-0.283;-0.369;0.088;0.0;0.379;0.68;0.777;12718.0;324.0;0.0;30.363;5.7;302.69
145;19.753;36.835;103067.734;1.2225;2.5735;-0.287;-0.284;-0.353;0.088;0.0;0.379;0.682;0.76;12783.0;324.0;0.0;30.363;5.7;302.69
146;19.721;36.843;103067.56;1.2227;2.573;-0.787;-0.46;-0.44;0.088;0.0;0.379;0.868;0.848;12848.0;324.0;0.0;30.363;5.7;302.69
147;19.764;36.858;103069.59;1.2225;2.57313;-0.662;-0.531;-0.484;0.088;0.0;0.379;0.932;0.89;12913.0;324.0;0.0;30.363;5.7;302.69
148;19.753;36.858;103069.59;1.2225;2.57338;-0.412;-0.49;-0.47;0.088;0.0;0.379;0.895;0.877;12979.0;324.0;0.0;30.363;5.7;302.69
149;19.753;36.843;103066.84;1.2225;2.5735;-0.287;-0.419;-0.433;0.088;0.0;0.379;0.828;0.842;13044.0;324.0;0.0;30.374;5.7;302.69
150;19.742;36.835;103068.08;1.2226;2.57363;-0.163;-0.329;-0.379;0.088;0.0;0.379;0.734;0.788;13110.0;324.0;0.0;30.375;5.7;302.69
151;19.753;36.835;103068.08;1.2225;2.57413;0.337;-0.096;-0.236;0.088;0.743;0.379;0.396;0.621;13175.0;324.0;0.0;30.375;5.7;302.69
152;19.742;36.843;103067.016;1.2225;2.57388;0.088;-0.032;-0.171;0.088;0.379;0.379;0.227;0.529;13241.0;324.0;0.0;30.363;5.7;302.69
153;19.731;36.85;103065.59;1.2226;2.57363;-0.163;-0.077;-0.169;0.088;0.0;0.379;0.356;0.526;13306.0;324.0;0.0;30.353;5.7;302.69
154;19.731;36.835;103065.59;1.2226;2.5735;-0.287;-0.151;-0.193;0.088;0.0;0.379;0.497;0.562;13372.0;324.0;0.0;30.353;5.7;302.69
155;19.742;36.843;103064.92;1.2225;2.57338;-0.412;-0.242;-0.237;0.088;0.0;0.379;0.63;0.623;13437.0;324.0;0.0;30.308;5.7;302.69
156;19.731;36.843;103065.64;1.2226;2.574;0.213;-0.083;-0.147;0.088;0.59;0.379;0.369;0.49;13503.0;324.0;0.0;30.375;5.7;302.69
157;19.721;36.843;103065.64;1.2226;2.57325;-0.538;-0.242;-0.225;0.088;0.0;0.379;0.629;0.607;13569.0;324.0;0.0;30.375;5.7;302.69
158;19.731;36.85;103066.89;1.2226;2.5735;-0.287;-0.258;-0.238;0.088;0.0;0.379;0.65;0.623;13634.0;324.0;0.0;30.341;5.7;302.69
159;19.742;36.835;103067.91;1.2226;2.57363;-0.163;-0.225;-0.223;0.088;0.0;0.379;0.606;0.603;13699.0;324.0;0.0;30.363;5.7;302.69
160;19.731;36.843;103067.91;1.2226;2.57388;0.088;-0.115;-0.161;0.088;0.379;0.379;0.434;0.512;13764.0;324.0;0.0;30.363;5.7;302.69
161;19.731;36.85;103065.83;1.2226;2.57363;-0.163;-0.132;-0.161;0.088;0.0;0.379;0.464;0.513;13830.0;324.0;0.0;30.396;5.7;302.69
162;19.742;36.858;103069.33;1.2226;2.57375;-0.038;-0.099;-0.136;0.088;0.0;0.379;0.402;0.472;13895.0;324.0;0.0;30.33;5.7;302.69
163;19.721;36.843;103069.33;1.2227;2.57363;-0.163;-0.121;-0.142;0.088;0.0;0.379;0.445;0.481;13961.0;324.0;0.0;30.33;5.7;302.69
164;19.753;36.835;103064.984;1.2225;2.57363;-0.163;-0.136;-0.146;0.088;0.0;0.379;0.471;0.488;14026.0;324.0;0.0;30.363;5.7;302.69
165;19.731;36.858;103067.125;1.2226;2.57375;-0.038;-0.101;-0.124;0.088;0.0;0.379;0.407;0.451;14092.0;324.0;0.0;30.319;5.7;302.69
166;19.731;36.835;103067.125;1.2226;2.574;0.213;0.009;-0.057;0.213;0.59;0.59;0.118;0.305;14157.0;324.0;0.0;30.319;5.7;290.68
167;19.753;36.843;103067.734;1.2225;2.57338;-0.412;-0.139;-0.128;0.088;0.0;0.379;0.477;0.457;14223.0;324.0;0.0;30.375;5.7;302.69
168;19.742;36.843;103066.05;1.2225;2.574;0.213;-0.016;-0.06;0.213;0.59;0.59;0.161;0.313;14288.0;65.0;1.0;30.33;5.7;290.68
169;19.742;36.835;103066.05;1.2225;2.57413;0.337;0.108;0.02;0.213;0.743;0.59;0.42;0.179;14354.0;71.0;1.0;30.33;5.7;290.68
170;19.742;36.843;103067.86;1.2226;2.5735;-0.287;-0.031;-0.042;0.213;0.0;0.59;0.223;0.261;14419.0;77.0;1.0;30.341;5.7;290.68
171;19.753;36.843;103067.3;1.2225;2.57325;-0.538;-0.208;-0.141;0.213;0.0;0.59;0.583;0.48;14485.0;84.0;1.0;30.341;5.7;290.68
172;19.731;36.835;103067.3;1.2226;2.5735;-0.287;-0.236;-0.17;0.213;0.0;0.59;0.621;0.528;14551.0;90.0;1.0;30.341;5.7;290.68
173;19.742;36.843;103070.51;1.2226;2.57363;-0.163;-0.21;-0.169;0.213;0.0;0.59;0.586;0.525;14616.0;96.0;1.0;30.341;5.7;290.68
174;19.742;36.85;103068.016;1.2226;2.57338;-0.412;-0.281;-0.217;0.213;0.0;0.59;0.678;0.596;14682.0;102.0;1.0;30.408;5.7;290.68
175;19.742;36.835;103066.28;1.2225;2.57375;-0.038;-0.196;-0.181;0.213;0.0;0.59;0.566;0.545;14747.0;108.0;1.0;30.408;5.7;290.68
176;19.721;36.85;103066.28;1.2226;2.57375;-0.038;-0.14;-0.153;0.213;0.0;0.59;0.479;0.5;14813.0;115.0;1.0;30.363;5.7;290.68
177;19.731;36.835;103071.46;1.2227;2.57363;-0.163;-0.148;-0.155;0.213;0.0;0.59;0.492;0.503;14878.0;121.0;1.0;30.419;5.7;290.68
178;19.753;36.843;103070.61;1.2225;2.57363;-0.163;-0.153;-0.156;0.213;0.0;0.59;0.501;0.506;14945.0;127.0;1.0;30.363;5.7;290.68
179;19.731;36.843;103070.61;1.2226;2.57375;-0.038;-0.113;-0.132;0.213;0.0;0.59;0.429;0.466;15010.0;133.0;1.0;30.363;5.7;290.68
180;19.731;36.843;103069.664;1.2226;2.57363;-0.163;-0.13;-0.139;0.213;0.0;0.59;0.461;0.476;15076.0;140.0;1.0;30.33;5.7;290.68
181;19.742;36.843;103068.414;1.2226;2.5735;-0.287;-0.185;-0.168;0.213;0.0;0.59;0.55;0.525;15141.0;146.0;1.0;30.341;5.7;290.68
182;19.721;36.85;103068.414;1.2227;2.57375;-0.038;-0.134;-0.142;0.213;0.0;0.59;0.467;0.482;15207.0;152.0;1.0;30.341;5.7;290.68
183;19.742;36.858;103068.58;1.2226;2.57313;-0.662;-0.319;-0.246;0.213;0.0;0.59;0.722;0.635;15272.0;158.0;1.0;30.363;5.7;290.68
184;19.731;36.85;103069.03;1.2226;2.57363;-0.163;-0.264;-0.229;0.213;0.0;0.59;0.657;0.613;15338.0;164.0;1.0;30.363;5.7;290.68
185;19.742;36.835;103069.03;1.2226;2.57388;0.088;-0.141;-0.166;0.213;0.379;0.59;0.48;0.521;15404.0;171.0;1.0;30.363;5.7;290.68
186;19.753;36.843;103067.56;1.2225;2.5735;-0.287;-0.192;-0.19;0.213;0.0;0.59;0.561;0.558;15469.0;177.0;1.0;30.363;5.7;290.68
187;19.742;36.85;103066.72;1.2225;2.57363;-0.163;-0.182;-0.185;0.213;0.0;0.59;0.545;0.55;15536.0;183.0;1.0;30.341;5.7;290.68
188;19.731;36.866;103066.72;1.2226;2.57375;-0.038;-0.131;-0.155;0.213;0.0;0.59;0.464;0.504;15601.0;189.0;1.0;30.341;5.7;290.68
189;19.753;36.843;103066.51;1.2225;2.57363;-0.163;-0.142;-0.157;0.213;0.0;0.59;0.482;0.506;15667.0;196.0;1.0;30.352;5.7;290.68
190;19.731;36.843;103069.61;1.2226;2.57363;-0.163;-0.149;-0.158;0.213;0.0;0.59;0.494;0.508;15732.0;202.0;1.0;30.364;5.7;290.68
191;19.742;36.85;103069.61;1.2226;2.57338;-0.412;-0.241;-0.209;0.213;0.0;0.59;0.628;0.584;15798.0;208.0;1.0;30.364;5.7;290.68
192;19.731;36.843;103067.84;1.2226;2.5735;-0.287;-0.258;-0.225;0.213;0.0;0.59;0.649;0.606;15863.0;214.0;1.0;30.363;5.7;290.68
193;19.731;36.858;103068.42;1.2226;2.57325;-0.538;-0.356;-0.287;0.213;0.0;0.59;0.763;0.685;15929.0;220.0;1.0;30.364;5.7;290.68
194;19.731;36.85;103068.42;1.2226;2.5735;-0.287;-0.332;-0.287;0.213;0.0;0.59;0.737;0.685;15994.0;227.0;1.0;30.364;5.7;290.68
195;19.742;36.843;103068.58;1.2226;2.574;0.213;-0.141;-0.187;0.213;0.59;0.59;0.481;0.553;16060.0;233.0;1.0;30.386;5.7;290.68
196;19.731;36.85;103065.875;1.2226;2.57388;0.088;-0.061;-0.132;0.213;0.379;0.59;0.316;0.465;16126.0;239.0;1.0;30.375;5.7;290.68
197;19.742;36.843;103065.875;1.2225;2.57375;-0.038;-0.053;-0.113;0.213;0.0;0.59;0.294;0.431;16192.0;245.0;1.0;30.375;5.7;290.68
198;19.764;36.858;103065.875;1.2224;2.574;0.213;0.04;-0.048;0.213;0.59;0.59;0.256;0.281;16258.0;252.0;1.0;30.341;5.7;290.68
199;19.731;36.843;103064.35;1.2226;2.57388;0.088;0.057;-0.021;0.213;0.379;0.59;0.304;0.185;16323.0;258.0;1.0;30.353;5.7;290.68
200;19.753;36.843;103064.35;1.2225;2.57363;-0.163;-0.02;-0.049;0.213;0.0;0.59;0.181;0.284;16389.0;264.0;1.0;30.353;5.7;290.68
201;19.753;36.85;103067.56;1.2225;2.57375;-0.038;-0.026;-0.047;0.213;0.0;0.59;0.207;0.277;16454.0;270.0;1.0;30.33;5.7;290.68
202;19.742;36.85;103068.08;1.2226;2.574;0.213;0.057;0.005;0.213;0.59;0.59;0.306;0.09;16520.0;276.0;1.0;30.363;5.7;290.68
203;19.764;36.858;103068.08;1.2225;2.57425;0.463;0.199;0.096;0.213;0.87;0.59;0.571;0.397;16585.0;283.0;1.0;30.363;5.7;290.68
204;19.742;36.858;103064.25;1.2225;2.57338;-0.412;-0.015;-0.005;0.213;0.0;0.59;0.156;0.093;16652.0;289.0;1.0;30.33;5.7;290.68
205;19.753;36.858;103067.8;1.2225;2.57363;-0.163;-0.067;-0.037;0.213;0.0;0.59;0.33;0.245;16717.0;295.0;1.0;30.341;5.7;290.68
206;19.71;36.858;103067.8;1.2227;2.57425;0.463;0.119;0.063;0.213;0.87;0.59;0.441;0.321;16783.0;301.0;1.0;30.341;5.7;290.68
207;19.742;36.858;103067.35;1.2226;2.57425;0.463;0.239;0.143;0.213;0.87;0.59;0.625;0.484;16848.0;307.0;1.0;30.363;5.7;290.68
208;19.742;36.85;103067.8;1.2226;2.5735;-0.287;0.055;0.057;0.213;0.0;0.59;0.299;0.305;16914.0;314.0;1.0;30.353;5.7;290.68
209;19.742;36.858;103067.46;1.2226;2.57375;-0.038;0.022;0.038;0.213;0.0;0.59;0.192;0.249;16979.0;320.0;1.0;30.353;5.7;290.68
210;19.742;36.85;103067.46;1.2226;2.57388;0.088;0.045;0.048;0.213;0.379;0.59;0.272;0.28;17045.0;326.0;1.0;30.341;5.7;290.68
211;19.764;36.843;103065.83;1.2224;2.57388;0.088;0.06;0.056;0.213;0.379;0.59;0.313;0.302;17111.0;333.0;1.0;30.363;5.7;290.68
212;19.731;36.835;103068.65;1.2226;2.574;0.213;0.113;0.087;0.213;0.59;0.59;0.431;0.378;17177.0;339.0;1.0;30.341;5.7;290.68
213;19.753;36.858;103068.65;1.2225;2.57363;-0.163;0.017;0.037;0.213;0.0;0.59;0.166;0.247;17243.0;345.0;1.0;30.341;5.7;290.68
214;19.731;36.858;103064.14;1.2226;2.57425;0.463;0.173;0.122;0.213;0.87;0.59;0.532;0.447;17308.0;351.0;1.0;30.363;5.7;290.68
215;19.742;36.858;103065.266;1.2225;2.57363;-0.163;0.055;0.065;0.213;0.0;0.59;0.301;0.327;17374.0;357.0;1.0;30.341;5.7;290.68
216;19.753;36.866;103065.266;1.2225;2.57388;0.088;0.067;0.07;0.213;0.379;0.59;0.33;0.338;17439.0;363.0;1.0;30.341;5.7;290.68
217;19.742;36.866;103067.016;1.2225;2.57438;0.588;0.249;0.173;0.213;0.98;0.59;0.638;0.533;17505.0;370.0;1.0;30.296;5.7;290.68
218;19.721;36.85;103068.58;1.2227;2.57363;-0.163;0.105;0.106;0.213;0.0;0.59;0.414;0.417;17571.0;376.0;1.0;30.341;5.7;290.68
219;19.731;36.858;103068.58;1.2226;2.57375;-0.038;0.055;0.077;0.213;0.0;0.59;0.3;0.356;17637.0;382.0;1.0;30.341;5.7;290.68
220;19.753;36.858;103068.19;1.2225;2.57375;-0.038;0.023;0.054;0.213;0.0;0.59;0.192;0.298;17702.0;388.0;1.0;30.353;5.7;290.68
221;19.742;36.85;103065.09;1.2225;2.57363;-0.163;-0.042;0.011;0.213;0.0;0.59;0.263;0.134;17768.0;395.0;1.0;30.353;5.7;290.68
222;19.731;36.85;103065.09;1.2226;2.57363;-0.163;-0.084;-0.024;0.213;0.0;0.59;0.371;0.197;17833.0;401.0;1.0;30.353;5.7;290.68
223;19.731;36.843;103065.83;1.2226;2.57388;0.088;-0.024;-0.001;0.213;0.379;0.59;0.199;0.048;17899.0;407.0;1.0;30.341;5.7;290.68
224;19.731;36.85;103066.55;1.2226;2.57363;-0.163;-0.073;-0.034;0.213;0.0;0.59;0.345;0.235;17966.0;413.0;1.0;30.33;5.7;290.68
225;19.731;36.858;103066.55;1.2226;2.57388;0.088;-0.017;-0.009;0.213;0.379;0.59;0.164;0.124;18031.0;420.0;1.0;30.33;5.7;290.68
226;19.731;36.843;103066.11;1.2226;2.57375;-0.038;-0.024;-0.015;0.213;0.0;0.59;0.198;0.157;18097.0;426.0;1.0;30.297;5.7;290.68
227;19.742;36.85;103066.16;1.2225;2.57338;-0.412;-0.16;-0.095;0.213;0.0;0.59;0.511;0.393;18162.0;432.0;1.0;30.341;5.7;290.68
228;19.731;36.858;103066.16;1.2226;2.57388;0.088;-0.073;-0.058;0.213;0.379;0.59;0.346;0.308;18228.0;438.0;1.0;30.341;5.7;290.68
229;19.731;36.843;103068.37;1.2226;2.57388;0.088;-0.017;-0.029;0.213;0.379;0.59;0.167;0.218;18293.0;444.0;1.0;30.307;5.7;290.68
230;19.742;36.843;103069.09;1.2226;2.57388;0.088;0.02;-0.006;0.088;0.379;0.379;0.179;0.096;18360.0;454.0;1.0;30.341;5.7;302.69
231;19.753;36.873;103069.09;1.2225;2.57338;-0.412;-0.132;-0.087;0.088;0.0;0.379;0.464;0.377;18425.0;460.0;1.0;30.341;5.7;302.69
232;19.764;36.85;103068.92;1.2225;2.57375;-0.038;-0.099;-0.077;0.088;0.0;0.379;0.402;0.355;18491.0;467.0;1.0;30.308;5.7;302.69
233;19.753;36.85;103067.91;1.2225;2.57413;0.337;0.054;0.006;0.213;0.743;0.59;0.297;0.097;18556.0;470.0;1.0;30.33;5.7;290.68
234;19.742;36.858;103067.91;1.2226;2.57338;-0.412;-0.109;-0.078;0.088;0.0;0.379;0.423;0.357;18622.0;479.0;1.0;30.33;5.7;302.69
235;19.742;36.85;103068.14;1.2226;2.57375;-0.038;-0.084;-0.07;0.088;0.0;0.379;0.371;0.338;18688.0;486.0;1.0;30.33;5.7;302.69
236;19.731;36.858;103065.875;1.2226;2.57388;0.088;-0.024;-0.038;0.088;0.379;0.379;0.198;0.25;18754.0;492.0;1.0;30.341;5.7;302.69
237;19.731;36.866;103065.875;1.2226;2.57438;0.588;0.19;0.087;0.213;0.98;0.59;0.558;0.377;18820.0;496.0;1.0;30.341;5.7;290.68
238;19.742;36.858;103065.49;1.2225;2.57363;-0.163;0.067;0.037;0.088;0.0;0.379;0.33;0.246;18885.0;505.0;1.0;30.329;5.7;302.69
239;19.764;36.858;103067.52;1.2225;2.57375;-0.038;0.03;0.022;0.088;0.0;0.379;0.222;0.19;18951.0;512.0;1.0;30.329;5.7;302.68
240;19.753;36.866;103067.52;1.2225;2.57325;-0.538;-0.169;-0.09;0.088;0.0;0.379;0.525;0.383;19016.0;518.0;1.0;30.329;5.7;302.69
241;19.753;36.866;103066.28;1.2225;2.57338;-0.412;-0.254;-0.154;0.088;0.0;0.379;0.644;0.503;19082.0;525.0;1.0;30.353;5.7;302.69
242;19.731;36.858;103067.734;1.2226;2.57375;-0.038;-0.178;-0.131;0.088;0.0;0.379;0.54;0.463;19148.0;531.0;1.0;30.375;5.7;302.69
243;19.742;36.866;103068.86;1.2226;2.57338;-0.412;-0.26;-0.187;0.088;0.0;0.379;0.652;0.554;19214.0;537.0;1.0;30.353;5.7;302.69
244;19.731;36.858;103068.86;1.2226;2.57338;-0.412;-0.313;-0.232;0.088;0.0;0.379;0.716;0.616;19279.0;544.0;1.0;30.353;5.7;302.69
245;19.731;36.858;103066.38;1.2226;2.57375;-0.038;-0.217;-0.193;0.088;0.0;0.379;0.596;0.562;19345.0;550.0;1.0;30.341;5.7;302.69
246;19.731;36.866;103065.47;1.2226;2.57363;-0.163;-0.198;-0.187;0.088;0.0;0.379;0.569;0.553;19410.0;557.0;1.0;30.353;5.7;302.69
247;19.731;36.858;103065.47;1.2226;2.57313;-0.662;-0.36;-0.282;0.088;0.0;0.379;0.768;0.68;19476.0;563.0;1.0;30.353;5.7;302.69
248;19.731;36.858;103069.94;1.2226;2.5735;-0.287;-0.335;-0.283;0.088;0.0;0.379;0.74;0.681;19543.0;570.0;1.0;30.353;5.7;302.69
249;19.731;36.858;103067.51;1.2226;2.574;0.213;-0.143;-0.184;0.088;0.59;0.379;0.484;0.549;19608.0;576.0;1.0;30.341;5.7;302.69
250;19.753;36.85;103067.51;1.2225;2.57363;-0.163;-0.15;-0.18;0.088;0.0;0.379;0.495;0.542;19674.0;583.0;1.0;30.341;5.7;302.69
251;19.742;36.873;103068.414;1.2226;2.57388;0.088;-0.067;-0.126;0.088;0.379;0.379;0.331;0.455;19739.0;589.0;1.0;30.386;5.7;302.69
252;19.742;36.866;103067.3;1.2226;2.57363;-0.163;-0.1;-0.134;0.088;0.0;0.379;0.405;0.467;19805.0;596.0;1.0;30.363;5.7;302.69
253;19.731;36.866;103067.3;1.2226;2.5735;-0.287;-0.166;-0.164;0.088;0.0;0.379;0.521;0.518;19870.0;602.0;1.0;30.363;5.7;302.69
254;19.742;36.873;103065.59;1.2225;2.5735;-0.287;-0.208;-0.189;0.088;0.0;0.379;0.584;0.556;19936.0;609.0;1.0;30.33;5.7;302.69
255;19.731;36.858;103066.11;1.2226;2.5735;-0.287;-0.236;-0.209;0.088;0.0;0.379;0.621;0.584;20002.0;615.0;1.0;30.319;5.7;302.69
256;19.742;36.866;103066.11;1.2225;2.5735;-0.287;-0.254;-0.224;0.088;0.0;0.379;0.645;0.606;20068.0;622.0;1.0;30.319;5.7;302.69
257;19.764;36.85;103066.67;1.2224;2.57375;-0.038;-0.178;-0.187;0.088;0.0;0.379;0.54;0.553;20133.0;628.0;1.0;30.341;5.7;302.68
258;19.731;36.873;103065.94;1.2226;2.57363;-0.163;-0.173;-0.182;0.088;0.0;0.379;0.532;0.546;20199.0;635.0;1.0;30.341;5.7;302.69
259;19.721;36.866;103065.94;1.2226;2.5735;-0.287;-0.213;-0.203;0.088;0.0;0.379;0.59;0.577;20264.0;641.0;1.0;30.341;5.7;302.69
260;19.753;36.858;103067.23;1.2225;2.57375;-0.038;-0.152;-0.17;0.088;0.0;0.379;0.498;0.527;20330.0;648.0;1.0;30.285;5.7;302.69
261;19.731;36.858;103063.95;1.2226;2.57325;-0.538;-0.287;-0.244;0.088;0.0;0.379;0.685;0.631;20396.0;654.0;1.0;30.341;5.7;302.69
262;19.742;36.858;103063.95;1.2225;2.57388;0.088;-0.156;-0.177;0.088;0.379;0.379;0.505;0.539;20461.0;661.0;1.0;30.341;5.7;302.69
263;19.742;36.866;103067.3;1.2226;2.57313;-0.662;-0.333;-0.274;0.088;0.0;0.379;0.738;0.67;20528.0;667.0;1.0;30.274;5.7;302.69
264;19.731;36.858;103068.58;1.2226;2.57325;-0.538;-0.405;-0.327;0.088;0.0;0.379;0.814;0.731;20593.0;674.0;1.0;30.353;5.7;302.69
265;19.721;36.858;103068.58;1.2227;2.5735;-0.287;-0.364;-0.319;0.088;0.0;0.379;0.771;0.722;20659.0;680.0;1.0;30.353;5.7;302.69
266;19.721;36.873;103066.95;1.2226;2.57363;-0.163;-0.293;-0.288;0.088;0.0;0.379;0.693;0.686;20724.0;686.0;1.0;30.319;5.7;302.69
267;19.742;36.866;103065.59;1.2225;2.57363;-0.163;-0.247;-0.263;0.088;0.0;0.379;0.636;0.656;20790.0;693.0;1.0;30.319;5.7;302.69
268;19.742;36.85;103065.59;1.2225;2.57325;-0.538;-0.349;-0.318;0.088;0.0;0.379;0.756;0.721;20855.0;699.0;1.0;30.319;5.7;302.69
269;19.742;36.866;103066.95;1.2225;2.57375;-0.038;-0.24;-0.262;0.088;0.0;0.379;0.627;0.654;20921.0;706.0;1.0;30.353;5.7;302.69
270;19.721;36.866;103066.62;1.2226;2.57325;-0.538;-0.344;-0.317;0.088;0.0;0.379;0.75;0.72;20986.0;712.0;1.0;30.297;5.7;302.69
271;19.764;36.866;103066.62;1.2224;2.57325;-0.538;-0.412;-0.361;0.088;0.0;0.379;0.821;0.769;21053.0;719.0;1.0;30.297;5.7;302.68
272;19.731;36.866;103067.125;1.2226;2.57338;-0.412;-0.412;-0.371;0.088;0.0;0.379;0.821;0.779;21118.0;725.0;1.0;30.319;5.7;302.69
273;19.742;36.866;103066.51;1.2225;2.57338;-0.412;-0.412;-0.379;0.088;0.0;0.379;0.821;0.788;21184.0;732.0;1.0;30.352;5.7;302.69
274;19.742;36.873;103066.51;1.2225;2.57325;-0.538;-0.456;-0.411;0.088;0.0;0.379;0.864;0.82;21250.0;738.0;1.0;30.352;5.7;302.69
275;19.742;36.858;103066.67;1.2225;2.57375;-0.038;-0.31;-0.336;0.088;0.0;0.379;0.712;0.742;21315.0;745.0;1.0;30.318;5.7;302.69
276;19.731;36.866;103066.72;1.2226;2.57375;-0.038;-0.214;-0.277;0.088;0.0;0.379;0.592;0.673;21381.0;751.0;1.0;30.297;5.7;302.69
277;19.731;36.858;103068.69;1.2226;2.57338;-0.412;-0.284;-0.304;0.088;0.0;0.379;0.681;0.705;21446.0;758.0;1.0;30.341;5.7;302.69
278;19.742;36.866;103068.69;1.2226;2.5735;-0.287;-0.285;-0.301;0.088;0.0;0.379;0.683;0.701;21512.0;764.0;1.0;30.341;5.7;302.69
279;19.742;36.873;103068.75;1.2226;2.57313;-0.662;-0.417;-0.373;0.088;0.0;0.379;0.826;0.781;21577.0;771.0;1.0;30.308;5.7;302.69
280;19.742;36.866;103067.3;1.2226;2.57288;-0.913;-0.591;-0.481;0.088;0.0;0.379;0.983;0.887;21643.0;777.0;1.0;30.319;5.7;302.69
281;19.742;36.866;103067.3;1.2226;2.57325;-0.538;-0.572;-0.492;0.088;0.0;0.379;0.967;0.897;21708.0;784.0;1.0;30.319;5.7;302.69
282;19.742;36.866;103066.72;1.2225;2.573;-0.787;-0.647;-0.551;0.088;0.0;0.379;1.029;0.95;21774.0;790.0;1.0;30.264;5.7;302.69
283;19.753;36.858;103066.21;1.2225;2.57338;-0.412;-0.565;-0.523;0.088;0.0;0.379;0.962;0.925;21839.0;797.0;1.0;30.341;5.7;302.69
284;19.742;36.881;103066.21;1.2225;2.57338;-0.412;-0.512;-0.501;0.088;0.0;0.379;0.915;0.906;21906.0;803.0;1.0;30.341;5.7;302.69
285;19.742;36.873;103065.875;1.2225;2.57288;-0.913;-0.652;-0.584;0.088;0.0;0.379;1.033;0.977;21971.0;810.0;1.0;30.341;5.7;302.69
286;19.742;36.881;103066.72;1.2225;2.57313;-0.662;-0.656;-0.599;0.088;0.0;0.379;1.036;0.99;22037.0;816.0;1.0;30.319;5.7;302.69
287;19.753;36.889;103066.72;1.2225;2.57338;-0.412;-0.571;-0.562;0.088;0.0;0.379;0.966;0.959;22103.0;823.0;1.0;30.319;5.7;302.69
288;19.742;36.889;103066.51;1.2225;2.57338;-0.412;-0.515;-0.532;0.088;0.0;0.379;0.918;0.933;22168.0;829.0;1.0;30.363;5.7;302.69
289;19.742;36.873;103065.09;1.2225;2.57338;-0.412;-0.479;-0.508;0.088;0.0;0.379;0.885;0.912;22234.0;835.0;1.0;30.308;5.7;302.69
290;19.742;36.881;103065.09;1.2225;2.57363;-0.163;-0.368;-0.439;0.088;0.0;0.379;0.776;0.847;22299.0;842.0;1.0;30.308;5.7;302.69
291;19.742;36.881;103069.94;1.2226;2.5735;-0.287;-0.34;-0.409;0.088;0.0;0.379;0.746;0.818;22365.0;848.0;1.0;30.363;5.7;302.69
292;19.753;36.873;103068.54;1.2225;2.57338;-0.412;-0.365;-0.409;0.088;0.0;0.379;0.773;0.818;22430.0;855.0;1.0;30.318;5.7;302.69
293;19.731;36.881;103068.54;1.2226;2.57325;-0.538;-0.426;-0.435;0.088;0.0;0.379;0.834;0.844;22496.0;861.0;1.0;30.318;5.7;302.69
294;19.742;36.873;103065.66;1.2225;2.57325;-0.538;-0.465;-0.456;0.088;0.0;0.379;0.872;0.863;22561.0;868.0;1.0;30.329;5.7;302.69
295;19.731;36.889;103068.984;1.2226;2.574;0.213;-0.228;-0.322;0.213;0.59;0.59;0.61;0.726;22627.0;871.0;1.0;30.341;5.7;290.68
296;19.753;36.873;103068.984;1.2225;2.57338;-0.412;-0.292;-0.34;0.088;0.0;0.379;0.692;0.746;22692.0;881.0;1.0;30.341;5.7;302.69
297;19.731;36.873;103067.35;1.2226;2.5735;-0.287;-0.291;-0.33;0.088;0.0;0.379;0.69;0.734;22759.0;887.0;1.0;30.296;5.7;302.69
298;19.753;36.881;103067.016;1.2225;2.57363;-0.163;-0.246;-0.296;0.088;0.0;0.379;0.634;0.696;22824.0;893.0;1.0;30.307;5.7;302.69
299;19.721;36.873;103067.016;1.2226;2.5735;-0.287;-0.26;-0.294;0.088;0.0;0.379;0.653;0.694;22890.0;900.0;1.0;30.307;5.7;302.69
300;19.731;36.858;103065.42;1.2226;2.573;-0.787;-0.445;-0.393;0.088;0.0;0.379;0.853;0.802;22956.0;906.0;1.0;30.341;5.7;302.69
301;19.742;36.881;103067.016;1.2225;2.5735;-0.287;-0.39;-0.372;0.088;0.0;0.379;0.799;0.78;23021.0;913.0;1.0;30.296;5.7;302.69
302;19.753;36.881;103067.016;1.2225;2.57388;0.088;-0.223;-0.28;0.213;0.379;0.59;0.604;0.677;23087.0;916.0;1.0;30.296;5.7;290.68
303;19.731;36.881;103067.125;1.2226;2.57363;-0.163;-0.202;-0.256;0.088;0.0;0.379;0.574;0.648;23152.0;926.0;1.0;30.33;5.7;302.69
304;19.731;36.866;103067.35;1.2226;2.57375;-0.038;-0.144;-0.213;0.088;0.0;0.379;0.486;0.59;23218.0;932.0;1.0;30.318;5.7;302.69
305;19.731;36.881;103067.35;1.2226;2.57388;0.088;-0.063;-0.153;0.088;0.379;0.379;0.321;0.5;23283.0;938.0;1.0;30.318;5.7;302.69
306;19.753;36.873;103067.69;1.2225;2.57363;-0.163;-0.098;-0.155;0.088;0.0;0.379;0.4;0.503;23349.0;945.0;1.0;30.374;5.7;302.69
307;19.731;36.889;103067.46;1.2226;2.57313;-0.662;-0.295;-0.256;0.088;0.0;0.379;0.695;0.647;23414.0;951.0;1.0;30.285;5.7;302.69
308;19.764;36.873;103067.46;1.2225;2.57313;-0.662;-0.424;-0.337;0.088;0.0;0.379;0.833;0.743;23480.0;958.0;1.0;30.285;5.7;302.68
309;19.721;36.881;103069.39;1.2227;2.57363;-0.163;-0.332;-0.302;0.088;0.0;0.379;0.737;0.703;23546.0;964.0;1.0;30.318;5.7;302.69
310;19.742;36.873;103067.35;1.2225;2.57338;-0.412;-0.36;-0.324;0.088;0.0;0.379;0.768;0.729;23612.0;971.0;1.0;30.374;5.7;302.69
311;19.742;36.866;103069.49;1.2226;2.5735;-0.287;-0.335;-0.317;0.088;0.0;0.379;0.74;0.72;23677.0;977.0;1.0;30.374;5.7;302.69
312;19.742;36.889;103069.49;1.2226;2.57388;0.088;-0.187;-0.236;0.088;0.379;0.379;0.553;0.622;23743.0;984.0;1.0;30.33;5.7;302.69
313;19.731;36.873;103068.81;1.2226;2.57363;-0.163;-0.178;-0.221;0.088;0.0;0.379;0.54;0.602;23809.0;990.0;1.0;30.319;5.7;302.69
314;19.731;36.889;103070.17;1.2226;2.57325;-0.538;-0.304;-0.285;0.088;0.0;0.379;0.705;0.682;23874.0;997.0;1.0;30.33;5.7;302.69
315;19.753;36.873;103070.17;1.2225;2.5735;-0.287;-0.298;-0.285;0.088;0.0;0.379;0.699;0.683;23940.0;1003.0;1.0;30.33;5.7;302.69
316;19.731;36.889;103066.336;1.2226;2.57388;0.088;-0.163;-0.211;0.088;0.379;0.379;0.517;0.587;24005.0;1010.0;1.0;30.318;5.7;302.69
317;19.742;36.889;103066.51;1.2225;2.57338;-0.412;-0.25;-0.251;0.088;0.0;0.379;0.64;0.641;24071.0;1016.0;1.0;30.341;5.7;302.69
318;19.742;36.889;103066.51;1.2225;2.57338;-0.412;-0.307;-0.283;0.088;0.0;0.379;0.709;0.681;24137.0;1023.0;1.0;30.341;5.7;302.69
319;19.753;36.889;103068.125;1.2225;2.5735;-0.287;-0.3;-0.284;0.088;0.0;0.379;0.701;0.682;24203.0;1023.0;1.0;30.385;5.7;302.69
320;19.731;36.889;103064.81;1.2226;2.57313;-0.662;-0.427;-0.36;0.088;0.0;0.379;0.836;0.767;24268.0;1023.0;1.0;30.329;5.7;302.69
321;19.764;36.889;103064.81;1.2224;2.5735;-0.287;-0.378;-0.345;0.088;0.0;0.379;0.787;0.752;24334.0;1023.0;1.0;30.329;5.7;302.68
322;19.721;36.896;103066.51;1.2226;2.57363;-0.163;-0.303;-0.309;0.088;0.0;0.379;0.704;0.711;24399.0;1023.0;1.0;30.341;5.7;302.69
323;19.742;36.896;103065.59;1.2225;2.57375;-0.038;-0.21;-0.255;0.088;0.0;0.379;0.586;0.645;24465.0;1023.0;1.0;30.319;5.7;302.69
324;19.764;36.873;103065.59;1.2224;2.57338;-0.412;-0.281;-0.286;0.088;0.0;0.379;0.678;0.684;24530.0;1023.0;1.0;30.319;5.7;302.68
325;19.731;36.873;103066.266;1.2226;2.574;0.213;-0.108;-0.186;0.088;0.59;0.379;0.421;0.552;24597.0;1023.0;1.0;30.318;5.7;302.69
326;19.742;36.889;103066.21;1.2225;2.57375;-0.038;-0.083;-0.157;0.088;0.0;0.379;0.369;0.506;24663.0;1023.0;1.0;30.353;5.7;302.69
327;19.742;36.889;103066.21;1.2225;2.57363;-0.163;-0.111;-0.158;0.088;0.0;0.379;0.426;0.508;24728.0;1023.0;1.0;30.353;5.7;302.69
328;19.742;36.889;103067.125;1.2225;2.57313;-0.662;-0.304;-0.259;0.088;0.0;0.379;0.705;0.651;24794.0;1023.0;1.0;30.341;5.7;302.69
329;19.731;36.896;103066.336;1.2226;2.5735;-0.287;-0.298;-0.264;0.088;0.0;0.379;0.699;0.658;24859.0;1023.0;1.0;30.341;5.7;302.69
330;19.731;36.889;103066.336;1.2226;2.57363;-0.163;-0.251;-0.244;0.088;0.0;0.379;0.64;0.632;24925.0;1023.0;1.0;30.341;5.7;302.69
331;19.764;36.881;103064.06;1.2224;2.573;-0.787;-0.439;-0.353;0.088;0.0;0.379;0.847;0.76;24990.0;1023.0;1.0;30.329;5.7;302.68
332;19.731;36.889;103065.766;1.2226;2.57388;0.088;-0.254;-0.265;0.088;0.379;0.379;0.645;0.658;25057.0;1023.0;1.0;30.33;5.7;302.69
333;19.742;36.896;103065.766;1.2225;2.57363;-0.163;-0.222;-0.244;0.088;0.0;0.379;0.603;0.632;25122.0;1023.0;1.0;30.33;5.7;302.69
334;19.731;36.889;103064.305;1.2226;2.57375;-0.038;-0.158;-0.203;0.088;0.0;0.379;0.508;0.576;25188.0;1023.0;1.0;30.363;5.7;302.69
335;19.764;36.889;103066.55;1.2224;2.57363;-0.163;-0.159;-0.195;0.088;0.0;0.379;0.511;0.565;25253.0;1023.0;1.0;30.341;5.7;302.68
336;19.753;36.873;103066.55;1.2225;2.57325;-0.538;-0.292;-0.263;0.088;0.0;0.379;0.691;0.656;25319.0;1023.0;1.0;30.341;5.7;302.69
337;19.731;36.889;103066.17;1.2226;2.57313;-0.662;-0.421;-0.343;0.088;0.0;0.379;0.83;0.749;25385.0;1023.0;1.0;30.329;5.7;302.69
338;19.721;36.896;103065.66;1.2226;2.57338;-0.412;-0.418;-0.357;0.088;0.0;0.379;0.827;0.764;25451.0;1023.0;1.0;30.307;5.7;302.69
339;19.753;36.896;103065.66;1.2225;2.57288;-0.913;-0.591;-0.468;0.088;0.0;0.379;0.984;0.875;25517.0;1023.0;1.0;30.307;5.7;302.69
340;19.742;36.889;103065.59;1.2225;2.57325;-0.538;-0.572;-0.482;0.088;0.0;0.379;0.968;0.888;25582.0;1023.0;1.0;30.308;5.7;302.69
341;19.731;36.881;103066.89;1.2226;2.57363;-0.163;-0.429;-0.418;0.088;0.0;0.379;0.838;0.827;25648.0;1023.0;1.0;30.375;5.7;302.69
342;19.731;36.904;103066.89;1.2226;2.57388;0.088;-0.248;-0.317;0.088;0.379;0.379;0.637;0.72;25714.0;1023.0;1.0;30.375;5.7;302.69
343;19.731;36.873;103066.0;1.2226;2.57363;-0.163;-0.218;-0.286;0.088;0.0;0.379;0.597;0.684;25780.0;1023.0;1.0;30.341;5.7;302.69
344;19.753;36.889;103066.84;1.2225;2.57388;0.088;-0.111;-0.211;0.088;0.379;0.379;0.426;0.588;25845.0;1023.0;1.0;30.318;5.7;302.69
345;19.731;36.889;103065.66;1.2226;2.574;0.213;0.002;-0.127;0.088;0.59;0.379;0.059;0.455;25911.0;1023.0;1.0;30.329;5.7;302.69
346;19.753;36.896;103065.66;1.2225;2.5735;-0.287;-0.099;-0.159;0.088;0.0;0.379;0.403;0.51;25976.0;1023.0;1.0;30.329;5.7;302.69
347;19.731;36.889;103065.94;1.2226;2.5735;-0.287;-0.165;-0.184;0.088;0.0;0.379;0.52;0.549;26042.0;1023.0;1.0;30.33;5.7;302.69
348;19.753;36.896;103064.25;1.2225;2.57388;0.088;-0.077;-0.13;0.088;0.379;0.379;0.354;0.461;26108.0;1023.0;1.0;30.341;5.7;302.68
349;19.742;36.896;103064.25;1.2225;2.5735;-0.287;-0.15;-0.162;0.088;0.0;0.379;0.496;0.514;26174.0;1023.0;1.0;30.341;5.7;302.69
350;19.742;36.889;103065.66;1.2225;2.57363;-0.163;-0.155;-0.162;0.088;0.0;0.379;0.503;0.514;26240.0;1023.0;1.0;30.363;5.7;302.69
351;19.753;36.904;103066.89;1.2225;2.57338;-0.412;-0.245;-0.212;0.088;0.0;0.379;0.633;0.589;26305.0;1023.0;1.0;30.33;5.7;302.69
352;19.731;36.896;103066.89;1.2226;2.57325;-0.538;-0.347;-0.277;0.088;0.0;0.379;0.754;0.673;26371.0;1023.0;1.0;30.33;5.7;302.69
353;19.753;36.896;103066.62;1.2225;2.57375;-0.038;-0.239;-0.229;0.088;0.0;0.379;0.625;0.612;26437.0;1023.0;1.0;30.319;5.7;302.69
354;19.764;36.889;103065.59;1.2224;2.57375;-0.038;-0.168;-0.191;0.088;0.0;0.379;0.525;0.559;26503.0;1023.0;1.0;30.341;5.7;302.68
355;19.742;36.896;103065.59;1.2225;2.57375;-0.038;-0.123;-0.16;0.088;0.0;0.379;0.448;0.512;26568.0;1023.0;1.0;30.341;5.7;302.69
356;19.721;36.896;103065.266;1.2226;2.5735;-0.287;-0.18;-0.186;0.088;0.0;0.379;0.543;0.551;26634.0;1023.0;1.0;30.386;5.7;302.69
357;19.753;36.912;103065.43;1.2225;2.57363;-0.163;-0.174;-0.181;0.088;0.0;0.379;0.534;0.544;26699.0;1023.0;1.0;30.33;5.7;302.69
358;19.742;36.896;103065.43;1.2225;2.57388;0.088;-0.083;-0.127;0.088;0.379;0.379;0.367;0.456;26766.0;1023.0;1.0;30.33;5.7;302.69
359;19.731;36.896;103064.305;1.2226;2.5735;-0.287;-0.154;-0.159;0.088;0.0;0.379;0.502;0.511;26831.0;1023.0;1.0;30.307;5.7;302.69
360;19.764;36.896;103065.59;1.2224;2.57375;-0.038;-0.113;-0.135;0.088;0.0;0.379;0.431;0.47;26897.0;1023.0;1.0;30.363;5.7;302.68
361;19.731;36.896;103065.59;1.2226;2.57325;-0.538;-0.262;-0.215;0.088;0.0;0.379;0.655;0.594;26962.0;1023.0;1.0;30.363;5.7;302.69
362;19.731;36.896;103067.91;1.2226;2.57375;-0.038;-0.183;-0.18;0.088;0.0;0.379;0.548;0.542;27028.0;1023.0;1.0;30.363;5.7;302.69
363;19.742;36.896;103065.09;1.2225;2.574;0.213;-0.045;-0.101;0.088;0.59;0.379;0.271;0.407;27095.0;1023.0;1.0;30.319;5.7;302.69
364;19.731;36.881;103065.09;1.2226;2.57388;0.088;0.002;-0.064;0.088;0.379;0.379;0.05;0.323;27160.0;1023.0;1.0;30.319;5.7;302.69
365;19.731;36.896;103066.21;1.2226;2.57413;0.337;0.119;0.017;0.088;0.743;0.379;0.441;0.165;27226.0;1023.0;1.0;30.341;5.7;302.69
366;19.731;36.896;103064.35;1.2226;2.57388;0.088;0.108;0.031;0.088;0.379;0.379;0.42;0.224;27291.0;1023.0;1.0;30.396;5.7;302.69
367;19.742;36.889;103064.35;1.2225;2.57363;-0.163;0.013;-0.008;0.088;0.0;0.379;0.148;0.113;27357.0;1023.0;1.0;30.396;5.7;302.69
368;19.731;36.904;103065.32;1.2226;2.574;0.213;0.083;0.036;0.088;0.59;0.379;0.369;0.243;27423.0;1023.0;1.0;30.318;5.7;302.69
369;19.731;36.912;103064.92;1.2226;2.57425;0.463;0.216;0.121;0.088;0.87;0.379;0.594;0.446;27489.0;1023.0;1.0;30.386;5.7;302.69
370;19.731;36.896;103064.92;1.2226;2.57338;-0.412;-0.004;0.015;0.088;0.0;0.379;0.081;0.155;27554.0;1023.0;1.0;30.386;5.7;302.69
371;19.764;36.896;103064.516;1.2224;2.57363;-0.163;-0.059;-0.021;0.088;0.0;0.379;0.312;0.184;27620.0;1023.0;1.0;30.33;5.7;302.68
372;19.753;36.912;103065.59;1.2225;2.57388;0.088;-0.008;0.001;0.088;0.379;0.379;0.114;0.039;27686.0;1023.0;1.0;30.375;5.7;302.69
373;19.742;36.904;103065.59;1.2225;2.57388;0.088;0.025;0.018;0.088;0.379;0.379;0.204;0.173;27752.0;1023.0;1.0;30.375;5.7;302.69
374;19.731;36.912;103066.11;1.2226;2.57438;0.588;0.222;0.132;0.088;0.98;0.379;0.603;0.465;27817.0;1023.0;1.0;30.353;5.7;302.69
375;19.731;36.904;103064.36;1.2226;2.57375;-0.038;0.131;0.098;0.088;0.0;0.379;0.463;0.401;27883.0;1023.0;1.0;30.385;5.7;302.69
376;19.742;36.896;103067.17;1.2225;2.57388;0.088;0.116;0.096;0.088;0.379;0.379;0.436;0.396;27949.0;1023.0;1.0;30.352;5.7;302.69
377;19.742;36.912;103067.17;1.2225;2.57363;-0.163;0.019;0.044;0.088;0.0;0.379;0.174;0.269;28015.0;1023.0;1.0;30.352;5.7;302.69
378;19.731;36.896;103067.45;1.2226;2.5735;-0.287;-0.089;-0.022;0.088;0.0;0.379;0.381;0.19;28081.0;1023.0;1.0;30.385;5.7;302.69
379;19.731;36.912;103066.0;1.2226;2.57338;-0.412;-0.202;-0.1;0.088;0.0;0.379;0.575;0.405;28146.0;1023.0;1.0;30.363;5.7;302.69
