26.164,35.074,26.209,28.1,26.98,29.84,99977,2.348,-152,-80.04,-117,-147.84,-56.64,-117,-151.56,2.217,-282.63,-144.22,-212.06,-271.38,-101.81,-212.06,-279.83,21.534,18.653,670,1
26.178,35.044,26.199,28.115,27.02,29.809,99978,2.336,-164,-105.23,-140.5,-160.77,-78.112,-140.5,-162.76,2.217,-282.5,-185.7,-247.28,-280.28,-137.94,-247.28,-282.23,21.529,20.142,774,2
26.194,35.074,26.209,28.092,27.06,29.812,99981,2.352,-148,-118.06,-144.25,-150.55,-92.09,-144.25,-149.48,2.217,-282.88,-214.85,-265.08,-282.36,-166.93,-265.08,-282.81,21.543,20.855,877,3
26.178,35.088,26.199,28.107,27.07,29.834,99979,2.348,-152,-128.24,-148.13,-151.71,-104.07,-148.13,-151.75,2.217,-282.75,-235.22,-273.91,-282.67,-190.09,-273.91,-282.76,21.538,21.199,980,4
26.178,35.099,26.188,28.107,27.08,29.834,99979,2.352,-148,-134.17,-148.06,-148.74,-112.86,-148.06,-148.38,2.217,-282.88,-249.52,-278.39,-282.83,-208.65,-278.39,-282.86,21.543,21.372,1084,5
26.194,35.102,26.22,28.107,27.09,29.835,99980,2.348,-152,-139.52,-150.03,-151.35,-120.69,-150.03,-151.64,2.217,-282.88,-259.52,-280.63,-282.87,-223.5,-280.63,-282.87,21.543,21.458,1187,6
26.194,35.113,26.209,28.1,27.09,29.835,99978,2.348,-152,-143.26,-151.02,-151.87,-126.95,-151.02,-151.96,2.216,-284,-266.87,-282.32,-283.77,-235.6,-282.32,-283.89,21.586,21.522,1291,7
26.178,35.079,26.199,28.1,27.09,29.824,99979,2.348,-152,-145.88,-151.51,-151.97,-131.96,-151.51,-152,2.215,-285,-272.31,-283.66,-284.75,-245.48,-283.66,-284.89,21.624,21.573,1394,8
26.207,35.088,26.209,28.107,27.09,29.802,99979,2.348,-152,-147.72,-151.75,-152,-135.97,-151.75,-152,2.215,-285,-276.12,-284.33,-284.95,-253.38,-284.33,-284.99,21.624,21.599,1498,9
19.187,30.724,19.189,30.692,19.21,30.712,1.0254e+05,2.352,4,-102.2,-73.877,-27.199,-107.97,-73.877,-11.6,2.215,-0.25,-193.36,-142.29,-57.19,-202.75,-142.29,-28.724,0.641,15.279,1601,10
19.171,30.674,19.211,30.7,19.21,30.734,1.0254e+05,2.352,4,-70.342,-34.939,-2.24,-85.579,-34.939,2.44,2.215,0.125,-135.31,-71.082,-11.338,-162.18,-71.082,-2.76,0.453,10.799,1704,11
19.187,30.7,19.211,30.7,19.21,30.722,1.0254e+05,2.336,-12,-52.84,-23.469,-10.048,-70.863,-23.469,-10.556,2.215,0.375,-94.605,-35.354,-1.968,-129.67,-35.354,0.062,0.784,7.616,1807,12
19.187,30.7,19.2,30.692,19.21,30.712,1.0254e+05,2.352,4,-35.788,-9.735,1.19,-55.891,-9.735,2.544,2.217,2.375,-65.511,-16.489,1.506,-103.26,-16.489,2.144,1.974,5.201,1909,13
19.171,30.727,19.211,30.715,19.22,30.734,1.0254e+05,2.348,0,-25.051,-4.867,0.238,-44.712,-4.867,0.254,2.218,2.875,-44.995,-6.807,2.601,-82.033,-6.807,2.802,2.172,3.342,2012,14
19.2,30.752,19.189,30.708,19.22,30.734,1.0254e+05,2.348,0,-17.536,-2.434,0.048,-35.77,-2.434,0.025,2.218,2.625,-30.709,-2.091,2.62,-65.101,-2.091,2.643,2.075,1.852,2113,15
19.187,30.727,19.189,30.708,19.21,30.734,1.0254e+05,2.348,0,-12.275,-1.217,0.01,-28.616,-1.217,0.003,2.218,2.75,-20.672,0.329,2.724,-51.531,0.329,2.739,2.124,0.735,2215,16
19.2,30.727,19.179,30.715,19.21,30.712,1.0254e+05,2.348,0,-8.593,-0.608,0.002,-22.893,-0.608,0,2.217,2.5,-13.72,1.415,2.545,-40.725,1.415,2.524,2.025,1.524,2317,17
19.187,30.674,19.168,30.708,19.22,30.734,1.0254e+05,2.352,4,-4.815,1.696,3.2,-17.514,1.696,3.6,2.218,3.125,-8.667,2.27,3.009,-31.955,2.27,3.065,2.264,1.93,2419,18
19.187,30.714,19.211,30.715,19.22,30.712,1.0254e+05,2.336,-12,-6.97,-5.152,-8.96,-16.411,-5.152,-10.44,2.218,2.625,-5.279,2.447,2.702,-25.039,2.447,2.669,2.075,2.004,2521,19
19.2,30.686,19.2,30.723,19.21,30.701,1.0254e+05,2.348,0,-4.879,-2.576,-1.792,-13.129,-2.576,-1.044,2.217,2.375,-2.983,2.411,2.44,-19.556,2.411,2.404,1.974,1.989,2623,20
19.213,30.7,19.211,30.715,19.22,30.723,1.0254e+05,2.352,4,-2.215,0.712,2.842,-9.703,0.712,3.496,2.217,2.25,-1.413,2.331,2.288,-15.195,2.331,2.265,1.921,1.955,2724,21
19.157,30.688,19.189,30.708,19.22,30.757,1.0254e+05,2.348,0,-1.551,0.356,0.568,-7.763,0.356,0.35,2.217,2.125,-0.352,2.228,2.158,-11.731,2.228,2.139,1.867,1.912,2827,22
19.2,30.714,19.189,30.708,19.22,30.702,1.0254e+05,2.352,4,0.114,2.178,3.314,-5.41,2.178,3.635,2.217,2.375,0.466,2.301,2.331,-8.91,2.301,2.351,1.974,1.943,2928,23
19.187,30.7,19.211,30.7,19.21,30.746,1.0254e+05,2.352,4,1.28,3.089,3.863,-3.528,3.089,3.963,2.218,2.875,1.189,2.588,2.766,-6.553,2.588,2.822,2.172,2.061,3031,24
19.187,30.674,19.179,30.723,19.21,30.734,1.0253e+05,2.352,4,2.096,3.544,3.972,-2.022,3.544,3.996,2.217,2.5,1.582,2.544,2.553,-4.742,2.544,2.532,2.025,2.043,3132,25
19.2,30.7,19.189,30.715,19.21,30.723,1.0253e+05,2.336,-12,-2.133,-4.228,-8.805,-4.018,-4.228,-10.4,2.217,2.25,1.783,2.397,2.311,-3.344,2.397,2.278,1.921,1.983,3233,26
19.171,30.755,19.2,30.715,19.21,30.723,1.0254e+05,2.352,4,-0.293,-0.114,1.439,-2.414,-0.114,2.56,2.216,0.875,1.51,1.636,1.162,-2.5,1.636,1.015,1.198,1.638,3336,27
19.187,30.755,19.189,30.715,19.22,30.734,1.0254e+05,2.352,4,0.995,1.943,3.488,-1.132,1.943,3.856,2.216,0.625,1.245,1.13,0.732,-1.875,1.13,0.664,1.013,1.362,3437,28
19.213,30.714,19.189,30.715,19.22,30.723,1.0254e+05,2.348,0,0.696,0.972,0.698,-0.905,0.972,0.386,2.215,0,0.871,0.565,0.146,-1.5,0.565,0.066,0,0.963,3539,29
19.187,30.686,19.189,30.723,19.22,30.779,1.0254e+05,2.352,4,1.688,2.486,3.339,0.076,2.486,3.639,2.216,0.625,0.797,0.595,0.529,-1.075,0.595,0.569,1.013,0.988,3641,30
19.2,30.727,19.189,30.715,19.22,30.723,1.0253e+05,2.336,-12,-2.419,-4.757,-8.932,-2.339,-4.757,-10.436,2.215,0,0.558,0.298,0.106,-0.86,0.298,0.057,0,0.699,3742,31
19.2,30.75,19.211,30.708,19.22,30.746,1.0254e+05,2.348,0,-1.693,-2.379,-1.786,-1.871,-2.379,-1.044,2.215,0,0.391,0.149,0.021,-0.688,0.149,0.006,0,0.494,3844,32
19.213,30.769,19.189,30.731,19.22,30.734,1.0254e+05,2.336,-12,-4.785,-7.189,-9.957,-3.897,-7.189,-10.904,2.215,0.25,0.348,0.199,0.204,-0.5,0.199,0.225,0.64,0.572,3946,33
19.157,30.779,19.189,30.731,19.22,30.735,1.0254e+05,2.352,4,-2.15,-1.595,1.209,-2.318,-1.595,2.51,2.217,1.625,0.731,0.912,1.341,-0.075,0.912,1.485,1.633,1.223,4047,34
19.2,30.766,19.189,30.738,19.21,30.768,1.0253e+05,2.352,4,-0.305,1.203,3.442,-1.054,1.203,3.851,2.217,2.5,1.262,1.706,2.268,0.44,1.706,2.399,2.025,1.673,4150,35
19.2,30.727,19.189,30.723,19.22,30.713,1.0253e+05,2.348,0,-0.213,0.601,0.688,-0.843,0.601,0.385,2.217,2.5,1.633,2.103,2.454,0.852,2.103,2.49,2.025,1.858,4251,36
19.171,30.714,19.2,30.715,19.22,30.768,1.0253e+05,2.348,0,-0.149,0.301,0.138,-0.675,0.301,0.039,2.218,2.875,2.006,2.489,2.791,1.256,2.489,2.836,2.172,2.021,4353,37
19.187,30.755,19.221,30.723,19.22,30.735,1.0253e+05,2.352,4,1.095,2.15,3.227,0.26,2.15,3.604,2.218,2.625,2.192,2.557,2.658,1.53,2.557,2.646,2.075,2.048,4455,38
19.187,30.724,19.211,30.731,19.22,30.757,1.0254e+05,2.352,4,1.967,3.075,3.845,1.008,3.075,3.96,2.218,2.75,2.359,2.653,2.732,1.774,2.653,2.74,2.124,2.087,4556,39
19.187,30.755,19.189,30.738,19.22,30.758,1.0254e+05,2.348,0,1.377,1.538,0.769,0.807,1.538,0.396,2.218,2.625,2.439,2.639,2.646,1.944,2.639,2.636,2.075,2.081,4658,40
19.171,30.714,19.189,30.731,19.22,30.723,1.0254e+05,2.352,4,2.164,2.769,3.354,1.445,2.769,3.64,2.218,3.125,2.645,2.882,3.029,2.18,2.882,3.076,2.264,2.175,4760,41
19.187,30.769,19.2,30.723,19.23,30.747,1.0254e+05,2.348,0,1.515,1.384,0.671,1.156,1.384,0.364,2.218,2.875,2.714,2.878,2.906,2.319,2.878,2.895,2.172,2.173,4861,42
19.187,30.755,19.2,30.731,19.22,30.746,1.0254e+05,2.352,4,2.26,2.692,3.334,1.725,2.692,3.636,2.217,2.5,2.65,2.689,2.581,2.355,2.689,2.54,2.025,2.101,4963,43
19.187,30.755,19.2,30.723,19.22,30.768,1.0254e+05,2.348,0,1.582,1.346,0.667,1.38,1.346,0.364,2.218,2.75,2.68,2.72,2.716,2.434,2.72,2.729,2.124,2.112,5065,44
19.2,30.738,19.211,30.731,19.22,30.723,1.0254e+05,2.348,0,1.108,0.673,0.133,1.104,0.673,0.036,2.218,2.75,2.701,2.735,2.743,2.497,2.735,2.748,2.124,2.118,5167,45
19.187,30.727,19.2,30.723,19.22,30.735,1.0254e+05,2.352,4,1.975,2.336,3.227,1.683,2.336,3.604,2.218,2.625,2.678,2.68,2.649,2.523,2.68,2.637,2.075,2.097,5268,46
19.2,30.769,19.211,30.738,19.21,30.746,1.0253e+05,2.336,-12,-2.217,-4.832,-8.955,-1.053,-4.832,-10.44,2.217,2.5,2.625,2.59,2.53,2.518,2.59,2.514,2.025,2.061,5370,47
19.187,30.755,19.221,30.731,19.22,30.746,1.0253e+05,2.348,0,-1.552,-2.416,-1.791,-0.843,-2.416,-1.044,2.216,1.375,2.25,1.982,1.606,2.29,1.982,1.489,1.502,1.803,5472,48
19.187,30.755,19.189,30.738,19.22,30.757,1.0253e+05,2.352,4,0.114,0.792,2.842,0.126,0.792,3.496,2.216,1,1.875,1.491,1.121,2.032,1.491,1.049,1.281,1.564,5574,49
19.187,30.778,19.2,30.738,19.22,30.78,1.0253e+05,2.348,0,0.079,0.396,0.568,0.101,0.396,0.35,2.215,0.25,1.387,0.871,0.424,1.675,0.871,0.33,0.64,1.195,5676,50
19.2,30.727,19.189,30.738,19.22,30.735,1.0253e+05,2.348,0,0.056,0.198,0.114,0.081,0.198,0.035,2.216,0.5,1.121,0.685,0.485,1.44,0.685,0.483,0.906,1.06,5777,51
19.187,30.738,19.189,30.738,19.22,30.791,1.0253e+05,2.336,-12,-3.561,-5.901,-9.577,-2.336,-5.901,-10.796,2.215,-0.375,0.672,0.155,-0.203,1.077,0.155,-0.289,0.784,0.504,5878,52
19.213,30.741,19.189,30.738,19.22,30.768,1.0254e+05,2.336,-12,-6.093,-8.95,-11.515,-4.268,-8.95,-11.879,2.216,0.75,0.696,0.453,0.559,1.012,0.453,0.646,1.109,0.862,5981,53
19.187,30.755,19.189,30.761,19.22,30.768,1.0253e+05,2.352,4,-3.065,-2.475,0.897,-2.615,-2.475,2.412,2.216,0.875,0.749,0.664,0.812,0.984,0.664,0.852,1.198,1.044,6082,54
19.213,30.755,19.189,30.746,19.22,30.768,1.0253e+05,2.348,0,-2.145,-1.238,0.179,-2.092,-1.238,0.241,2.216,0.875,0.787,0.769,0.862,0.963,0.769,0.873,1.198,1.124,6184,55
19.2,30.737,19.189,30.731,19.22,30.758,1.0253e+05,2.336,-12,-5.102,-6.619,-9.564,-4.073,-6.619,-10.776,2.221,6.5,2.501,3.635,5.372,2.07,3.635,5.937,3.266,2.442,6286,56
19.157,30.778,19.189,30.738,19.22,30.768,1.0254e+05,2.352,4,-2.371,-1.309,1.287,-2.459,-1.309,2.522,2.222,6.625,3.738,5.13,6.374,2.981,5.13,6.556,3.297,2.901,6388,57
19.2,30.778,19.211,30.753,19.22,30.759,1.0254e+05,2.348,0,-1.66,-0.655,0.257,-1.967,-0.655,0.252,2.22,5.125,4.154,5.127,5.375,3.41,5.127,5.268,2.9,2.9,6490,58
19.187,30.741,19.2,30.753,19.22,30.759,1.0254e+05,2.348,0,-1.162,-0.327,0.051,-1.574,-0.327,0.025,2.221,5.625,4.595,5.376,5.575,3.853,5.376,5.589,3.038,2.97,6591,59
19.171,30.769,19.189,30.753,19.22,30.723,1.0254e+05,2.352,4,0.387,1.836,3.21,-0.459,1.836,3.602,2.217,2.5,3.967,3.938,3.115,3.582,3.938,2.809,2.025,2.542,6693,60
19.187,30.741,19.2,30.753,19.22,30.792,1.0254e+05,2.352,4,1.471,2.918,3.842,0.433,2.918,3.96,2.218,3.125,3.714,3.532,3.123,3.491,3.532,3.093,2.264,2.407,6795,61
19.213,30.778,19.2,30.746,19.22,30.758,1.0254e+05,2.352,4,2.229,3.459,3.968,1.146,3.459,3.996,2.22,5,4.1,4.266,4.624,3.793,4.266,4.809,2.864,2.646,6896,62
19.2,30.752,19.189,30.746,19.22,30.803,1.0254e+05,2.352,4,2.761,3.729,3.994,1.717,3.729,4,2.221,5.875,4.632,5.07,5.625,4.209,5.07,5.768,3.105,2.884,6999,63
19.2,30.714,19.211,30.746,19.22,30.713,1.0254e+05,2.352,4,3.132,3.865,3.999,2.174,3.865,4,2.219,4.25,4.518,4.66,4.525,4.217,4.66,4.402,2.641,2.765,7100,64
19.171,30.727,19.189,30.738,19.22,30.78,1.0254e+05,2.348,0,2.193,1.932,0.8,1.739,1.932,0.4,2.219,4.25,4.437,4.455,4.305,4.224,4.455,4.265,2.641,2.704,7201,65
19.2,30.7,19.189,30.746,19.22,30.791,1.0254e+05,2.38,32,11.135,16.966,25.76,7.791,16.966,28.84,2.253,38,14.506,21.227,31.261,10.979,21.227,34.626,7.896,5.902,7304,66
19.187,30.755,19.211,30.753,19.21,30.802,1.0254e+05,2.364,16,12.594,16.483,17.952,9.433,16.483,17.284,2.246,30.75,19.379,25.989,30.852,14.933,25.989,31.138,7.103,6.53,7406,67
19.187,30.737,19.189,30.746,19.22,30.813,1.0254e+05,2.428,80,32.816,48.242,67.591,23.546,48.242,73.729,2.304,89.25,40.34,57.619,77.57,29.797,57.619,83.439,12.101,9.723,7508,68
19.2,30.727,19.189,30.753,19.22,30.779,1.0254e+05,2.444,96,51.771,72.121,90.318,38.037,72.121,93.773,2.308,93.5,56.288,75.56,90.314,42.537,75.56,92.494,12.386,11.134,7611,69
19.2,30.727,19.189,30.753,19.22,30.746,1.0254e+05,2.348,0,36.24,36.06,18.064,30.43,36.06,9.377,2.217,1.875,39.964,38.717,19.563,34.405,38.717,10.937,1.754,7.97,7713,70
19.2,30.752,19.211,30.753,19.22,30.758,1.0254e+05,2.24,-108,-7.032,-35.97,-82.787,2.744,-35.97,-96.262,2.104,-111.25,-5.4,-36.266,-85.088,5.274,-36.266,-99.031,13.51,7.714,7816,71
19.2,30.741,19.2,30.769,19.22,30.746,1.0254e+05,2.128,-220,-70.922,-127.98,-192.56,-41.805,-127.98,-207.63,2,-215,-68.28,-125.63,-189.02,-38.781,-125.63,-203.4,18.782,14.357,7918,72
19.187,30.821,19.211,30.761,19.22,30.747,1.0254e+05,2.124,-224,-116.85,-175.99,-217.71,-78.244,-175.99,-222.36,1.998,-216.63,-112.78,-171.13,-211.1,-74.35,-171.13,-215.3,18.852,16.756,8022,73
19.187,30.766,19.2,30.746,19.22,30.758,1.0253e+05,2.14,-208,-144.19,-192,-209.94,-104.19,-192,-209.44,2.009,-205.63,-140.64,-188.38,-206.72,-100.61,-188.38,-206.59,18.368,17.58,8125,74
19.2,30.779,19.2,30.753,19.22,30.759,1.0254e+05,2.144,-204,-162.13,-198,-205.19,-124.16,-198,-204.54,2.016,-199,-158.15,-193.69,-200.54,-120.28,-193.69,-199.76,18.069,17.826,8228,75
19.187,30.727,19.211,30.769,19.22,30.768,1.0253e+05,2.224,-124,-150.69,-161,-140.24,-124.13,-161,-132.05,2.094,-121.5,-147.15,-157.59,-137.31,-120.53,-157.59,-129.33,14.119,16.08,8332,76
19.187,30.724,19.189,30.776,19.22,30.803,1.0254e+05,2.348,0,-105.49,-80.499,-28.048,-99.3,-80.499,-13.205,2.219,4.125,-101.77,-76.735,-24.162,-95.597,-76.735,-9.22,2.601,11.22,8435,77
19.2,30.727,19.211,30.769,19.22,30.803,1.0253e+05,2.348,0,-73.84,-40.25,-5.61,-79.44,-40.25,-1.321,2.219,3.5,-70.188,-36.617,-2.032,-75.777,-36.617,2.228,2.396,7.751,8539,78
19.213,30.737,19.189,30.776,19.22,30.791,1.0253e+05,2.348,0,-51.688,-20.125,-1.122,-63.552,-20.125,-0.132,2.218,3.125,-48.194,-16.746,2.093,-59.997,-16.746,3.035,2.264,5.242,8640,79
19.187,30.75,19.2,30.761,19.22,30.768,1.0253e+05,2.352,4,-34.982,-8.062,2.976,-50.042,-8.062,3.587,2.218,3.25,-32.761,-6.748,3.019,-47.348,-6.748,3.228,2.309,3.327,8742,80
19.187,30.752,19.211,30.784,19.22,30.78,1.0253e+05,2.332,-16,-29.287,-12.031,-12.205,-43.233,-12.031,-14.041,2.201,-14.125,-27.17,-10.437,-10.696,-40.703,-10.437,-12.39,4.814,4.138,8845,81
19.187,30.755,19.189,30.776,19.23,30.759,1.0253e+05,2.316,-32,-30.101,-22.016,-28.041,-40.987,-22.016,-30.204,2.194,-21.25,-25.394,-15.843,-19.139,-36.812,-15.843,-20.364,5.905,5.098,8947,82
19.213,30.778,19.189,30.753,19.22,30.837,1.0253e+05,2.252,-96,-49.871,-59.008,-82.408,-51.989,-59.008,-89.42,2.123,-92.5,-45.526,-54.172,-77.828,-47.95,-54.172,-85.286,12.319,9.428,9050,83
19.2,30.752,19.2,30.776,19.22,30.803,1.0253e+05,2.204,-144,-78.109,-101.5,-131.68,-70.391,-101.5,-138.54,2.081,-134.38,-72.181,-94.273,-123.07,-65.235,-94.273,-129.47,14.848,12.437,9152,84
19.2,30.769,19.211,30.769,19.22,30.78,1.0253e+05,2.224,-124,-91.877,-112.75,-125.54,-81.113,-112.75,-125.45,2.107,-108.38,-83.039,-101.32,-111.31,-73.863,-101.32,-110.48,13.335,12.893,9255,85
19.213,30.756,19.211,30.761,19.22,30.768,1.0253e+05,2.256,-92,-91.914,-102.38,-98.707,-83.29,-102.38,-95.345,2.138,-77.125,-81.265,-89.225,-83.963,-74.515,-89.225,-80.461,11.249,12.099,9359,86
19.187,30.793,19.211,30.761,19.22,30.825,1.0253e+05,2.256,-92,-91.94,-97.188,-93.341,-85.032,-97.188,-92.335,2.118,-97.125,-86.023,-93.175,-94.493,-79.037,-93.175,-95.459,12.623,12.364,9461,87
19.2,30.727,19.2,30.761,19.22,30.714,1.0253e+05,2.24,-108,-96.758,-102.59,-105.07,-89.626,-102.59,-106.43,2.104,-110.75,-93.441,-101.96,-107.5,-85.38,-101.96,-109.22,13.48,12.934,9565,88
19.187,30.752,19.211,30.776,19.22,30.791,1.0253e+05,2.284,-64,-86.93,-83.297,-72.214,-84.501,-83.297,-68.243,2.158,-57.375,-82.621,-79.669,-67.4,-79.779,-79.669,-62.56,9.702,11.433,9668,89
19.187,30.778,19.2,30.784,19.22,30.769,1.0253e+05,2.332,-16,-65.651,-49.648,-27.243,-70.801,-49.648,-21.224,2.218,2.875,-56.972,-38.397,-11.18,-63.248,-38.397,-3.669,2.172,7.937,9771,90
19.187,30.755,19.189,30.776,19.22,30.803,1.0253e+05,2.348,0,-45.956,-24.824,-5.449,-56.64,-24.824,-2.122,2.217,1.875,-39.318,-18.261,-0.736,-50.224,-18.261,1.321,1.754,5.474,9873,91
19.2,30.769,19.2,30.761,19.23,30.792,1.0253e+05,2.352,4,-30.969,-10.412,2.11,-44.512,-10.412,3.388,2.216,1.25,-27.148,-8.505,0.853,-39.929,-8.505,1.257,1.432,3.736,9975,92
19.187,30.779,19.2,30.784,19.23,30.769,1.0253e+05,2.352,4,-20.478,-3.206,3.622,-34.81,-3.206,3.939,2.217,1.875,-18.441,-3.315,1.671,-31.568,-3.315,1.813,1.754,2.332,10077,93
19.2,30.807,19.211,30.776,19.22,30.769,1.0253e+05,2.348,0,-14.335,-1.603,0.724,-27.848,-1.603,0.394,2.219,3.5,-11.859,0.092,3.134,-24.554,0.092,3.331,2.396,0.389,10179,94
19.187,30.727,19.189,30.792,19.23,30.803,1.0253e+05,2.352,4,-8.834,1.198,3.345,-21.478,1.198,3.639,2.219,4.25,-7.026,2.171,4.027,-18.794,2.171,4.158,2.641,1.887,10281,95
19.2,30.755,19.2,30.784,19.23,30.803,1.0254e+05,2.332,-16,-10.984,-7.401,-12.131,-20.383,-7.401,-14.036,2.208,-6.875,-6.981,-2.352,-4.695,-16.41,-2.352,-5.772,3.359,1.964,10383,96
19.171,30.793,19.211,30.776,19.23,30.759,1.0254e+05,2.556,208,54.711,100.3,163.97,25.294,100.3,185.8,2.443,228.25,63.588,112.95,181.66,32.522,112.95,204.85,19.352,13.613,10485,97
19.187,30.779,19.211,30.776,19.23,30.78,1.0253e+05,2.496,148,82.698,124.15,151.19,49.835,124.15,151.78,2.32,105.13,76.049,109.04,120.43,47.043,109.04,115.1,13.133,13.375,10589,98
19.187,30.782,19.2,30.769,19.23,30.769,1.0253e+05,1.612,-736,-162.91,-305.93,-558.56,-107.33,-305.93,-647.22,1.463,-751.63,-172.25,-321.29,-577.21,-112.69,-321.29,-664.95,35.117,22.96,10692,99
19.213,30.778,19.2,30.776,19.23,30.769,1.0254e+05,1.536,-812,-357.64,-558.96,-761.31,-248.27,-558.96,-795.52,1.399,-815.63,-365.26,-568.46,-767.94,-253.28,-568.46,-800.56,36.581,30.54,10796,100
19.2,30.778,19.211,30.784,19.22,30.814,1.0253e+05,1.936,-412,-373.95,-485.48,-481.86,-281.01,-485.48,-450.35,1.865,-349.5,-360.54,-458.98,-433.19,-272.52,-458.98,-394.61,23.946,27.442,10899,101
19.187,30.778,19.2,30.784,19.23,30.825,1.0254e+05,3.504,1156,85.037,335.26,828.43,6.39,335.26,995.37,3.444,1228.8,116.25,384.88,896.36,27.732,384.88,1066.4,44.9,25.129,11003,102
19.187,30.819,19.189,30.776,19.23,30.792,1.0254e+05,4.352,2004,660.73,1169.6,1768.9,405.91,1169.6,1903.1,4.096,1880.9,645.64,1132.9,1684,398.36,1132.9,1799.4,55.551,43.113,11107,103
19.213,30.779,19.189,30.792,19.22,30.769,1.0253e+05,4.352,2004,1063.7,1586.8,1957,725.53,1586.8,1993.9,4.096,1880.9,1016.2,1506.9,1841.5,694.86,1506.9,1872.7,55.551,49.722,11210,104
19.187,30.793,19.221,30.792,19.23,30.769,1.0253e+05,3.836,1488,1191,1537.4,1581.8,878.02,1537.4,1538.6,3.644,1428.9,1140,1467.9,1511.4,841.67,1467.9,1473.3,48.418,49.075,11315,105
19.2,30.793,19.2,30.792,19.23,30.78,1.0253e+05,2.48,132,873.3,834.7,421.96,728.82,834.7,272.66,2.323,108.13,830.44,788,388.78,694.96,788,244.64,13.319,35.956,11419,106
19.2,30.752,19.2,30.799,19.23,30.814,1.0253e+05,2.352,4,612.51,419.35,87.592,583.86,419.35,30.866,2.223,8.375,583.82,398.19,84.456,557.64,398.19,32.001,3.707,25.56,11523,107
19.171,30.752,19.189,30.799,19.23,30.825,1.0253e+05,2.352,4,429.96,211.68,20.718,467.88,211.68,6.687,2.224,8.625,411.26,203.41,23.791,447.84,203.41,10.963,3.762,18.268,11626,108
19.213,30.793,19.189,30.792,19.23,30.792,1.0253e+05,2.348,0,300.97,105.84,4.144,374.31,105.84,0.669,2.224,9.375,290.7,106.39,12.258,360.14,106.39,9.534,3.922,13.212,11728,109
19.2,30.793,19.189,30.799,19.23,30.792,1.0253e+05,2.352,4,211.88,54.919,4.029,300.25,54.919,3.667,2.226,10.75,206.71,58.57,11.052,290.27,58.57,10.628,4.2,9.803,11832,110
19.2,30.779,19.189,30.792,19.23,30.792,1.0254e+05,2.364,16,153.12,35.459,13.606,243.4,35.459,14.767,2.231,16.25,149.57,37.41,15.21,235.46,37.41,15.688,5.163,7.834,11934,111
19.187,30.741,19.179,30.776,19.23,30.803,1.0254e+05,2.364,16,111.98,25.73,15.521,197.92,25.73,15.877,2.228,13.25,108.68,25.33,13.642,191.02,25.33,13.494,4.663,6.447,12037,112
19.2,30.769,19.189,30.784,19.23,30.792,1.0254e+05,2.368,20,84.386,22.865,19.104,162.33,22.865,19.588,2.238,23.375,83.086,24.353,21.428,157.49,24.353,22.387,6.193,6.321,12140,113
19.2,30.807,19.211,30.799,19.22,30.791,1.0254e+05,2.316,-32,49.47,-4.567,-21.779,123.47,-4.567,-26.841,2.193,-22.375,51.448,0.989,-13.614,121.52,0.989,-17.899,6.059,1.274,12242,114
19.187,30.769,19.179,30.784,19.22,30.78,1.0253e+05,2.252,-96,5.829,-50.284,-81.156,79.574,-50.284,-89.084,2.122,-93.5,7.963,-46.256,-77.523,78.514,-46.256,-85.94,12.386,8.712,12345,115
19.2,30.741,19.211,30.792,19.22,30.803,1.0254e+05,2.176,-172,-47.519,-111.14,-153.83,29.259,-111.14,-163.71,2.042,-173,-46.326,-109.63,-153.91,28.212,-109.63,-164.29,16.848,13.411,12447,116
19.2,30.769,19.189,30.784,19.22,30.78,1.0254e+05,2.108,-240,-105.26,-175.57,-222.77,-24.593,-175.57,-232.37,1.984,-231.13,-101.77,-170.38,-215.68,-23.656,-170.38,-224.44,19.473,16.719,12551,117
19.2,30.769,19.211,30.792,19.22,30.825,1.0254e+05,2.092,-256,-150.49,-215.78,-249.35,-70.874,-215.78,-253.64,1.958,-256.75,-148.26,-213.56,-248.54,-70.275,-213.56,-253.52,20.524,18.719,12654,118
19.187,30.793,19.221,30.807,19.22,30.847,1.0254e+05,2.108,-240,-177.34,-227.89,-241.87,-104.7,-227.89,-241.36,1.994,-220.5,-169.93,-217.03,-226.11,-100.32,-217.03,-223.8,19.02,18.87,12758,119
19.2,30.796,19.211,30.792,19.23,30.792,1.0254e+05,2.124,-224,-191.34,-225.95,-227.57,-128.56,-225.95,-225.74,1.996,-218.63,-184.54,-217.83,-220.12,-123.98,-217.83,-219.14,18.939,18.905,12862,120
19.171,30.782,19.2,30.792,19.23,30.825,1.0254e+05,2.124,-224,-201.14,-224.97,-224.72,-147.65,-224.97,-224.17,1.997,-217.63,-194.47,-217.73,-218.12,-142.71,-217.73,-217.78,18.896,18.9,12965,121
19.187,30.81,19.189,30.792,19.23,30.814,1.0253e+05,2.108,-240,-212.79,-232.49,-236.94,-166.12,-232.49,-238.42,1.983,-232.13,-205.76,-224.93,-229.32,-160.59,-224.93,-230.69,19.515,19.21,13069,122
19.2,30.807,19.168,30.799,19.22,30.814,1.0254e+05,2.112,-236,-219.76,-234.24,-236.19,-180.09,-234.24,-236.24,1.992,-223.5,-211.09,-224.21,-224.66,-173.17,-224.21,-224.22,19.149,19.18,13172,123
19.213,30.766,19.2,30.792,19.22,30.792,1.0254e+05,2.128,-220,-219.83,-227.12,-223.24,-188.08,-227.12,-221.62,2,-214.88,-212.22,-219.54,-216.83,-181.51,-219.54,-215.81,18.776,18.979,13276,124
19.171,30.779,19.2,30.799,19.22,30.814,1.0253e+05,2.128,-220,-219.88,-223.56,-220.65,-194.46,-223.56,-220.16,1.997,-218.13,-213.99,-218.84,-217.87,-188.84,-218.84,-217.89,18.918,18.948,13379,125
19.2,30.769,19.211,30.814,19.22,30.78,1.0253e+05,2.352,4,-152.72,-109.78,-40.93,-154.77,-109.78,-18.416,2.227,12.25,-146.12,-103.29,-33.773,-148.62,-103.29,-10.764,4.483,13.018,13484,126
19.2,30.86,19.211,30.792,19.22,30.825,1.0253e+05,2.352,4,-105.7,-52.89,-4.986,-123.02,-52.89,1.758,2.226,11.125,-98.946,-46.084,2.145,-116.67,-46.084,8.936,4.272,8.695,13586,127
19.2,30.766,19.189,30.792,19.23,30.847,1.0253e+05,2.348,0,-73.991,-26.445,-0.997,-98.412,-26.445,0.176,2.227,12,-65.663,-17.042,10.029,-90.936,-17.042,11.693,4.437,5.288,13688,128
19.187,30.807,19.2,30.814,19.23,30.825,1.0253e+05,2.348,0,-51.794,-13.223,-0.199,-78.729,-13.223,0.018,2.226,11.375,-42.551,-2.833,11.106,-70.474,-2.833,11.407,4.32,2.156,13791,129
19.187,30.793,19.2,30.799,19.23,30.814,1.0253e+05,2.352,4,-35.056,-4.611,3.16,-62.184,-4.611,3.602,2.227,11.625,-26.298,4.396,11.521,-54.054,4.396,11.603,4.367,2.686,13893,130
19.187,30.81,19.211,30.799,19.23,30.847,1.0253e+05,2.348,0,-24.539,-2.306,0.632,-49.747,-2.306,0.36,2.227,11.5,-14.959,7.948,11.504,-40.943,7.948,11.51,4.344,3.611,13996,131
19.2,30.807,19.2,30.799,19.23,30.837,1.0253e+05,2.348,0,-17.177,-1.153,0.126,-39.797,-1.153,0.036,2.227,11.875,-6.909,9.911,11.801,-30.38,9.911,11.838,4.414,4.033,14098,132
19.2,30.848,19.2,30.814,19.23,30.803,1.0254e+05,2.336,-12,-15.624,-6.576,-9.575,-34.238,-6.576,-10.796,2.194,-20.75,-11.061,-5.419,-14.24,-28.454,-5.419,-17.491,5.835,2.982,14200,133
19.2,30.769,19.2,30.814,19.23,30.814,1.0254e+05,2.124,-224,-78.137,-115.29,-181.12,-72.19,-115.29,-202.68,1.997,-217.63,-73.03,-111.52,-176.95,-66.288,-111.52,-197.61,18.896,13.527,14303,134
19.213,30.819,19.2,30.807,19.23,30.78,1.0254e+05,2.076,-272,-136.3,-193.64,-253.82,-112.15,-193.64,-265.07,1.947,-268.25,-131.6,-189.89,-249.99,-106.68,-189.89,-261.19,20.979,17.651,14405,135
19.187,30.846,19.211,30.807,19.23,30.803,1.0254e+05,2.08,-268,-175.81,-230.82,-265.16,-143.32,-230.82,-267.71,1.951,-263.88,-171.28,-226.88,-261.1,-138.12,-226.88,-263.61,20.807,19.294,14510,136
19.187,30.848,19.189,30.807,19.22,30.803,1.0254e+05,2.076,-272,-204.66,-251.41,-270.63,-169.06,-251.41,-271.57,1.958,-257.25,-197.07,-242.06,-258.02,-161.95,-242.06,-257.89,20.544,19.929,14613,137
19.2,30.796,19.189,30.822,19.23,30.78,1.0254e+05,2.076,-272,-224.87,-261.7,-271.73,-189.65,-261.7,-271.96,1.949,-265.63,-217.64,-253.84,-264.1,-182.68,-253.84,-264.85,20.876,20.408,14716,138
19.2,30.857,19.2,30.814,19.23,30.837,1.0254e+05,2.076,-272,-239.01,-266.85,-271.94,-206.12,-266.85,-272,1.94,-274.63,-234.73,-264.24,-272.52,-201.07,-264.24,-273.65,21.227,20.821,14820,139
19.187,30.819,19.211,30.822,19.23,30.859,1.0254e+05,2.08,-268,-247.7,-267.43,-268.79,-218.49,-267.43,-268.4,1.952,-262.75,-243.14,-263.49,-264.7,-213.41,-263.49,-263.84,20.763,20.792,14923,140
19.2,30.834,19.211,30.822,19.23,30.837,1.0254e+05,2.096,-252,-248.99,-259.71,-255.36,-225.19,-259.71,-253.64,1.969,-246.13,-244.03,-254.81,-249.84,-219.95,-254.81,-247.9,20.095,20.447,15028,141
19.187,30.821,19.2,30.814,19.23,30.847,1.0254e+05,2.112,-236,-245.09,-247.86,-239.87,-227.36,-247.86,-237.76,1.977,-237.88,-242.19,-246.34,-240.27,-223.53,-246.34,-238.88,19.755,20.104,15131,142
19.2,30.898,19.189,30.814,19.23,30.825,1.0254e+05,2.096,-252,-247.17,-249.93,-249.57,-232.28,-249.93,-250.58,1.974,-240.75,-241.76,-243.55,-240.65,-226.98,-243.55,-240.56,19.875,19.99,15235,143
19.2,30.819,19.221,30.814,19.23,30.825,1.0254e+05,2.108,-240,-245.02,-244.96,-241.91,-233.83,-244.96,-241.06,1.977,-238.25,-240.7,-240.9,-238.73,-229.23,-240.9,-238.48,19.771,19.881,15338,144
19.213,30.833,19.189,30.822,19.23,30.792,1.0254e+05,2.112,-236,-242.31,-240.48,-237.18,-234.26,-240.48,-236.51,1.986,-229.13,-237.23,-235.01,-231.05,-229.21,-235.01,-230.06,19.389,19.636,15441,145
19.187,30.848,19.179,30.814,19.23,30.837,1.0254e+05,2.128,-220,-235.62,-230.24,-223.44,-231.41,-230.24,-221.65,1.994,-221.13,-232.4,-228.07,-223.11,-227.59,-228.07,-222.02,19.047,19.344,15546,146
19.2,30.833,19.179,30.814,19.23,30.814,1.0254e+05,2.108,-240,-236.93,-235.12,-236.69,-233.13,-235.12,-238.16,1.992,-223.5,-229.73,-225.78,-223.42,-226.78,-225.78,-223.35,19.149,19.247,15649,147
19.213,30.889,19.211,30.822,19.23,30.825,1.0254e+05,2.108,-240,-237.85,-237.56,-239.34,-234.5,-237.56,-239.82,1.99,-225.5,-228.46,-225.64,-225.08,-226.52,-225.64,-225.28,19.235,19.241,15753,148
19.187,30.86,19.189,30.807,19.23,30.825,1.0254e+05,2.124,-224,-233.7,-230.78,-227.07,-232.4,-230.78,-225.58,1.996,-219.13,-225.66,-222.38,-220.32,-225.04,-222.38,-219.74,18.961,19.101,15856,149
19.2,30.929,19.189,30.822,19.23,30.859,1.0254e+05,2.144,-204,-224.79,-217.39,-208.61,-226.72,-217.39,-206.16,2.024,-191.25,-215.34,-206.82,-197.06,-218.28,-206.82,-194.1,17.714,18.421,15960,150
19.187,30.889,19.211,30.822,19.23,30.803,1.0254e+05,2.332,-16,-162.15,-116.69,-54.523,-184.58,-116.69,-35.016,2.213,-1.875,-151.3,-104.35,-40.913,-175,-104.35,-21.098,1.754,13.084,16063,151
19.2,30.874,19.189,30.837,19.23,30.814,1.0254e+05,2.352,4,-112.31,-56.348,-7.705,-146.86,-56.348,0.098,2.226,10.75,-102.68,-46.798,0.417,-137.85,-46.798,7.565,4.2,8.762,16166,152
19.2,30.848,19.189,30.83,19.23,30.825,1.0254e+05,2.352,4,-77.414,-26.174,1.659,-116.69,-26.174,3.61,2.226,11.25,-68.504,-17.774,9.084,-108.03,-17.774,10.882,4.296,5.4,16269,153
19.2,30.874,19.211,30.83,19.23,30.814,1.0254e+05,2.348,0,-54.19,-13.087,0.332,-93.352,-13.087,0.361,2.224,9.25,-45.178,-4.262,9.217,-84.575,-4.262,9.413,3.896,2.644,16371,154
19.213,30.874,19.211,30.83,19.23,30.837,1.0254e+05,2.352,4,-36.733,-4.543,3.266,-73.881,-4.543,3.636,2.224,9,-28.924,2.369,9.043,-65.86,2.369,9.041,3.843,1.972,16474,155
19.2,30.86,19.211,30.83,19.23,30.825,1.0254e+05,2.352,4,-24.513,-0.272,3.853,-58.305,-0.272,3.964,2.224,9.125,-17.51,5.747,9.109,-50.863,5.747,9.117,3.869,3.071,16576,156
19.187,30.888,19.211,30.83,19.23,30.87,1.0254e+05,2.336,-12,-20.759,-6.136,-8.829,-49.044,-6.136,-10.404,2.223,7.5,-10.007,6.623,7.822,-39.19,6.623,7.662,3.508,3.297,16677,157
19.213,30.848,19.221,30.837,19.23,30.882,1.0254e+05,2.352,4,-13.331,-1.068,1.434,-38.435,-1.068,2.56,2.224,9.125,-4.267,7.874,8.864,-29.527,7.874,8.979,3.869,3.594,16780,158
19.187,30.807,19.221,30.822,19.23,30.892,1.0254e+05,2.352,4,-8.132,1.466,3.487,-29.948,1.466,3.856,2.22,5.125,-1.45,6.5,5.873,-22.597,6.5,5.51,2.9,3.266,16882,159
19.2,30.888,19.2,30.83,19.22,30.837,1.0254e+05,2.348,0,-5.692,0.733,0.697,-23.959,0.733,0.386,2.226,10.875,2.248,8.687,9.875,-15.902,8.687,10.339,4.224,3.775,16984,160
19.2,30.898,19.2,30.83,19.23,30.859,1.0254e+05,2.352,4,-2.785,2.366,3.339,-18.367,2.366,3.639,2.227,11.75,5.098,10.219,11.375,-10.372,10.219,11.609,4.391,4.095,17086,161
19.213,30.874,19.2,30.845,19.23,30.87,1.0254e+05,2.32,-28,-10.349,-12.817,-21.732,-20.293,-12.817,-24.836,2.186,-29,-5.131,-9.391,-20.925,-14.098,-9.391,-24.939,6.898,3.925,17188,162
19.2,30.898,19.179,30.845,19.23,30.847,1.0254e+05,2.32,-28,-15.644,-20.408,-26.746,-21.835,-20.408,-27.683,2.189,-25.625,-11.279,-17.508,-24.685,-16.403,-17.508,-25.556,6.484,5.36,17291,163
19.2,30.889,19.189,30.822,19.23,30.825,1.0254e+05,2.108,-240,-82.951,-130.2,-197.35,-65.468,-130.2,-218.77,1.967,-248.38,-82.408,-132.94,-203.64,-62.797,-132.94,-226.09,20.187,14.769,17393,164
19.171,30.885,19.189,30.822,19.23,30.859,1.0254e+05,1.632,-716,-272.87,-423.1,-612.27,-195.57,-423.1,-666.28,1.494,-721,-273.99,-426.97,-617.53,-194.44,-426.97,-671.51,34.394,26.467,17497,165
19.187,30.889,19.221,30.83,19.23,30.847,1.0254e+05,1.708,-640,-383.01,-531.55,-634.45,-284.46,-531.55,-642.63,1.59,-624.75,-379.21,-525.86,-623.3,-280.5,-525.86,-629.43,32.016,29.373,17600,166
19.2,30.888,19.189,30.837,19.23,30.847,1.0254e+05,1.708,-640,-460.1,-585.78,-638.89,-355.57,-585.78,-640.26,1.583,-631.88,-455.01,-578.87,-630.16,-350.77,-578.87,-631.63,32.198,30.818,17703,167
19.187,30.898,19.2,30.837,19.23,30.837,1.0254e+05,1.888,-460,-460.07,-522.89,-495.78,-376.45,-522.89,-478.03,1.804,-411,-441.81,-494.93,-454.83,-362.82,-494.93,-433.06,25.968,28.496,17808,168
19.213,30.912,19.189,30.837,19.23,30.837,1.0254e+05,2.368,20,-316.05,-251.44,-83.156,-297.16,-251.44,-29.803,2.225,10.5,-306.12,-242.22,-82.566,-288.16,-242.22,-33.856,4.151,19.935,17911,169
19.187,30.915,19.2,30.845,19.23,30.87,1.0254e+05,2.348,0,-221.24,-125.72,-16.631,-237.73,-125.72,-2.98,2.225,10.375,-211.17,-115.92,-8.213,-228.45,-115.92,5.952,4.126,13.791,18015,170
19.213,30.912,19.211,30.853,19.22,30.814,1.0254e+05,2.352,4,-153.66,-60.861,-0.126,-189.38,-60.861,3.302,2.243,27.75,-139.49,-44.085,20.557,-177.21,-44.085,25.57,6.748,8.505,18117,171
19.187,30.889,19.2,30.837,19.22,30.825,1.0255e+05,2.352,4,-106.37,-28.431,3.175,-150.71,-28.431,3.93,2.225,9.875,-94.683,-17.105,12.012,-139.79,-17.105,11.445,4.025,5.298,18220,172
19.2,30.86,19.211,30.837,19.22,30.915,1.0254e+05,2.352,4,-73.256,-12.215,3.835,-119.77,-12.215,3.993,2.224,9,-63.578,-4.053,9.602,-110.03,-4.053,9.245,3.843,2.579,18323,173
19.2,30.929,19.2,30.853,19.23,30.859,1.0254e+05,2.348,0,-51.279,-6.108,0.767,-95.813,-6.108,0.399,2.224,8.5,-41.955,2.224,8.72,-86.328,2.224,8.574,3.734,1.91,18425,174
19.171,30.901,19.211,30.845,19.23,30.904,1.0254e+05,2.348,0,-35.895,-3.054,0.153,-76.65,-3.054,0.04,2.225,9.75,-26.443,5.987,9.544,-67.112,5.987,9.632,4,3.134,18527,175
19.2,30.929,19.189,30.853,19.23,30.847,1.0254e+05,2.348,0,-25.127,-1.527,0.031,-61.32,-1.527,0.004,2.225,9.75,-15.585,7.868,9.709,-51.74,7.868,9.738,4,3.593,18629,176
19.157,30.889,19.211,30.86,19.22,30.891,1.0254e+05,2.352,4,-16.389,1.237,3.206,-48.256,1.237,3.6,2.223,8.375,-8.397,8.122,8.642,-39.717,8.122,8.511,3.707,3.65,18731,177
19.187,30.966,19.2,30.845,19.23,30.87,1.0254e+05,2.348,0,-11.472,0.618,0.641,-38.605,0.618,0.36,2.224,9.125,-3.141,8.623,9.028,-29.948,8.623,9.064,3.869,3.761,18833,178
19.213,30.915,19.2,30.845,19.23,30.892,1.0254e+05,2.348,0,-8.03,0.309,0.128,-30.884,0.309,0.036,2.228,12.625,1.589,10.624,11.906,-21.434,10.624,12.269,4.551,4.175,18934,179
19.2,30.898,19.221,30.853,19.23,30.882,1.0254e+05,2.352,4,-4.421,2.155,3.226,-23.907,2.155,3.604,2.224,9.375,3.925,10,9.881,-15.272,10,9.664,3.922,4.05,19037,180
19.2,30.912,19.211,30.853,19.23,30.837,1.0254e+05,2.352,4,-1.895,3.077,3.845,-18.326,3.077,3.96,2.226,11.25,6.122,10.625,10.976,-9.968,10.625,11.091,4.296,4.175,19139,181
19.213,30.926,19.2,30.853,19.23,30.859,1.0254e+05,2.348,0,-1.326,1.539,0.769,-14.661,1.539,0.396,2.226,11,7.586,10.812,10.995,-5.774,10.812,11.009,4.248,4.212,19241,182
19.213,30.929,19.179,30.868,19.23,30.87,1.0254e+05,2.364,16,3.871,8.769,12.954,-8.528,8.769,14.44,2.226,11.25,8.685,11.031,11.199,-2.369,11.031,11.226,4.296,4.254,19343,183
19.213,30.885,19.189,30.853,19.23,30.904,1.0254e+05,2.348,0,2.71,4.385,2.591,-6.823,4.385,1.444,2.226,11,9.379,11.016,11.04,0.305,11.016,11.023,4.248,4.251,19445,184
19.2,30.926,19.2,30.86,19.23,30.825,1.0254e+05,2.352,4,3.097,4.192,3.718,-4.658,4.192,3.744,2.226,11.125,9.903,11.07,11.108,2.469,11.07,11.115,4.272,4.262,19548,185
19.2,30.926,19.2,30.86,19.23,30.837,1.0254e+05,2.348,0,2.168,2.096,0.744,-3.727,2.096,0.374,2.226,10.75,10.157,10.91,10.822,4.125,10.91,10.787,4.2,4.231,19649,186
19.2,30.929,19.189,30.86,19.23,30.904,1.0254e+05,2.348,0,1.518,1.048,0.149,-2.981,1.048,0.037,2.226,10.875,10.373,10.893,10.864,5.475,10.893,10.866,4.224,4.227,19751,187
19.187,30.912,19.2,30.86,19.23,30.904,1.0254e+05,2.348,0,1.062,0.524,0.03,-2.385,0.524,0.004,2.226,11.25,10.636,11.071,11.173,6.63,11.071,11.212,4.296,4.262,19854,188
19.2,30.953,19.2,30.86,19.23,30.904,1.0254e+05,2.352,4,1.944,2.262,3.206,-1.108,2.262,3.6,2.226,11,10.745,11.036,11.035,7.504,11.036,11.021,4.248,4.255,19956,189
19.2,30.981,19.211,30.853,19.22,30.87,1.0254e+05,2.352,4,2.56,3.131,3.841,-0.086,3.131,3.96,2.226,11,10.821,11.018,11.007,8.203,11.018,11.002,4.248,4.252,20058,190
19.187,30.953,19.189,30.875,19.22,30.937,1.0254e+05,2.348,0,1.792,1.565,0.768,-0.069,1.565,0.396,2.226,10.75,10.8,10.884,10.801,8.713,10.884,10.775,4.2,4.226,20160,191
19.187,30.94,19.2,30.875,19.23,30.904,1.0254e+05,2.352,4,2.455,2.783,3.354,0.745,2.783,3.64,2.225,9.75,10.485,10.317,9.96,8.92,10.317,9.852,4,4.114,20262,192
19.2,30.952,19.2,30.875,19.22,30.971,1.0254e+05,2.348,0,1.718,1.391,0.671,0.596,1.391,0.364,2.224,8.875,10.002,9.596,9.092,8.911,9.596,8.973,3.816,3.968,20364,193
19.2,30.967,19.2,30.868,19.23,30.948,1.0254e+05,2.348,0,1.203,0.696,0.134,0.477,0.696,0.036,2.224,8.75,9.626,9.173,8.818,8.879,9.173,8.772,3.789,3.879,20466,194
19.2,30.967,19.211,30.86,19.23,30.882,1.0254e+05,2.352,4,2.042,2.348,3.227,1.181,2.348,3.604,2.224,8.5,9.288,8.836,8.564,8.803,8.836,8.527,3.734,3.808,20568,195
19.2,30.967,19.2,30.86,19.23,30.915,1.0254e+05,2.352,4,2.629,3.174,3.845,1.745,3.174,3.96,2.224,8.5,9.052,8.668,8.513,8.742,8.668,8.503,3.734,3.771,20669,196
19.2,30.943,19.189,30.86,19.23,30.926,1.0254e+05,2.352,4,3.041,3.587,3.969,2.196,3.587,3.996,2.224,8.5,8.886,8.584,8.502,8.694,8.584,8.5,3.734,3.753,20771,197
19.213,30.967,19.221,30.868,19.23,30.926,1.0254e+05,2.348,0,2.128,1.793,0.794,1.757,1.793,0.4,2.224,9.125,8.958,8.854,9,8.78,8.854,9.063,3.869,3.811,20873,198
19.213,30.993,19.2,30.868,19.23,30.926,1.0254e+05,2.348,0,1.49,0.897,0.159,1.405,0.897,0.04,2.225,10.125,9.308,9.49,9.9,9.049,9.49,10.019,4.076,3.946,20975,199
19.2,30.953,19.2,30.875,19.23,30.937,1.0254e+05,2.352,4,2.243,2.448,3.232,1.924,2.448,3.604,2.226,11.25,9.891,10.37,10.98,9.489,10.37,11.127,4.296,4.125,21076,200
