Muestra,Temp
0.0,1.0
0.0,1.0
0.0,1.0
0.0,1.0
0.0,1.0
0.0,1.0
0.0,1.0
0.0,1.0
0.0,1.0
0.0,1.0
0.0,1.0
0.0,1.0
0.0,1.0
0.0,1.0
0.0,1.0
0.0,1.0
0.0,1.0
0.0,1.0
0.0,1.0
0.0,1.0
0.0,1.0
0.0,1.0
0.0,1.0
0.0,1.0
0.0,1.0
0.0,1.0
0.0,1.0
0.0,1.0
0.0,1.0
0.0,1.0
0.0,1.0
0.0,1.0
0.0,1.0
0.0,1.0
0.0,1.0
0.0,1.0
0.0,1.0
0.0,1.0
0.0,1.0
0.697,1.0
0.0,1.0
0.0,1.0
0.948,1.0
0.528,1.0
0.528,1.0
0.697,1.0
0.0,1.0
0.0,1.0
0.0,1.0
0.948,1.0
0.0,1.0
0.0,1.0
0.0,1.0
0.0,1.0
0.0,1.0
0.0,1.0
0.0,1.0
0.697,1.0
0.948,1.0
0.0,1.0
0.0,1.0
0.0,1.0
0.0,1.0
0.0,1.0
0.528,1.0
0.0,1.0
0.0,1.0
0.0,1.0
0.269,1.0
0.0,1.0
0.0,1.0
0.0,1.0
0.0,1.0
0.269,1.0
0.0,1.0
0.528,1.0
0.0,1.0
0.697,1.0
0.528,1.0
0.0,1.0
0.0,1.0
0.0,1.0
0.0,1.0
0.697,1.0
0.528,1.0
0.0,1.0
0.0,1.0
0.0,1.0
0.0,1.0
0.269,1.0
0.832,1.0
0.528,1.0
0.0,1.0
0.0,1.0
0.528,1.0
0.269,1.0
0.269,1.0
0.269,1.0
0.528,1.0
0.0,1.0
0.0,1.0
0.528,1.0
0.269,1.0
0.948,1.0
0.528,1.0
0.269,1.0
0.528,0.948
0.0,0.948
0.269,0.948
0.697,0.832
0.697,0.697
0.269,0.697
0.0,0.697
0.528,0.697
0.0,0.697
0.0,0.697
0.0,0.697
0.0,0.832
0.0,0.948
0.0,0.948
0.528,0.832
0.528,0.697
0.0,0.697
0.269,0.697
0.832,0.832
0.0,0.832
0.832,0.832
0.0,0.832
0.832,0.832
0.697,0.832
0.832,0.832
0.832,0.832
0.832,0.832
0.697,0.832
0.697,0.832
0.0,0.832
0.832,0.832
0.948,0.832
0.832,0.832
0.269,0.832
0.948,0.832
0.528,0.832
0.528,0.832
0.0,0.832
0.697,0.832
0.0,0.832
0.0,0.832
0.269,0.832
0.0,0.832
0.269,0.832
0.697,0.832
0.0,0.832
0.697,0.832
0.832,0.832
0.0,0.832
0.832,0.832
0.528,0.832
0.832,0.832
0.0,0.832
0.528,0.832
0.697,0.832
0.697,0.832
0.269,0.832
0.528,0.832
0.528,0.832
0.0,0.832
0.528,0.832
0.269,0.832
0.269,0.697
0.0,0.832
0.0,0.832
0.697,0.697
1.232,0.697
1.051,0.832
0.528,0.832
0.269,0.697
1.051,0.697
0.528,0.697
0.832,0.697
0.269,0.697
0.697,0.697
0.528,0.697
0.697,0.697
0.697,0.697
0.269,0.697
0.697,0.697
1.051,0.697
0.269,0.697
0.0,0.697
0.269,0.697
0.0,0.697
0.0,0.697
0.948,0.697
0.0,0.697
0.0,0.697
0.0,0.697
0.0,0.697
0.697,0.697
0.528,0.697
0.697,0.697
0.0,0.697
0.269,0.697
0.0,0.697
0.0,0.697
0.0,0.832
0.0,0.832
0.0,0.948
0.0,1.0
0.528,1.0
0.0,1.0
0.528,0.948
0.0,1.0
0.528,0.948
0.0,0.948
0.0,1.0
0.269,1.0
0.528,0.948
0.269,0.948
0.0,1.0
0.0,1.0
0.697,1.0
0.0,1.0
0.0,1.0
0.0,1.0
0.528,1.0
0.0,1.0
0.0,1.0
0.0,1.0
0.0,1.0
0.0,1.0
0.0,1.0
0.0,1.0
0.0,1.0
0.0,1.0
0.0,1.0
0.269,1.0
0.0,1.0
0.0,1.0
0.0,1.0
0.0,1.0
0.0,1.0
1.232,1.0
0.0,1.0
0.269,1.0
0.0,1.0
0.832,1.0
1.145,1.0
0.0,1.0
0.528,1.0
0.697,1.0
1.145,1.0
2.504,1.0
0.269,1.0
1.462,1.0
0.0,1.0
0.948,1.0
0.948,1.0
1.313,1.0
0.832,1.0
0.832,1.0
1.462,1.0
1.722,1.0
1.051,1.0
1.313,1.0
1.597,1.0
1.597,1.0
1.313,1.0
1.838,1.0
2.545,1.0
2.545,1.0
2.504,1.0
2.923,1.0
2.851,1.0
3.32,1.051
3.225,1.145
3.257,1.145
3.351,1.232
3.589,1.313
3.919,1.313
3.866,1.313
3.893,1.462
4.074,1.462
4.15,1.597
4.074,1.597
4.344,1.722
4.643,1.838
4.53,2.504
4.709,2.504
4.665,2.545
4.598,2.545
4.731,2.851
4.553,2.923
4.508,3.225
4.508,3.257
4.839,3.32
4.485,3.351
4.531,3.589
4.553,3.866
4.621,3.893
4.775,3.919
4.709,4.074
4.775,4.074
4.508,4.15
4.796,4.344
4.665,4.485
4.272,4.485
4.415,4.485
4.753,4.508
4.818,4.508
4.687,4.508
4.665,4.53
4.818,4.531
4.731,4.553
4.818,4.553
4.924,4.598
4.643,4.621
4.576,4.621
4.462,4.621
4.553,4.621
4.576,4.621
4.818,4.643
4.924,4.643
4.924,4.665
4.882,4.665
4.709,4.665
4.903,4.687
4.986,4.709
5.048,4.709
4.643,4.709
5.209,4.709
4.621,4.709
4.796,4.709
4.753,4.731
4.709,4.731
4.839,4.731
4.945,4.753
4.945,4.753
5.007,4.775
4.903,4.775
4.882,4.796
4.924,4.796
4.753,4.796
4.882,4.818
4.882,4.818
4.86,4.818
4.643,4.818
4.86,4.818
4.882,4.839
4.775,4.839
4.966,4.86
5.209,4.86
4.986,4.882
4.861,4.882
5.169,4.882
4.986,4.882
5.027,4.882
4.621,4.882
4.986,4.882
5.007,4.882
4.903,4.903
4.687,4.903
4.924,4.903
4.903,4.903
5.068,4.903
5.048,4.903
4.965,4.903
4.924,4.903
4.687,4.903
4.86,4.903
4.507,4.903
4.796,4.903
4.687,4.903
4.818,4.903
4.576,4.903
4.818,4.903
4.709,4.882
4.621,4.882
4.731,4.882
5.048,4.882
4.924,4.882
4.62,4.882
4.945,4.882
4.415,4.882
4.576,4.861
4.643,4.861
4.731,4.861
4.643,4.861
4.598,4.86
5.209,4.861
4.753,4.86
4.621,4.818
4.731,4.818
4.598,4.796
4.576,4.753
4.621,4.731
4.796,4.731
4.415,4.731
4.818,4.731
4.507,4.731
4.665,4.731
4.643,4.731
4.709,4.709
4.753,4.709
4.643,4.709
4.775,4.709
4.839,4.709
4.598,4.687
4.665,4.687
4.882,4.687
4.576,4.687
4.598,4.665
4.839,4.665
5.007,4.665
4.839,4.709
4.643,4.665
5.027,4.665
5.149,4.709
5.068,4.709
5.109,4.709
5.109,4.709
4.903,4.731
4.731,4.731
4.903,4.731
4.731,4.731
5.048,4.731
5.169,4.753
4.986,4.753
4.753,4.753
4.966,4.753
4.986,4.775
5.109,4.796
5.007,4.818
5.007,4.839
5.028,4.839
4.924,4.839
5.048,4.882
4.753,4.882
4.818,4.882
4.753,4.882
5.268,4.903
5.089,4.903
5.248,4.924
4.882,4.924
4.818,4.924
4.966,4.966
4.839,4.966
5.048,4.966
4.839,4.966
4.839,4.966
4.796,4.966
4.986,4.986
4.966,4.986
4.924,4.966
4.882,4.966
4.839,4.966
4.775,4.966
4.709,4.966
4.687,4.924
4.731,4.924
4.945,4.924
4.709,4.924
4.924,4.924
4.731,4.924
5.028,4.924
4.945,4.924
4.881,4.924
5.149,4.924
4.882,4.924
5.068,4.924
4.709,4.924
5.048,4.924
4.643,4.882
4.643,4.882
4.796,4.882
4.731,4.881
4.731,4.839
4.553,4.839
4.903,4.881
4.965,4.882
4.817,4.881
4.731,4.839
4.621,4.839
4.709,4.839
4.882,4.839
4.643,4.839
4.924,4.839
4.643,4.839
4.881,4.839
4.796,4.817
4.774,4.817
4.461,4.796
4.687,4.796
4.796,4.796
4.86,4.796
5.089,4.796
4.986,4.796
4.753,4.796
4.818,4.796
4.945,4.817
4.508,4.796
4.438,4.796
4.687,4.796
4.621,4.796
4.818,4.796
4.818,4.796
4.924,4.796
4.924,4.796
4.924,4.796
4.839,4.796
4.924,4.796
4.687,4.796
4.576,4.796
4.839,4.796
4.687,4.796
4.731,4.796
4.485,4.796
4.598,4.796
4.598,4.796
4.621,4.774
4.775,4.774
4.818,4.775
4.924,4.796
4.839,4.796
4.731,4.796
4.965,4.796
4.753,4.796
4.621,4.796
4.753,4.775
4.903,4.775
5.028,4.796
4.86,4.818
4.924,4.818
4.53,4.818
4.796,4.818
4.731,4.796
4.945,4.796
4.818,4.818
4.709,4.796
4.621,4.775
4.643,4.775
4.643,4.775
4.643,4.775
4.438,4.775
4.775,4.775
4.839,4.775
4.86,4.775
4.924,4.775
4.986,4.775
4.986,4.775
4.839,4.775
4.621,4.775
4.986,4.775
4.86,4.775
4.709,4.775
4.687,4.775
4.945,4.796
4.774,4.796
4.86,4.818
4.709,4.818
4.86,4.818
4.818,4.818
4.753,4.818
4.86,4.818
4.882,4.818
4.924,4.818
4.731,4.818
4.818,4.818
4.86,4.839
5.189,4.839
5.028,4.839
5.129,4.839
4.924,4.839
4.665,4.839
5.028,4.839
4.598,4.839
5.089,4.839
4.796,4.839
5.129,4.86
5.068,4.86
4.861,4.86
4.986,4.86
4.882,4.86
5.007,4.86
5.028,4.861
4.924,4.882
4.731,4.882
4.902,4.882
4.86,4.861
5.068,4.861
4.881,4.881
4.945,4.882
5.068,4.882
5.068,4.882
5.027,4.902
4.882,4.902
4.839,4.882
4.839,4.882
4.903,4.902
4.796,4.902
4.687,4.902
4.687,4.902
5.027,4.903
4.687,4.903
4.621,4.903
4.818,4.902
5.089,4.903
4.86,4.903
4.576,4.903
4.965,4.903
5.089,4.903
4.965,4.903
4.882,4.902
4.598,4.902
4.665,4.882
4.86,4.882
4.839,4.882
4.753,4.882
4.882,4.882
4.687,4.882
4.643,4.882
4.665,4.881
4.839,4.86
4.818,4.86
4.709,4.86
4.945,4.86
4.709,4.86
4.709,4.839
4.643,4.839
4.753,4.839
4.882,4.839
4.753,4.839
4.709,4.818
4.731,4.818
4.665,4.796
4.86,4.796
4.731,4.753
4.731,4.753
4.731,4.753
4.774,4.753
4.882,4.753
4.709,4.753
4.53,4.753
4.665,4.753
4.924,4.753
4.965,4.753
4.687,4.753
4.796,4.753
4.965,4.753
4.924,4.753
5.027,4.753
4.665,4.753
4.86,4.753
4.945,4.753
5.169,4.753
4.731,4.753
4.986,4.753
4.903,4.753
4.839,4.753
4.753,4.753
5.048,4.774
4.902,4.796
4.945,4.796
4.986,4.796
4.86,4.839
5.149,4.839
4.796,4.839
4.902,4.86
4.507,4.86
4.731,4.86
4.839,4.839
4.687,4.839
4.796,4.839
4.839,4.839
4.965,4.86
4.986,4.86
4.796,4.86
4.709,4.86
4.775,4.86
4.818,4.86
5.069,4.86
4.945,4.86
4.621,4.86
4.86,4.86
4.818,4.86
4.818,4.86
4.687,4.86
4.966,4.86
4.839,4.86
4.924,4.86
5.189,4.86
5.129,4.86
4.839,4.86
4.945,4.86
4.839,4.839
4.753,4.839
4.986,4.839
4.753,4.839
4.775,4.839
5.129,4.839
5.048,4.839
4.986,4.839
4.986,4.839
5.048,4.839
4.774,4.839
4.598,4.839
4.903,4.839
4.818,4.839
4.839,4.839
4.818,4.839
4.621,4.839
4.553,4.839
4.818,4.839
4.945,4.839
5.007,4.839
4.986,4.839
4.882,4.839
4.966,4.86
4.986,4.882
5.129,4.903
4.839,4.882
4.945,4.882
4.882,4.882
4.796,4.882
5.007,4.903
4.753,4.903
5.129,4.924
4.986,4.924
4.924,4.924
4.839,4.924
4.965,4.924
4.796,4.903
4.598,4.903
4.839,4.882
4.731,4.882
4.731,4.882
4.753,4.882
4.903,4.882
4.796,4.882
5.089,4.882
4.965,4.882
4.903,4.882
4.796,4.882
4.986,4.882
4.986,4.882
4.924,4.903
4.986,4.903
4.86,4.903
4.839,4.903
4.966,4.903
4.966,4.924
5.089,4.924
4.818,4.924
5.028,4.924
4.818,4.924
4.839,4.903
4.903,4.903
4.86,4.903
4.924,4.903
4.86,4.903
4.986,4.903
4.753,4.903
4.621,4.903
4.753,4.903
4.665,4.86
4.576,4.86
4.818,4.86
4.986,4.86
4.945,4.86
4.903,4.86
4.775,4.86
4.796,4.86
4.986,4.86
4.731,4.86
4.731,4.86
4.882,4.882
4.731,4.882
4.86,4.86
4.731,4.86
4.818,4.86
4.86,4.86
4.839,4.86
4.986,4.86
4.966,4.86
4.753,4.86
4.924,4.86
4.731,4.86
4.665,4.839
4.598,4.839
4.553,4.839
4.507,4.818
4.818,4.818
4.945,4.818
4.643,4.818
4.709,4.818
4.839,4.818
4.818,4.818
5.027,4.818
4.903,4.818
4.687,4.818
4.53,4.796
4.775,4.796
4.731,4.796
4.839,4.818
4.86,4.818
4.576,4.818
4.621,4.818
4.665,4.796
4.924,4.796
4.796,4.796
4.86,4.796
4.665,4.796
4.86,4.796
4.643,4.796
4.731,4.796
4.86,4.796
4.731,4.796
4.796,4.796
4.945,4.796
4.965,4.796
4.966,4.796
4.965,4.796
4.945,4.796
4.839,4.796
4.796,4.796
4.62,4.796
4.62,4.796
4.576,4.796
4.839,4.796
4.731,4.796
4.986,4.818
4.796,4.796
4.818,4.796
5.068,4.818
5.007,4.818
5.027,4.818
4.796,4.818
4.839,4.818
5.169,4.818
5.048,4.839
4.839,4.839
4.774,4.839
4.903,4.839
4.924,4.839
4.796,4.839
5.027,4.839
5.109,4.839
5.129,4.86
4.986,4.86
4.508,4.86
4.965,4.86
5.149,4.86
4.86,4.86
4.665,4.86
4.598,4.86
4.576,4.86
4.86,4.86
4.923,4.903
4.839,4.86
4.774,4.86
4.882,4.86
4.924,4.86
5.129,4.86
4.903,4.86
5.149,4.882
5.048,4.903
5.069,4.903
4.839,4.903
4.945,4.923
4.945,4.924
5.109,4.924
5.068,4.924
4.839,4.924
4.818,4.924
4.986,4.924
5.007,4.924
4.796,4.924
4.986,4.924
4.903,4.924
4.839,4.923
4.903,4.923
4.839,4.923
4.774,4.923
4.839,4.903
4.709,4.903
4.687,4.903
4.687,4.903
5.028,4.903
4.839,4.882
5.109,4.903
5.068,4.903
4.775,4.882
5.048,4.903
4.882,4.903
4.796,4.903
4.665,4.903
4.818,4.903
4.882,4.882
4.621,4.882
4.709,4.882
4.731,4.882
4.731,4.882
4.986,4.882
4.86,4.86
4.753,4.839
4.903,4.839
4.839,4.839
4.621,4.839
4.344,4.839
4.484,4.839
4.839,4.839
4.986,4.839
4.817,4.839
4.731,4.839
4.709,4.839
4.986,4.839
4.965,4.839
4.86,4.839
5.007,4.839
5.007,4.839
5.048,4.839
4.576,4.839
5.007,4.839
4.944,4.839
4.966,4.839
4.86,4.86
5.109,4.86
4.818,4.86
4.966,4.86
5.068,4.86
4.839,4.86
4.817,4.86
4.882,4.86
4.903,4.86
4.839,4.86
4.731,4.86
4.731,4.86
4.986,4.86
4.553,4.86
4.508,4.86
4.839,4.86
4.731,4.86
4.643,4.839
4.945,4.839
5.007,4.86
4.86,4.86
4.796,4.86
4.753,4.86
5.109,4.86
4.86,4.86
5.048,4.86
4.462,4.86
5.027,4.86
4.576,4.86
4.709,4.86
4.818,4.86
4.86,4.86
4.86,4.86
4.924,4.86
4.966,4.86
5.129,4.86
5.109,4.86
5.129,4.86
4.687,4.86
4.485,4.86
4.621,4.86
4.903,4.86
5.288,4.86
4.965,4.86
4.839,4.86
5.007,4.86
5.048,4.86
4.839,4.86
4.709,4.86
5.069,4.86
5.028,4.86
5.027,4.86
5.007,4.86
4.882,4.882
5.068,4.903
5.149,4.924
5.346,4.945
5.129,4.965
5.385,4.966
5.423,4.966
4.881,4.966
5.027,5.007
5.346,5.007
5.423,5.007
5.307,5.027
4.986,5.007
5.442,5.027
5.755,5.027
5.404,5.027
5.536,5.028
5.229,5.048
5.628,5.068
4.924,5.068
5.249,5.069
5.517,5.109
5.404,5.109
5.068,5.069
5.346,5.069
5.573,5.129
5.592,5.149
5.719,5.229
5.61,5.249
5.629,5.249
5.809,5.307
5.827,5.346
5.555,5.346
5.72,5.346
5.773,5.385
5.404,5.404
5.755,5.404
5.629,5.404
5.932,5.423
5.385,5.423
5.809,5.423
5.967,5.442
5.932,5.517
5.967,5.536
5.701,5.555
5.461,5.555
5.915,5.573
5.773,5.592
6.087,5.61
5.773,5.628
5.862,5.629
5.701,5.629
5.827,5.701
5.827,5.701
5.88,5.701
5.809,5.719
5.827,5.72
5.949,5.755
6.155,5.773
5.592,5.773
6.019,5.773
5.88,5.773
5.862,5.809
5.737,5.809
5.844,5.809
6.019,5.809
5.88,5.827
6.07,5.827
5.915,5.827
6.121,5.827
5.88,5.844
5.536,5.844
5.647,5.844
5.498,5.844
5.755,5.844
5.683,5.844
5.984,5.862
5.461,5.862
5.897,5.862
5.423,5.862
5.984,5.862
5.683,5.862
5.755,5.844
5.683,5.827
5.809,5.827
5.646,5.827
5.791,5.827
5.573,5.827
5.554,5.827
5.683,5.827
5.498,5.809
5.683,5.809
6.018,5.809
5.517,5.809
5.809,5.809
5.149,5.791
5.809,5.791
5.844,5.791
6.07,5.791
5.95,5.809
5.984,5.809
5.498,5.791
5.701,5.755
5.719,5.755
5.683,5.755
6.086,5.755
5.61,5.719
6.104,5.719
5.862,5.719
6.087,5.719
5.517,5.701
6.137,5.719
5.809,5.755
5.665,5.755
5.683,5.719
5.719,5.719
5.844,5.719
5.949,5.755
5.897,5.755
5.932,5.791
5.984,5.791
5.461,5.791
5.554,5.791
6.069,5.809
5.827,5.809
5.665,5.809
5.61,5.809
5.932,5.809
6.137,5.809
5.949,5.827
5.897,5.844
5.737,5.844
6.001,5.844
5.628,5.844
5.949,5.844
5.932,5.862
5.897,5.897
5.984,5.897
5.949,5.897
5.719,5.897
5.384,5.862
5.879,5.879
5.737,5.879
5.573,5.879
5.646,5.879
5.591,5.862
6.086,5.879
6.137,5.879
5.914,5.897
5.591,5.879
5.591,5.879
5.61,5.844
5.809,5.844
5.573,5.844
5.791,5.844
5.591,5.844
5.826,5.827
6.069,5.827
5.773,5.826
5.844,5.826
5.844,5.826
5.914,5.827
5.897,5.844
5.879,5.844
5.719,5.844
5.914,5.844
5.862,5.862
6.07,5.862
5.879,5.862
6.001,5.862
5.755,5.844
5.287,5.844
5.609,5.844
5.737,5.844
5.719,5.826
5.701,5.809
6.137,5.809
5.826,5.809
6.035,5.809
5.665,5.809
5.737,5.809
5.826,5.809
5.809,5.809
5.949,5.826
5.897,5.826
6.086,5.826
6.053,5.826
5.826,5.826
5.701,5.826
5.554,5.826
5.573,5.826
5.441,5.826
5.932,5.826
5.809,5.826
5.967,5.826
5.646,5.826
5.879,5.844
5.773,5.826
5.862,5.844
5.536,5.826
5.737,5.826
5.914,5.826
5.326,5.826
5.862,5.826
5.737,5.826
5.984,5.826
5.628,5.809
5.791,5.809
5.591,5.791
5.897,5.791
5.897,5.809
5.719,5.809
5.862,5.809
5.914,5.826
5.683,5.826
5.403,5.826
5.628,5.809
5.755,5.809
5.46,5.791
5.346,5.791
5.498,5.791
5.737,5.773
5.719,5.755
6.035,5.755
5.826,5.755
5.573,5.737
6.001,5.737
5.827,5.737
5.701,5.737
5.591,5.737
5.719,5.737
5.536,5.737
5.897,5.737
5.665,5.737
5.665,5.737
5.536,5.737
5.809,5.737
5.773,5.737
5.665,5.719
5.755,5.737
6.036,5.737
6.137,5.737
5.791,5.737
5.984,5.737
6.154,5.755
6.053,5.755
5.791,5.755
5.791,5.755
6.07,5.773
5.592,5.755
5.827,5.755
5.915,5.773
6.07,5.773
5.915,5.773
5.984,5.791
5.879,5.791
5.827,5.791
5.88,5.809
5.737,5.809
6.221,5.826
5.932,5.827
5.949,5.827
6.254,5.827
5.88,5.827
6.154,5.879
6.019,5.88
5.701,5.879
6.036,5.88
6.171,5.88
5.95,5.897
5.984,5.915
6.035,5.915
5.809,5.915
5.967,5.932
5.498,5.932
5.897,5.932
5.897,5.932
6.036,5.949
6.087,5.95
5.755,5.95
5.809,5.949
5.809,5.932
5.701,5.932
5.555,5.915
5.628,5.915
5.61,5.897
5.461,5.897
5.592,5.897
6.087,5.897
5.755,5.897
5.791,5.897
5.683,5.897
5.719,5.88
5.949,5.88
5.665,5.88
6.053,5.88
5.932,5.897
6.188,5.897
5.967,5.932
5.737,5.897
6.053,5.897
5.591,5.897
5.845,5.88
5.719,5.845
5.984,5.845
5.791,5.809
6.07,5.845
5.897,5.845
6.087,5.845
5.967,5.845
5.862,5.845
5.665,5.809
5.774,5.809
5.756,5.809
5.592,5.809
5.738,5.791
5.984,5.791
5.827,5.791
5.791,5.791
5.701,5.791
5.701,5.791
5.517,5.774
5.791,5.791
5.773,5.791
6.036,5.791
5.897,5.791
5.665,5.791
5.967,5.791
5.897,5.791
5.95,5.827
5.647,5.827
5.701,5.827
5.499,5.827
5.737,5.791
5.755,5.791
5.827,5.791
6.171,5.791
5.592,5.791
5.809,5.791
5.479,5.791
6.036,5.791
5.61,5.791
6.036,5.791
5.665,5.791
5.591,5.791
5.791,5.791
5.738,5.774
5.862,5.774
5.95,5.774
5.573,5.773
5.536,5.756
5.95,5.773
5.665,5.756
5.827,5.773
5.844,5.791
5.701,5.791
5.72,5.773
5.738,5.755
5.423,5.738
5.423,5.738
5.647,5.738
5.592,5.738
5.665,5.738
5.827,5.738
5.756,5.738
5.536,5.737
5.61,5.737
5.517,5.72
5.442,5.701
5.915,5.701
5.628,5.701
5.95,5.72
5.555,5.72
6.171,5.72
5.592,5.701
5.592,5.665
5.773,5.665
5.665,5.665
5.719,5.665
5.932,5.701
5.719,5.701
5.683,5.701
5.573,5.683
5.844,5.701
5.385,5.701
5.773,5.701
5.845,5.701
5.862,5.701
5.845,5.701
5.701,5.701
5.665,5.701
5.932,5.701
5.701,5.701
5.536,5.701
5.701,5.701
5.461,5.701
5.346,5.683
5.773,5.683
5.932,5.701
6.138,5.701
5.932,5.701
5.88,5.719
5.517,5.719
5.461,5.701
5.442,5.701
6.138,5.701
6.053,5.719
5.809,5.719
6.053,5.773
5.701,5.719
5.701,5.719
5.809,5.719
5.95,5.773
6.138,5.773
6.019,5.773
5.791,5.773
5.967,5.791
5.984,5.809
5.499,5.809
5.773,5.791
5.827,5.809
6.019,5.809
6.155,5.827
5.72,5.809
5.498,5.809
5.346,5.809
5.915,5.809
5.719,5.809
5.844,5.809
5.756,5.809
5.809,5.809
5.737,5.809
5.897,5.809
6.154,5.809
5.404,5.809
5.95,5.827
5.737,5.827
5.809,5.827
5.897,5.827
6.154,5.827
5.967,5.827
5.683,5.809
5.915,5.827
5.665,5.827
5.773,5.827
5.897,5.827
5.827,5.827
6.104,5.827
6.104,5.827
5.932,5.844
5.862,5.862
5.809,5.862
5.498,5.844
5.984,5.844
6.019,5.844
5.738,5.844
5.755,5.827
5.809,5.827
5.536,5.827
5.773,5.827
5.862,5.827
6.036,5.827
5.844,5.827
6.121,5.844
5.773,5.844
6.019,5.844
5.629,5.844
5.95,5.844
5.967,5.862
6.188,5.862
5.827,5.862
5.809,5.862
5.365,5.862
5.844,5.844
5.897,5.862
5.88,5.862
6.053,5.862
6.087,5.88
6.155,5.88
5.932,5.88
6.019,5.88
5.95,5.897
5.897,5.897
5.95,5.897
6.137,5.897
5.88,5.897
5.915,5.915
6.121,5.915
5.862,5.897
5.701,5.897
5.967,5.897
6.121,5.915
5.88,5.915
5.897,5.897
5.845,5.897
5.773,5.897
6.053,5.897
5.827,5.897
5.791,5.897
6.303,5.915
5.984,5.932
6.32,5.932
6.188,5.95
6.32,5.95
5.967,5.95
5.88,5.95
5.967,5.95
6.07,5.95
6.171,5.95
6.205,5.95
6.087,5.967
5.845,5.967
6.087,5.967
5.755,5.967
5.809,5.967
5.683,5.967
6.271,5.967
6.205,5.967
5.95,5.967
5.915,5.967
5.701,5.95
5.809,5.95
6.001,5.967
5.862,5.967
6.087,5.967
5.791,5.967
6.018,5.967
6.204,5.967
5.701,5.967
5.791,5.967
5.629,5.967
5.949,5.95
5.984,5.967
6.019,5.967
6.036,5.984
6.104,5.984
5.984,5.984
5.949,5.984
5.932,5.984
5.967,5.984
5.915,5.967
6.001,5.967
6.287,5.967
5.984,5.967
5.862,5.967
5.897,5.967
6.001,5.984
5.479,5.967
5.879,5.95
5.949,5.949
6.036,5.949
6.053,5.95
5.827,5.949
6.053,5.95
5.737,5.95
5.592,5.95
5.61,5.949
5.61,5.949
6.188,5.949
5.915,5.949
5.932,5.949
6.019,5.949
6.036,5.949
5.665,5.949
5.773,5.949
5.719,5.949
5.683,5.949
5.791,5.932
5.844,5.932
5.827,5.932
5.897,5.932
6.154,5.932
5.95,5.932
6.036,5.932
5.755,5.932
5.628,5.915
6.036,5.915
5.737,5.915
5.773,5.897
5.591,5.897
5.897,5.897
5.773,5.879
5.628,5.862
5.967,5.862
5.665,5.844
5.536,5.827
5.498,5.827
5.555,5.827
5.573,5.791
5.665,5.773
5.915,5.773
6.001,5.773
5.809,5.773
5.932,5.773
5.591,5.773
5.737,5.773
5.461,5.773
5.517,5.773
5.737,5.773
5.517,5.773
5.573,5.755
5.442,5.737
5.683,5.737
5.844,5.737
5.573,5.737
5.845,5.737
5.591,5.737
5.536,5.737
5.288,5.737
5.702,5.702
5.845,5.702
5.862,5.702
5.791,5.702
5.932,5.702
5.755,5.702
6.07,5.737
5.862,5.737
5.461,5.702
5.701,5.701
5.592,5.701
6.121,5.701
6.053,5.701
6.07,5.702
5.809,5.702
6.019,5.737
5.755,5.737
5.845,5.755
5.897,5.755
5.629,5.755
6.303,5.791
5.554,5.755
5.862,5.755
6.32,5.755
5.932,5.755
5.647,5.755
5.647,5.755
5.61,5.755
5.442,5.755
5.984,5.791
6.001,5.809
5.628,5.809
5.573,5.809
5.914,5.844
5.862,5.845
5.346,5.845
5.683,5.809
5.827,5.827
5.827,5.827
5.61,5.827
5.755,5.827
5.773,5.827
5.827,5.827
5.844,5.827
5.554,5.827
5.738,5.827
5.629,5.809
5.809,5.809
5.737,5.809
5.719,5.809
5.809,5.809
5.665,5.809
5.647,5.773
5.307,5.755
5.346,5.755
5.268,5.738
5.932,5.738
5.737,5.737
5.665,5.737
5.897,5.737
5.647,5.737
5.48,5.737
5.755,5.737
5.773,5.737
5.809,5.737
5.827,5.737
5.461,5.737
6.171,5.738
5.809,5.755
5.592,5.738
5.701,5.737
5.517,5.737
5.628,5.737
5.61,5.737
5.827,5.737
5.628,5.737
5.967,5.737
5.628,5.737
5.647,5.719
5.809,5.737
5.932,5.737
6.053,5.737
5.517,5.719
5.592,5.701
5.915,5.719
5.827,5.719
5.385,5.719
5.95,5.719
5.701,5.701
5.897,5.701
5.423,5.701
5.737,5.701
5.932,5.737
5.984,5.737
5.809,5.755
5.915,5.773
5.862,5.773
6.154,5.809
5.915,5.809
6.019,5.809
5.95,5.809
6.019,5.809
5.984,5.827
5.755,5.827
6.036,5.827
5.773,5.827
6.036,5.827
5.827,5.827
6.036,5.827
6.07,5.862
6.204,5.897
5.88,5.897
5.915,5.915
5.984,5.915
5.932,5.915
5.932,5.915
6.304,5.915
6.482,5.932
6.138,5.932
5.346,5.932
5.915,5.932
5.862,5.915
6.104,5.932
5.967,5.932
6.205,5.932
5.628,5.932
5.702,5.932
5.88,5.932
5.95,5.932
5.967,5.95
5.95,5.95
6.188,5.95
5.665,5.95
5.647,5.95
5.628,5.95
5.628,5.95
5.385,5.95
5.536,5.95
5.423,5.95
5.647,5.932
5.647,5.932
5.536,5.915
5.684,5.915
6.036,5.915
6.036,5.915
5.809,5.915
5.404,5.915
5.88,5.915
6.019,5.915
6.188,5.915
5.647,5.88
5.88,5.88
5.932,5.88
5.738,5.88
5.915,5.88
5.738,5.88
6.087,5.88
5.72,5.862
5.737,5.809
5.72,5.809
6.019,5.809
6.087,5.809
5.862,5.809
5.683,5.738
5.327,5.738
5.897,5.738
6.171,5.809
6.002,5.809
5.898,5.809
5.845,5.809
5.862,5.809
5.665,5.738
5.827,5.809
5.423,5.809
6.238,5.827
5.647,5.827
6.001,5.845
5.826,5.845
6.154,5.862
5.949,5.862
5.809,5.862
5.967,5.88
5.665,5.88
6.087,5.88
5.827,5.862
6.271,5.88
6.053,5.88
5.967,5.897
6.103,5.897
6.154,5.897
5.88,5.897
6.019,5.898
6.466,5.898
6.171,5.915
6.019,5.949
6.481,5.967
6.238,5.967
6.592,5.967
6.497,6.001
6.639,6.002
6.545,6.002
6.513,6.002
6.466,6.019
6.762,6.019
6.623,6.053
6.654,6.087
7.047,6.087
6.465,6.103
6.762,6.154
6.793,6.154
6.928,6.171
6.913,6.238
6.777,6.238
6.762,6.271
6.654,6.465
6.823,6.466
6.685,6.466
6.529,6.481
7.017,6.497
6.823,6.513
6.271,6.513
7.305,6.529
7.09,6.545
7.134,6.592
7.291,6.623
7.624,6.639
7.305,6.654
7.838,6.654
7.291,6.685
7.177,6.762
7.404,6.762
7.334,6.762
7.348,6.777
7.542,6.793
7.404,6.823
7.177,6.823
7.192,6.913
7.148,6.928
7.091,7.017
7.39,7.047
7.22,7.09
6.928,7.09
7.22,7.091
7.348,7.134
7.487,7.148
6.808,7.148
7.249,7.177
7.39,7.177
7.542,7.192
6.732,7.192
6.623,7.192
7.597,7.22
7.177,7.22
7.032,7.22
7.334,7.22
7.446,7.249
7.277,7.277
7.664,7.291
7.459,7.291
7.46,7.305
7.542,7.305
7.705,7.334
7.076,7.334
7.32,7.334
7.334,7.334
7.473,7.334
7.032,7.334
7.348,7.334
7.651,7.334
7.459,7.348
7.177,7.334
7.61,7.348
7.583,7.348
7.432,7.348
7.542,7.348
7.376,7.348
7.61,7.376
7.851,7.39
7.569,7.39
7.824,7.432
7.798,7.446
7.39,7.446
7.473,7.459
7.46,7.459
7.501,7.459
7.758,7.46
7.994,7.46
7.446,7.46
7.745,7.46
7.459,7.46
7.418,7.46
7.916,7.46
7.624,7.473
7.191,7.473
7.731,7.473
7.678,7.501
7.542,7.542
7.134,7.501
7.487,7.501
7.916,7.542
7.556,7.542
7.569,7.542
7.624,7.542
7.362,7.542
7.277,7.542
7.704,7.556
7.664,7.569
7.837,7.569
7.731,7.569
7.955,7.583
7.705,7.61
8.045,7.61
7.798,7.624
7.637,7.624
7.691,7.637
7.39,7.637
7.798,7.664
7.163,7.637
6.913,7.637
7.235,7.624
7.651,7.624
7.277,7.624
7.418,7.624
7.529,7.624
7.418,7.624
7.445,7.624
7.718,7.624
7.134,7.624
7.09,7.569
8.033,7.624
7.678,7.624
7.148,7.624
7.624,7.624
7.528,7.624
6.883,7.569
7.263,7.556
7.745,7.569
7.061,7.569
7.002,7.569
7.376,7.556
7.404,7.529
7.263,7.528
7.376,7.445
7.32,7.445
7.191,7.445
7.771,7.445
7.501,7.445
7.09,7.418
7.445,7.418
7.758,7.418
7.583,7.418
7.555,7.418
7.348,7.418
7.348,7.404
7.032,7.39
7.459,7.404
7.514,7.404
7.032,7.404
7.206,7.404
7.556,7.418
7.555,7.418
7.306,7.418
7.664,7.418
7.404,7.404
7.291,7.404
7.542,7.404
8.084,7.404
7.291,7.404
7.248,7.404
7.597,7.404
7.798,7.404
7.032,7.404
6.853,7.376
7.569,7.376
7.556,7.404
7.032,7.404
7.798,7.404
7.277,7.404
7.22,7.404
7.596,7.404
7.61,7.445
7.162,7.445
7.542,7.459
8.223,7.501
7.583,7.514
7.134,7.501
7.473,7.473
7.691,7.514
7.075,7.514
7.191,7.473
7.404,7.459
6.762,7.404
6.838,7.404
7.651,7.459
7.445,7.459
7.076,7.445
7.39,7.404
7.404,7.404
7.277,7.404
7.705,7.404
7.916,7.404
7.785,7.445
7.418,7.418
7.784,7.445
7.432,7.445
7.39,7.432
7.651,7.432
7.597,7.445
7.076,7.445
7.515,7.445
7.624,7.445
7.163,7.445
7.292,7.445
7.569,7.445
7.542,7.445
7.234,7.445
7.09,7.432
7.61,7.445
7.263,7.445
7.22,7.432
7.528,7.432
6.853,7.432
7.119,7.418
7.487,7.418
7.705,7.418
7.148,7.418
7.306,7.404
7.89,7.404
7.61,7.418
7.163,7.418
7.718,7.432
7.664,7.445
7.811,7.487
7.691,7.487
7.732,7.515
7.637,7.528
7.596,7.542
7.473,7.542
7.758,7.569
7.46,7.542
7.637,7.542
7.22,7.528
6.943,7.528
7.446,7.515
7.459,7.515
7.249,7.515
7.362,7.487
7.39,7.473
7.691,7.487
7.404,7.473
7.473,7.473
7.811,7.473
7.473,7.473
7.032,7.473
7.163,7.473
7.994,7.473
7.002,7.473
7.22,7.473
7.624,7.473
7.487,7.473
7.347,7.473
7.291,7.473
7.306,7.473
7.459,7.473
7.569,7.473
7.968,7.473
7.678,7.473
7.542,7.473
8.046,7.473
7.528,7.487
7.134,7.473
7.487,7.473
7.514,7.473
7.09,7.473
6.838,7.473
7.277,7.46
6.973,7.459
7.277,7.459
7.597,7.459
7.583,7.459
7.61,7.459
7.22,7.459
7.705,7.459
7.09,7.459
7.487,7.473
7.61,7.473
7.459,7.473
7.664,7.487
7.731,7.487
7.542,7.487
7.404,7.487
7.487,7.487
7.968,7.487
7.432,7.487
7.277,7.487
7.404,7.487
7.418,7.487
7.376,7.487
7.514,7.487
7.955,7.487
7.528,7.487
7.514,7.514
7.731,7.514
7.718,7.514
7.105,7.514
7.501,7.514
7.32,7.501
7.418,7.487
7.291,7.487
7.417,7.487
7.785,7.487
7.487,7.487
7.678,7.487
8.097,7.487
7.487,7.487
7.664,7.501
8.071,7.514
7.798,7.514
7.404,7.514
7.432,7.501
7.745,7.501
7.22,7.501
7.745,7.501
7.771,7.514
7.85,7.514
7.432,7.514
7.651,7.514
8.097,7.514
7.664,7.514
7.664,7.514
7.515,7.515
7.376,7.515
7.624,7.515
7.177,7.515
6.958,7.515
7.234,7.515
7.09,7.515
7.105,7.515
7.39,7.515
7.362,7.514
7.664,7.514
7.771,7.515
7.691,7.515
7.418,7.501
8.122,7.515
7.39,7.515
7.348,7.515
7.691,7.624
7.637,7.637
6.883,7.637
7.473,7.624
7.277,7.624
7.002,7.515
7.263,7.487
7.263,7.473
7.431,7.432
7.348,7.432
7.583,7.432
7.758,7.432
7.955,7.473
7.664,7.473
7.784,7.515
7.624,7.515
7.234,7.473
7.334,7.432
7.445,7.445
7.432,7.432
7.105,7.431
7.664,7.431
7.277,7.418
7.22,7.39
7.731,7.418
7.811,7.418
7.177,7.418
7.864,7.431
8.261,7.432
7.745,7.445
7.718,7.473
7.851,7.583
7.32,7.583
7.515,7.515
7.432,7.473
7.705,7.473
7.473,7.473
7.758,7.473
7.596,7.515
7.277,7.515
7.542,7.515
7.624,7.515
7.624,7.542
7.785,7.583
7.745,7.596
7.877,7.624
7.597,7.624
7.432,7.624
7.824,7.624
7.569,7.624
7.192,7.624
7.191,7.624
7.362,7.597
6.913,7.596
7.249,7.569
7.32,7.542
7.501,7.542
7.191,7.542
7.431,7.542
7.785,7.569
7.624,7.596
7.09,7.569
7.705,7.596
7.22,7.596
7.206,7.569
7.277,7.542
7.134,7.542
7.234,7.515
7.432,7.501
7.163,7.473
7.291,7.432
7.664,7.432
7.916,7.473
7.542,7.473
7.637,7.501
7.638,7.501
7.705,7.542
7.076,7.501
7.624,7.501
7.596,7.542
7.09,7.501
7.017,7.432
7.376,7.432
7.459,7.432
7.163,7.431
7.163,7.376
7.459,7.376
7.234,7.362
6.747,7.32
7.418,7.32
7.864,7.362
7.105,7.362
7.487,7.376
7.704,7.418
7.39,7.418
7.091,7.418
7.306,7.39
8.058,7.418
7.091,7.39
7.09,7.376
7.22,7.306
7.362,7.362
7.432,7.362
7.542,7.376
7.487,7.39
7.624,7.418
7.306,7.418
7.597,7.432
7.362,7.418
7.418,7.418
7.235,7.418
7.418,7.418
7.206,7.418
7.017,7.39
7.528,7.39
7.624,7.39
7.119,7.376
7.771,7.39
7.542,7.39
7.785,7.39
7.678,7.418
8.059,7.418
7.771,7.418
7.664,7.418
7.772,7.432
7.291,7.432
7.569,7.432
7.851,7.487
7.798,7.487
7.32,7.487
7.432,7.487
8.11,7.487
7.446,7.487
7.22,7.446
7.678,7.487
7.624,7.528
7.487,7.528
7.291,7.487
7.556,7.528
7.638,7.542
7.263,7.542
7.119,7.542
7.785,7.542
7.177,7.542
7.418,7.542
7.624,7.542
7.487,7.542
7.376,7.528
7.678,7.542
7.376,7.542
7.459,7.542
7.637,7.556
8.286,7.569
7.583,7.583
6.943,7.583
7.61,7.583
7.474,7.583
7.163,7.569
7.611,7.583
7.134,7.569
7.418,7.556
7.376,7.487
7.57,7.487
7.825,7.487
7.515,7.487
7.556,7.515
7.515,7.515
7.637,7.515
7.376,7.487
7.235,7.487
7.528,7.515
7.61,7.515
7.528,7.515
7.916,7.528
7.542,7.528
7.459,7.515
7.611,7.528
7.903,7.528
7.348,7.528
7.528,7.528
7.334,7.528
7.32,7.528
7.192,7.515
7.529,7.528
7.163,7.528
7.046,7.515
7.474,7.515
7.825,7.528
7.404,7.515
7.017,7.515
7.32,7.515
7.772,7.515
7.404,7.515
7.583,7.515
7.691,7.515
7.348,7.515
7.263,7.515
7.864,7.515
7.488,7.515
7.032,7.515
7.235,7.515
7.235,7.515
6.793,7.488
7.149,7.474
7.348,7.459
7.376,7.404
7.772,7.404
7.46,7.404
7.917,7.459
7.235,7.459
7.824,7.459
7.929,7.459
7.404,7.404
7.306,7.404
7.501,7.404
7.678,7.404
7.306,7.404
7.249,7.376
7.362,7.376
7.597,7.376
7.39,7.39
7.798,7.404
7.651,7.404
7.432,7.404
7.473,7.404
7.348,7.404
7.234,7.404
7.556,7.404
7.583,7.404
8.02,7.432
7.249,7.432
7.597,7.432
8.059,7.46
7.206,7.432
7.22,7.404
7.903,7.432
7.772,7.46
7.446,7.446
7.515,7.446
7.61,7.46
7.263,7.46
7.22,7.46
7.432,7.46
7.597,7.473
7.718,7.501
7.404,7.501
7.501,7.501
7.994,7.501
7.877,7.501
8.135,7.515
8.122,7.515
8.046,7.515
7.39,7.515
8.02,7.556
7.916,7.583
7.418,7.556
7.334,7.556
7.705,7.583
7.61,7.597
7.076,7.583
7.446,7.583
7.432,7.556
7.248,7.515
7.556,7.556
7.501,7.556
7.824,7.556
7.459,7.556
7.785,7.583
7.784,7.597
7.624,7.597
7.718,7.597
7.968,7.61
7.404,7.597
7.637,7.61
7.994,7.61
7.677,7.61
7.704,7.61
7.811,7.624
8.032,7.637
7.556,7.637
7.133,7.637
7.744,7.677
7.473,7.677
7.119,7.677
7.191,7.637
7.404,7.637
7.134,7.637
7.473,7.624
7.39,7.61
7.459,7.556
8.096,7.556
7.929,7.556
7.651,7.61
7.418,7.556
7.651,7.556
7.837,7.61
7.432,7.61
7.623,7.61
7.61,7.61
7.968,7.623
6.731,7.623
6.747,7.623
7.569,7.623
6.972,7.623
7.09,7.623
6.943,7.61
7.473,7.61
7.758,7.61
7.731,7.61
7.61,7.61
7.205,7.569
7.348,7.556
7.376,7.556
7.104,7.473
6.958,7.473
7.22,7.473
7.148,7.459
7.305,7.432
6.868,7.418
7.333,7.404
7.002,7.404
7.459,7.404
7.583,7.404
7.704,7.418
7.263,7.418
7.277,7.418
7.798,7.432
7.191,7.418
6.972,7.418
7.501,7.418
7.542,7.418
7.375,7.376
7.347,7.375
7.418,7.375
7.333,7.348
7.163,7.347
7.542,7.347
7.234,7.333
7.445,7.333
7.718,7.333
7.851,7.347
7.39,7.348
7.263,7.347
7.333,7.347
7.362,7.348
7.234,7.348
7.514,7.348
7.473,7.348
6.639,7.347
7.22,7.333
7.784,7.347
7.811,7.347
7.277,7.333
7.5,7.347
8.109,7.362
7.731,7.375
7.514,7.39
7.418,7.418
7.691,7.418
7.177,7.418
7.389,7.418
7.596,7.418
8.007,7.418
7.148,7.418
7.305,7.418
7.583,7.418
7.248,7.418
8.02,7.418
7.863,7.445
7.417,7.418
6.822,7.418
7.664,7.418
7.5,7.445
7.65,7.473
7.305,7.473
7.333,7.473
7.431,7.445
7.718,7.473
7.609,7.5
7.487,7.487
7.104,7.473
7.431,7.473
7.916,7.487
7.528,7.5
7.162,7.5
7.375,7.5
7.333,7.487
6.868,7.487
7.487,7.487
7.375,7.487
7.191,7.487
6.942,7.431
7.903,7.487
7.677,7.487
7.375,7.431
6.987,7.431
7.375,7.418
7.234,7.417
7.234,7.389
7.404,7.404
7.445,7.417
7.06,7.404
7.262,7.375
6.943,7.375
7.582,7.404
7.162,7.375
6.822,7.375
7.277,7.375
7.528,7.375
6.912,7.375
7.29,7.375
7.319,7.375
6.807,7.333
7.09,7.333
7.65,7.333
7.403,7.375
6.669,7.333
7.486,7.333
7.863,7.333
7.609,7.333
7.472,7.375
7.375,7.375
7.541,7.375
7.276,7.333
7.262,7.333
7.596,7.333
7.347,7.347
7.017,7.347
8.006,7.347
7.637,7.347
7.361,7.361
7.771,7.375
7.514,7.375
7.444,7.375
7.389,7.375
7.361,7.375
7.262,7.361
7.445,7.375
7.319,7.375
7.016,7.361
7.487,7.361
7.757,7.375
7.542,7.389
7.459,7.403
7.609,7.403
7.65,7.444
7.542,7.445
7.863,7.459
7.417,7.445
7.333,7.445
7.119,7.445
7.824,7.459
7.319,7.459
7.089,7.459
7.784,7.459
7.968,7.472
7.375,7.472
7.445,7.459
7.942,7.459
7.473,7.459
7.954,7.459
7.85,7.473
7.431,7.459
7.333,7.459
8.071,7.473
8.298,7.473
7.389,7.473
7.486,7.486
8.147,7.486
7.637,7.486
7.09,7.486
7.824,7.486
7.955,7.486
7.248,7.486
7.473,7.486
7.031,7.486
7.889,7.487
7.609,7.542
6.731,7.542
7.347,7.542
7.784,7.542
7.403,7.542
7.262,7.486
7.85,7.542
7.929,7.542
7.837,7.542
7.664,7.609
7.623,7.609
7.877,7.623
7.555,7.623
7.784,7.637
7.472,7.623
7.361,7.623
7.541,7.623
7.162,7.609
7.758,7.609
7.824,7.623
7.473,7.623
7.5,7.609
7.375,7.609
7.889,7.609
7.81,7.609
7.717,7.623
7.595,7.623
7.954,7.623
7.863,7.623
7.514,7.623
7.704,7.637
7.458,7.623
8.07,7.623
7.863,7.664
7.417,7.623
7.863,7.623
8.197,7.664
7.528,7.664
7.276,7.664
7.582,7.623
7.744,7.664
8.083,7.704
7.824,7.717
7.514,7.704
7.472,7.704
7.731,7.717
8.006,7.717
8.615,7.717
8.482,7.717
8.396,7.731
8.47,7.744
8.197,7.744
8.197,7.758
8.567,7.758
8.433,7.81
7.77,7.81
7.954,7.824
7.609,7.824
8.591,7.824
7.623,7.824
7.823,7.824
7.941,7.863
8.323,7.863
8.446,7.863
8.36,7.863
8.506,7.941
8.222,7.954
8.494,7.954
8.36,8.006
8.384,8.07
8.53,8.083
8.458,8.197
8.261,8.197
8.482,8.197
8.334,8.222
8.457,8.261
8.627,8.323
8.746,8.334
8.359,8.359
8.032,8.359
8.057,8.359
8.627,8.36
8.591,8.36
7.81,8.36
8.083,8.36
8.722,8.384
8.482,8.396
8.083,8.384
7.744,8.36
7.757,8.36
8.347,8.359
8.134,8.359
8.032,8.359
8.347,8.347
8.396,8.347
8.494,8.359
8.146,8.359
8.347,8.359
8.172,8.347
8.781,8.359
8.531,8.36
8.058,8.36
7.81,8.36
8.121,8.359
8.134,8.347
8.639,8.347
7.527,8.347
7.262,8.347
8.134,8.347
7.954,8.334
8.031,8.261
8.347,8.261
7.784,8.172
8.397,8.172
8.979,8.172
8.757,8.172
8.019,8.146
8.335,8.146
8.384,8.146
8.639,8.172
8.222,8.222
7.623,8.172
8.006,8.146
8.482,8.172
8.627,8.222
8.21,8.21
8.372,8.21
8.433,8.222
8.663,8.335
8.172,8.335
7.903,8.222
7.863,8.222
8.543,8.335
8.603,8.335
8.347,8.335
7.902,8.222
8.615,8.335
8.567,8.335
8.26,8.335
8.421,8.335
8.159,8.26
8.185,8.26
8.639,8.335
8.579,8.347
8.058,8.347
7.85,8.335
8.567,8.347
8.421,8.347
8.109,8.347
7.954,8.347
8.531,8.372
8.793,8.384
8.422,8.397
8.135,8.384
8.248,8.372
8.285,8.347
8.531,8.372
8.31,8.372
8.261,8.347
8.211,8.31
8.434,8.347
8.922,8.372
8.121,8.372
7.902,8.347
8.531,8.347
8.945,8.372
8.384,8.384
8.335,8.347
8.385,8.347
8.223,8.347
8.235,8.347
8.758,8.384
8.687,8.384
8.663,8.384
8.567,8.385
8.886,8.421
8.699,8.421
8.422,8.421
8.147,8.421
8.421,8.421
8.397,8.421
8.006,8.421
8.032,8.397
8.723,8.397
8.421,8.421
8.096,8.421
8.084,8.397
7.955,8.385
8.36,8.385
8.323,8.385
7.837,8.384
7.85,8.36
8.421,8.36
8.495,8.384
7.993,8.384
8.019,8.384
8.185,8.36
8.185,8.36
8.77,8.384
8.507,8.385
7.541,8.384
8.223,8.36
8.07,8.36
8.675,8.384
7.941,8.36
7.771,8.335
8.372,8.335
8.285,8.323
8.422,8.323
8.134,8.323
7.98,8.323
7.65,8.285
8.184,8.223
8.045,8.185
8.083,8.185
8.359,8.185
8.109,8.184
7.98,8.147
8.083,8.134
7.876,8.109
7.954,8.096
8.019,8.096
7.954,8.096
7.902,8.084
7.823,8.083
8.26,8.083
8.433,8.083
7.954,8.083
7.569,8.083
7.915,8.07
8.235,8.083
7.98,8.083
7.744,8.07
8.096,8.07
7.389,8.07
8.134,8.083
8.045,8.07
7.98,8.045
7.744,8.045
8.083,8.045
7.863,8.045
8.409,8.045
7.967,8.019
8.083,8.019
8.384,8.045
8.591,8.045
8.172,8.045
8.297,8.045
8.651,8.045
8.615,8.045
8.248,8.083
8.47,8.083
8.445,8.083
7.486,8.083
8.384,8.083
8.531,8.083
8.396,8.083
7.915,8.083
7.744,8.083
7.555,8.083
8.006,8.083
8.335,8.083
8.285,8.096
8.235,8.134
7.811,8.134
8.71,8.134
8.886,8.134
8.31,8.172
8.083,8.172
8.579,8.235
9.127,8.235
8.805,8.248
8.921,8.285
7.876,8.285
8.222,8.285
8.006,8.285
8.687,8.297
8.804,8.31
8.408,8.335
8.07,8.335
7.941,8.335
8.272,8.31
8.851,8.335
8.494,8.384
8.222,8.335
8.53,8.335
8.852,8.384
9.013,8.396
8.297,8.384
8.615,8.384
8.675,8.396
8.828,8.396
8.722,8.396
8.687,8.408
7.954,8.408
8.687,8.408
8.663,8.494
8.26,8.494
8.134,8.494
8.458,8.494
8.31,8.494
8.397,8.494
8.932,8.53
8.384,8.53
8.235,8.53
8.297,8.494
8.21,8.458
8.722,8.494
8.506,8.506
8.159,8.494
8.146,8.458
8.197,8.408
9.047,8.408
8.47,8.458
8.134,8.458
8.482,8.47
8.979,8.47
8.651,8.47
7.915,8.47
8.045,8.47
7.596,8.47
8.322,8.47
8.555,8.47
8.083,8.458
7.981,8.458
7.876,8.397
8.555,8.397
8.627,8.397
7.876,8.397
7.69,8.384
8.446,8.384
8.627,8.384
8.531,8.384
8.297,8.322
8.172,8.322
8.409,8.322
8.567,8.322
8.921,8.384
8.53,8.397
8.567,8.397
8.722,8.409
8.979,8.446
8.698,8.446
7.85,8.446
8.734,8.47
8.722,8.482
9.161,8.506
8.687,8.506
8.235,8.482
8.07,8.482
8.979,8.53
8.494,8.53
8.851,8.53
8.567,8.531
8.543,8.543
8.698,8.555
8.687,8.555
8.26,8.543
7.941,8.543
8.591,8.555
8.615,8.555
8.347,8.555
7.731,8.555
8.172,8.555
8.032,8.555
8.285,8.555
8.567,8.567
8.433,8.543
8.26,8.543
8.223,8.543
8.874,8.567
8.506,8.543
8.457,8.543
8.603,8.567
8.627,8.567
8.687,8.567
8.591,8.567
8.384,8.567
8.247,8.567
8.07,8.567
8.396,8.543
8.235,8.506
7.928,8.494
7.928,8.494
8.235,8.457
7.993,8.433
7.458,8.396
8.019,8.384
8.222,8.384
8.197,8.384
7.69,8.347
7.513,8.285
8.057,8.26
8.722,8.26
8.247,8.26
7.928,8.247
8.285,8.247
8.019,8.247
8.734,8.247
8.898,8.247
8.433,8.247
8.421,8.247
8.31,8.26
8.686,8.285
8.445,8.285
7.823,8.285
8.121,8.26
8.603,8.26
8.804,8.285
7.876,8.285
8.235,8.247
8.121,8.247
8.146,8.235
8.579,8.235
8.172,8.235
8.297,8.235
8.184,8.235
7.863,8.222
7.954,8.197
8.506,8.222
8.506,8.222
8.359,8.222
8.384,8.235
8.057,8.235
8.494,8.235
8.396,8.247
8.746,8.285
8.506,8.297
7.85,8.297
8.247,8.297
8.769,8.31
8.614,8.359
8.396,8.384
7.541,8.359
8.408,8.384
8.297,8.384
8.445,8.396
8.334,8.396
8.285,8.384
8.359,8.359
8.591,8.359
8.554,8.359
7.98,8.359
8.234,8.359
8.433,8.359
8.469,8.359
8.284,8.359
7.757,8.359
8.59,8.359
8.602,8.359
8.745,8.384
8.057,8.384
8.445,8.396
8.542,8.396
8.481,8.396
8.897,8.408
8.445,8.433
7.622,8.433
8.615,8.445
8.662,8.445
8.745,8.445
8.567,8.445
8.53,8.445
8.921,8.469
8.445,8.445
8.322,8.445
8.722,8.445
8.494,8.445
8.627,8.469
8.674,8.481
8.31,8.469
8.285,8.445
8.121,8.445
8.272,8.445
8.421,8.445
8.384,8.445
8.272,8.445
8.421,8.445
8.222,8.445
8.108,8.445
7.954,8.445
8.627,8.445
8.42,8.445
8.396,8.445
8.057,8.445
8.272,8.445
8.758,8.445
8.851,8.445
8.095,8.445
8.134,8.445
8.542,8.445
8.42,8.445
8.615,8.445
7.954,8.421
8.019,8.421
8.335,8.42
8.626,8.42
8.272,8.42
7.98,8.42
7.85,8.396
8.159,8.384
8.457,8.384
7.889,8.335
8.083,8.322
7.889,8.31
8.457,8.31
8.146,8.285
7.528,8.272
7.863,8.272
8.347,8.272
8.421,8.272
7.77,8.272
7.81,8.272
8.197,8.272
8.396,8.272
8.121,8.222
7.81,8.197
7.757,8.159
8.108,8.146
9.082,8.159
8.322,8.197
7.941,8.159
7.928,8.146
8.433,8.146
8.408,8.159
7.954,8.146
8.235,8.146
8.421,8.146
8.121,8.146
8.044,8.146
8.018,8.121
7.836,8.121
8.662,8.121
8.31,8.121
7.941,8.121
7.555,8.121
8.445,8.121
8.235,8.121
8.297,8.121
8.095,8.121
8.31,8.121
8.554,8.121
8.698,8.146
8.602,8.197
8.285,8.235
8.005,8.197
8.095,8.197
8.184,8.197
8.909,8.235
7.513,8.197
7.743,8.184
7.928,8.184
8.36,8.197
8.032,8.184
8.334,8.184
8.542,8.235
8.445,8.235
8.757,8.285
8.322,8.297
8.781,8.297
8.47,8.297
8.542,8.31
8.347,8.31
8.146,8.31
8.371,8.31
7.967,8.31
7.954,8.31
8.591,8.31
8.032,8.31
8.07,8.31
8.031,8.31
8.335,8.31
8.044,8.31
8.044,8.297
8.159,8.297
8.146,8.297
8.057,8.285
8.494,8.297
8.07,8.285
8.409,8.31
8.07,8.285
8.554,8.285
8.614,8.285
8.095,8.184
8.396,8.184
9.149,8.322
8.804,8.334
8.371,8.335
8.108,8.334
8.396,8.335
9.104,8.347
8.65,8.36
7.889,8.347
8.359,8.359
8.159,8.359
8.457,8.359
7.915,8.347
7.676,8.335
8.083,8.335
8.638,8.335
8.26,8.26
8.359,8.26
7.809,8.159
7.954,8.159
8.31,8.159
8.235,8.235
8.006,8.235
7.836,8.159
8.285,8.235
8.603,8.26
7.98,8.26
7.967,8.235
8.297,8.26
8.184,8.26
8.247,8.26
7.954,8.26
7.581,8.26
8.396,8.26
7.954,8.26
8.019,8.247
7.902,8.247
7.69,8.235
7.783,8.184
8.334,8.235
8.566,8.235
8.469,8.235
8.133,8.184
8.359,8.184
8.433,8.235
9.013,8.235
8.371,8.235
8.221,8.221
8.031,8.221
8.518,8.221
8.851,8.235
7.993,8.221
8.146,8.221
8.518,8.235
8.542,8.247
8.944,8.247
8.494,8.247
8.172,8.235
8.445,8.247
8.445,8.285
8.469,8.285
8.159,8.285
8.309,8.297
7.743,8.297
7.863,8.297
8.209,8.247
8.108,8.247
8.108,8.247
8.542,8.247
8.159,8.247
8.457,8.309
7.836,8.309
8.019,8.309
8.057,8.221
8.121,8.221
8.757,8.309
8.197,8.309
7.836,8.309
8.603,8.334
8.53,8.359
8.602,8.359
7.915,8.309
7.417,8.309
8.032,8.221
8.47,8.221
8.322,8.221
7.757,8.209
7.849,8.197
8.121,8.197
8.235,8.197
8.828,8.197
8.687,8.209
7.889,8.209
8.184,8.197
8.458,8.197
8.494,8.197
8.47,8.197
8.172,8.197
7.941,8.184
8.197,8.184
8.096,8.172
7.73,8.172
7.486,8.159
7.928,8.159
8.347,8.172
8.371,8.172
8.197,8.184
8.159,8.184
8.196,8.184
8.197,8.196
7.915,8.184
8.554,8.196
7.797,8.196
7.889,8.196
7.69,8.196
8.347,8.196
8.197,8.196
8.334,8.197
8.133,8.196
7.863,8.184
8.272,8.184
8.272,8.196
8.069,8.196
8.146,8.196
8.197,8.196
8.457,8.196
9.059,8.197
8.12,8.197
8.445,8.197
8.578,8.197
8.408,8.197
9.07,8.197
8.698,8.197
8.578,8.197
8.566,8.197
8.284,8.197
8.566,8.197
8.745,8.197
8.839,8.272
8.146,8.272
8.42,8.272
8.259,8.272
8.686,8.284
8.722,8.334
7.888,8.284
7.889,8.272
8.709,8.284
8.159,8.284
8.542,8.334
8.851,8.347
8.445,8.408
8.146,8.347
8.698,8.408
8.745,8.42
8.506,8.445
8.309,8.445
8.757,8.445
8.554,8.457
8.626,8.506
9.25,8.542
8.828,8.554
8.757,8.566
8.874,8.566
8.85,8.578
8.662,8.578
8.42,8.578
9.025,8.578
8.686,8.626
8.566,8.626
8.898,8.662
8.146,8.662
7.862,8.626
8.371,8.578
8.579,8.579
8.578,8.579
8.285,8.579
7.81,8.579
8.322,8.578
8.602,8.578
8.698,8.579
8.65,8.602
7.876,8.602
7.717,8.579
8.159,8.578
8.745,8.579
8.297,8.579
7.94,8.578
8.271,8.578
8.614,8.579
8.886,8.579
8.733,8.602
8.069,8.602
8.432,8.579
8.839,8.579
9.012,8.602
8.432,8.602
8.146,8.579
8.359,8.579
8.566,8.578
8.897,8.578
8.59,8.578
8.005,8.566
8.159,8.566
8.432,8.432
8.673,8.432
8.005,8.432
7.823,8.432
7.967,8.432
8.044,8.371
8.42,8.371
8.107,8.371
8.481,8.42
8.322,8.42
8.445,8.42
8.815,8.42
8.133,8.42
8.069,8.42
8.309,8.42
8.897,8.42
8.359,8.359
8.12,8.359
7.875,8.359
8.284,8.359
8.698,8.359
8.505,8.359
8.171,8.359
8.626,8.42
8.184,8.42
8.383,8.383
8.296,8.359
8.346,8.359
8.469,8.359
8.271,8.359
8.069,8.346
7.979,8.322
7.662,8.309
8.12,8.309
8.044,8.296
8.578,8.296
8.469,8.296
7.809,8.284
7.54,8.284
7.914,8.284
8.107,8.271
8.12,8.184
7.716,8.184
7.649,8.184
7.782,8.184
8.158,8.184
7.756,8.171
7.374,8.171
8.469,8.171
8.37,8.171
7.702,8.158
7.662,8.133
7.716,8.12
8.145,8.145
7.567,8.12
7.635,8.12
7.888,8.12
7.554,8.107
7.374,8.107
7.318,8.069
7.608,8.044
7.402,7.979
7.595,7.914
7.346,7.888
7.147,7.809
7.218,7.782
7.233,7.756
6.941,7.716
7.219,7.716
7.317,7.702
6.986,7.662
6.527,7.662
6.715,7.649
6.668,7.635
7.015,7.608
6.806,7.595
6.416,7.567
6.637,7.554
6.302,7.554
6.791,7.402
6.699,7.374
6.383,7.374
6.069,7.346
6.286,7.318
6.318,7.317
6.187,7.233
6.034,7.219
6.034,7.218
5.966,7.147
5.896,7.015
5.861,6.986
5.808,6.941
5.459,6.806
5.664,6.791
5.983,6.715
5.772,6.699
5.441,6.668
6.034,6.637
5.497,6.527
5.535,6.416
5.718,6.383
5.572,6.318
5.148,6.302
5.326,6.286
5.247,6.187
5.267,6.069
4.88,6.034
5.383,6.034
5.026,6.034
5.208,5.983
5.108,5.966
4.985,5.896
4.923,5.861
4.752,5.808
5.006,5.772
5.208,5.718
4.985,5.664
4.922,5.572
5.128,5.535
5.006,5.497
5.047,5.459
4.881,5.441
4.686,5.383
5.026,5.326
4.859,5.267
5.026,5.247
4.923,5.208
4.752,5.208
5.027,5.148
4.774,5.128
4.902,5.108
4.88,5.047
5.228,5.047
5.047,5.047
4.923,5.027
4.838,5.026
4.817,5.026
4.838,5.026
4.816,5.006
4.902,5.006
4.774,4.985
4.944,4.985
4.985,4.985
4.73,4.944
4.985,4.944
4.902,4.923
4.817,4.923
4.708,4.923
4.708,4.923
4.923,4.923
4.73,4.922
4.686,4.902
4.964,4.902
5.006,4.922
5.208,4.922
5.208,4.922
5.108,4.922
5.047,4.923
4.752,4.902
4.838,4.902
4.686,4.902
4.985,4.902
4.575,4.902
4.619,4.902
4.686,4.902
4.859,4.88
4.437,4.859
4.642,4.859
4.795,4.838
4.773,4.838
4.795,4.838
4.62,4.838
4.686,4.817
4.708,4.817
4.964,4.817
4.838,4.817
4.575,4.816
4.964,4.816
4.838,4.817
4.552,4.795
4.597,4.795
4.795,4.795
4.507,4.795
5.006,4.795
4.686,4.795
5.006,4.795
4.923,4.795
4.859,4.795
4.923,4.795
4.752,4.795
4.752,4.795
4.73,4.795
4.752,4.795
4.795,4.795
4.795,4.795
4.752,4.773
4.902,4.773
5.047,4.773
4.838,4.795
4.838,4.795
5.006,4.795
4.598,4.795
4.881,4.795
4.62,4.795
4.752,4.795
5.108,4.795
4.902,4.795
4.838,4.795
4.774,4.795
4.774,4.795
5.027,4.795
4.965,4.838
5.068,4.838
5.006,4.838
4.817,4.838
4.752,4.838
4.642,4.838
4.343,4.817
4.73,4.795
4.343,4.795
4.343,4.795
4.484,4.795
4.664,4.795
4.944,4.795
4.774,4.795
4.795,4.795
4.881,4.795
4.817,4.795
4.552,4.795
4.391,4.795
4.817,4.795
4.598,4.795
4.73,4.795
4.552,4.795
4.507,4.774
4.319,4.774
4.575,4.774
4.598,4.774
4.552,4.752
4.367,4.752
4.965,4.752
4.817,4.752
4.838,4.752
4.686,4.752
4.642,4.752
4.414,4.73
4.774,4.73
4.552,4.73
4.752,4.73
4.774,4.73
4.529,4.686
4.838,4.686
4.664,4.664
4.62,4.664
4.507,4.642
4.838,4.642
4.774,4.664
4.62,4.664
4.752,4.664
4.575,4.664
4.529,4.664
4.642,4.664
4.838,4.664
4.73,4.664
4.62,4.642
4.686,4.642
4.552,4.642
4.774,4.642
4.774,4.642
4.774,4.664
4.923,4.664
4.295,4.664
4.575,4.642
4.709,4.664
4.923,4.686
4.923,4.686
4.552,4.686
4.752,4.709
4.817,4.73
4.686,4.73
4.795,4.73
4.902,4.73
4.708,4.709
4.795,4.73
4.796,4.752
4.881,4.752
4.795,4.752
4.923,4.752
4.598,4.752
4.507,4.752
4.859,4.752
5.148,4.752
4.902,4.774
4.687,4.774
4.902,4.774
4.752,4.774
4.838,4.774
4.53,4.774
4.686,4.774
4.642,4.774
4.73,4.774
4.391,4.774
4.985,4.774
4.923,4.774
4.902,4.774
5.006,4.795
4.965,4.795
4.437,4.795
4.923,4.795
4.965,4.796
4.686,4.795
5.006,4.796
4.774,4.796
5.006,4.817
5.047,4.817
4.944,4.817
4.86,4.838
4.839,4.839
4.965,4.859
4.902,4.86
4.965,4.881
4.709,4.86
5.027,4.881
4.53,4.881
4.796,4.881
4.708,4.86
4.553,4.86
4.902,4.86
4.944,4.902
4.902,4.902
4.944,4.902
5.006,4.902
4.923,4.902
4.817,4.902
4.598,4.902
4.86,4.902
4.642,4.902
4.642,4.902
4.795,4.902
4.838,4.902
5.027,4.902
4.665,4.902
4.986,4.902
5.068,4.902
5.068,4.902
4.923,4.902
4.686,4.902
4.838,4.902
4.62,4.902
4.965,4.902
4.944,4.902
4.985,4.902
4.964,4.902
4.923,4.902
4.484,4.902
4.752,4.902
4.902,4.902
4.944,4.902
4.965,4.902
4.774,4.902
4.507,4.902
4.437,4.902
4.46,4.86
4.597,4.86
4.437,4.86
4.752,4.86
4.795,4.86
4.62,4.838
4.664,4.838
4.507,4.817
3.945,4.795
4.367,4.795
4.461,4.774
4.461,4.752
4.414,4.752
3.945,4.752
4.247,4.752
4.295,4.752
4.099,4.686
4.022,4.665
4.124,4.664
3.892,4.62
3.865,4.62
4.023,4.597
4.198,4.507
3.945,4.507
3.674,4.484
3.702,4.461
3.319,4.461
3.702,4.46
3.702,4.437
3.56,4.437
3.225,4.414
3.16,4.367
3.094,4.295
3.094,4.247
3.026,4.198
3.225,4.124
3.026,4.099
3.06,4.023
2.777,4.022
3.127,3.945
2.851,3.945
2.74,3.945
2.74,3.892
2.922,3.865
2.663,3.702
2.814,3.702
3.094,3.702
2.624,3.674
2.462,3.56
2.545,3.319
2.288,3.225
2.148,3.225
2.196,3.16
2.544,3.127
2.42,3.094
2.242,3.094
2.196,3.094
2.1,3.06
2.333,3.026
2.148,3.026
1.838,2.922
1.893,2.851
2.05,2.814
1.947,2.777
2.05,2.74
2.288,2.74
1.947,2.663
2.148,2.624
2.148,2.545
2.148,2.544
2.333,2.462
2.333,2.42
2.242,2.333
2.288,2.333
2.42,2.333
2.376,2.333
2.377,2.333
1.893,2.333
2.333,2.333
2.242,2.288
2.288,2.288
1.999,2.288
2.148,2.288
2.242,2.242
2.148,2.242
2.05,2.242
2.1,2.242
2.148,2.196
2.05,2.196
2.148,2.148
2.196,2.148
2.1,2.148
2.148,2.148
1.947,2.148
1.947,2.148
1.999,2.148
2.288,2.148
2.05,2.148
2.242,2.148
1.947,2.148
2.05,2.148
2.242,2.148
2.148,2.148
2.05,2.148
1.838,2.148
1.78,2.148
1.838,2.148
2.05,2.148
1.722,2.148
1.66,2.148
1.838,2.148
1.893,2.1
1.78,2.1
1.781,2.05
1.947,2.05
1.893,2.05
1.66,2.05
1.838,2.05
1.597,2.05
1.66,2.05
1.597,1.999
1.838,1.999
1.66,1.947
1.78,1.947
1.78,1.947
1.66,1.947
1.838,1.893
1.722,1.893
1.893,1.893
1.78,1.838
1.66,1.838
1.722,1.838
1.947,1.838
1.947,1.838
1.721,1.838
1.722,1.838
1.838,1.838
1.78,1.838
1.722,1.781
1.722,1.78
1.66,1.78
1.66,1.78
1.722,1.78
1.78,1.78
1.313,1.78
1.462,1.78
1.722,1.722
1.39,1.722
1.722,1.722
1.39,1.722
1.597,1.722
1.722,1.722
1.893,1.722
1.531,1.722
1.597,1.722
1.66,1.722
1.597,1.722
1.313,1.722
0.948,1.722
1.313,1.722
1.531,1.722
1.462,1.722
1.531,1.722
1.145,1.721
1.051,1.66
1.661,1.661
1.313,1.66
1.39,1.66
1.313,1.66
1.313,1.66
1.145,1.597
1.39,1.597
1.313,1.597
1.531,1.531
1.313,1.531
1.232,1.531
0.948,1.531
1.462,1.462
1.39,1.462
1.462,1.462
1.232,1.462
1.232,1.39
1.39,1.39
1.145,1.39
1.051,1.39
1.232,1.39
1.39,1.39
1.597,1.39
1.313,1.39
1.232,1.39
1.462,1.39
0.948,1.313
1.232,1.313
1.39,1.313
1.313,1.313
1.232,1.313
1.597,1.313
0.948,1.313
1.313,1.313
1.051,1.313
1.39,1.313
0.948,1.313
0.948,1.313
0.832,1.313
1.145,1.313
1.313,1.313
1.145,1.313
1.232,1.313
1.313,1.313
0.832,1.232
1.051,1.232
0.948,1.232
0.697,1.232
0.697,1.232
1.145,1.232
1.051,1.232
0.832,1.232
1.232,1.232
1.531,1.232
1.232,1.232
1.232,1.232
1.145,1.232
1.145,1.232
1.145,1.232
1.232,1.232
0.948,1.232
1.232,1.232
1.145,1.145
0.697,1.145
1.313,1.145
1.051,1.145
1.531,1.145
0.948,1.145
1.39,1.145
0.697,1.145
0.528,1.145
1.145,1.145
1.145,1.145
0.948,1.145
0.948,1.145
0.948,1.145
1.051,1.145
1.232,1.145
1.597,1.145
0.948,1.145
1.051,1.145
0.948,1.145
0.528,1.051
0.948,1.051
0.948,1.051
0.0,1.051
0.0,1.051
0.269,1.051
0.697,1.051
0.528,1.051
0.528,1.051
1.051,1.051
0.269,1.051
0.269,1.0
0.832,1.0
1.051,1.0
0.528,0.948
0.269,0.948
0.269,0.948
0.832,0.948
1.051,0.948
0.528,0.948
0.948,0.948
0.0,0.948
0.948,0.948
0.528,0.948
0.0,0.948
0.528,0.948
1.145,0.948
0.528,0.948
0.269,0.948
0.832,0.948
0.697,0.948
1.051,0.948
0.948,0.948
0.528,0.948
0.948,0.948
1.051,0.948
1.232,0.948
1.313,0.948
0.948,0.948
0.269,0.832
0.697,0.832
0.832,0.832
0.269,0.832
0.528,0.832
0.528,0.697
0.528,0.697
1.051,0.832
0.832,0.832
0.948,0.832
0.528,0.832
0.269,0.832
1.531,0.832
1.313,0.832
0.832,0.832
0.528,0.832
0.832,0.832
0.948,0.832
0.528,0.832
0.528,0.832
0.0,0.832
0.697,0.832
0.832,0.832
0.0,0.832
0.697,0.832
0.0,0.832
1.313,0.832
0.697,0.832
0.269,0.832
0.832,0.832
0.528,0.832
0.832,0.832
0.269,0.832
0.269,0.832
1.145,0.832
0.948,0.832
1.051,0.832
0.948,0.832
0.269,0.832
0.832,0.832
0.528,0.832
0.0,0.832
0.0,0.832
0.269,0.832
0.0,0.832
0.697,0.832
0.269,0.832
0.0,0.832
0.269,0.832
0.528,0.832
0.0,0.832
0.528,0.832
0.269,0.832
0.0,0.832
0.832,0.832
1.051,0.832
0.697,0.832
0.0,0.832
0.0,0.832
0.0,0.832
0.0,0.832
0.269,0.832
0.0,0.832
0.528,0.832
0.948,0.832
0.0,0.832
0.0,0.832
0.832,0.832
0.697,0.832
0.0,0.948
0.0,0.948
0.697,0.948
0.528,0.948
0.0,0.948
0.948,0.948
0.528,0.948
0.948,0.948
0.269,0.948
0.269,0.948
0.0,0.948
0.697,0.948
0.269,0.948
0.0,0.948
0.0,0.948
0.528,0.948
0.697,0.948
0.528,0.948
0.832,0.832
0.697,0.832
0.832,0.832
0.528,0.832
0.0,0.832
0.0,0.948
0.0,0.948
0.0,0.948
0.0,0.948
0.269,0.948
0.528,0.948
0.0,0.948
0.0,0.948
0.0,0.948
0.0,0.948
0.269,0.948
0.269,0.948
0.528,0.832
0.0,0.832
0.0,0.832
0.697,0.832
0.0,0.948
0.0,0.948
0.0,0.948
0.0,0.948
0.832,0.948
0.528,0.948
0.697,0.832
0.528,0.832
0.0,0.832
0.0,1.0
0.697,1.0
0.0,1.0
0.0,1.0
0.269,1.0
0.0,1.0
0.0,1.0
0.0,1.0
0.0,1.0
0.697,1.0
0.948,1.0
0.0,1.0
0.697,1.0
0.269,1.0
0.0,1.0
0.0,1.0
0.0,1.0
0.0,1.0
0.269,1.0
0.0,1.0
0.0,1.0
0.528,1.0
0.269,1.0
0.0,1.0
0.0,1.0
0.528,1.0
0.0,1.0
0.697,1.0
0.697,1.0
0.269,1.0
0.0,1.0
0.832,1.0
0.0,1.0
0.0,1.0
0.0,1.0
0.528,1.0
0.0,1.0
0.697,1.0
0.0,1.0
0.528,1.0
0.0,1.0
0.528,1.0
0.528,1.0
0.948,1.0
0.528,1.0
0.832,1.0
0.832,0.948
0.0,0.948
0.832,0.948
0.269,0.948
0.0,0.948
0.0,0.948
0.697,0.948
0.948,0.948
0.528,0.948
0.832,0.832
0.832,0.832
0.0,0.832
0.948,0.832
0.832,0.832
1.051,0.832
0.0,0.832
1.145,0.948
0.0,0.948
0.948,0.948
0.528,0.948
0.832,0.832
0.269,0.832
0.528,0.832
0.0,0.948
0.697,0.832
0.269,0.832
0.0,0.832
0.832,0.832
0.697,0.832
0.697,0.832
0.948,0.832
0.697,0.832
0.832,0.832
0.0,0.832
0.832,0.832
0.832,0.832
0.0,0.832
0.697,0.832
0.697,0.832
1.145,0.832
0.948,0.832
0.528,0.832
0.697,0.832
0.948,0.832
0.528,0.832
0.269,0.832
0.697,0.832
0.0,0.832
0.269,0.832
0.948,0.832
0.832,0.832
0.528,0.832
0.697,0.832
0.697,0.832
0.697,0.832
0.269,0.697
0.948,0.697
0.697,0.697
0.697,0.697
0.269,0.697
0.697,0.697
0.832,0.697
0.528,0.697
0.269,0.697
0.269,0.697
0.948,0.697
0.832,0.697
0.948,0.697
0.697,0.697
0.697,0.697
0.528,0.697
0.528,0.697
0.832,0.697
0.528,0.697
0.0,0.697
0.528,0.697
0.269,0.697
0.0,0.697
0.0,0.697
0.0,0.697
0.0,0.697
0.0,0.697
0.697,0.697
0.697,0.697
0.528,0.697
0.269,0.697
0.832,0.697
0.528,0.697
0.0,0.697
0.528,0.697
0.528,0.697
0.269,0.697
0.269,0.697
0.269,0.697
0.832,0.697
0.697,0.697
0.269,0.697
0.269,0.697
0.528,0.697
0.832,0.697
0.269,0.697
0.0,0.697
0.0,0.697
0.0,0.697
0.0,0.697
0.697,0.697
0.0,0.697
0.697,0.697
0.528,0.697
0.269,0.697
0.0,0.697
0.269,0.697
0.697,0.697
0.528,0.697
0.269,0.697
0.528,0.697
0.697,0.697
0.948,0.697
0.528,0.697
0.697,0.697
0.528,0.697
0.832,0.697
0.948,0.697
0.269,0.528
0.269,0.528
1.051,0.697
0.697,0.697
0.0,0.697
1.051,0.697
0.832,0.697
0.0,0.697
0.0,0.697
0.948,0.697
0.269,0.697
0.0,0.697
0.0,0.697
0.832,0.832
0.528,0.832
0.0,0.832
0.832,0.832
0.832,0.832
0.832,0.832
0.528,0.832
0.528,0.832
0.0,0.832
0.528,0.832
0.528,0.697
0.697,0.697
0.0,0.832
0.0,0.832
0.0,0.832
0.269,0.832
0.0,0.832
0.269,0.832
0.0,0.832
0.0,0.832
0.0,0.832
0.528,0.832
0.832,0.832
0.0,0.832
0.0,0.948
0.528,0.948
0.528,0.832
0.528,0.832
0.269,0.832
0.0,0.832
0.697,0.832
0.0,0.832
0.0,0.832
0.0,0.948
0.0,0.948
0.697,0.832
1.051,0.832
0.0,1.0
