Muestra,Temp,Hum,Pres,Den,Vol,DP,DP1,DP2,DP3,Vel1,Vel2,Vel3,Vel4,Tiempo,PWM,Paro
0,20.493,42.771,100561.92,1.1889,2.5215,2521.5,756.45,504.3,2521.5,65.13,65.13,35.673,29.127,512.0,0.0,1.0
1,20.504,42.717,100559.19,1.1888,2.52063,1259.875,907.478,655.415,2521.5,46.039,65.132,39.073,33.206,566.0,0.0,1.0
2,20.482,42.74,100562.62,1.1889,2.52225,841.542,887.697,692.64,1259.875,37.625,46.037,38.643,34.135,620.0,0.0,1.0
3,20.493,42.717,100558.945,1.1888,2.52225,631.156,810.735,680.344,1259.875,32.586,46.038,36.931,33.831,674.0,0.0,1.0
4,20.482,42.717,100561.5,1.1889,2.52063,503.3,718.504,644.935,841.542,29.097,37.625,34.766,32.938,729.0,0.0,1.0
5,20.482,42.733,100561.5,1.1889,2.52088,419.667,628.853,599.881,841.542,26.57,37.625,32.525,31.767,783.0,0.0,1.0
6,20.504,42.733,100561.44,1.1888,2.52288,361.714,548.711,552.248,631.156,24.668,32.586,30.383,30.481,837.0,0.0,1.0
7,20.482,42.717,100560.95,1.1889,2.52113,314.75,478.523,504.748,631.156,23.011,32.585,28.372,29.139,891.0,0.0,1.0
8,20.482,42.717,100565.84,1.189,2.52088,279.528,418.824,459.704,503.3,21.684,29.097,26.543,27.808,946.0,0.0,1.0
9,20.493,42.733,100565.84,1.1889,2.52263,253.325,369.175,418.428,503.3,20.643,29.097,24.921,26.531,1000.0,0.0,1.0
10,20.493,42.725,100562.6,1.1889,2.52225,229.92,327.398,380.727,419.667,19.667,26.571,23.469,25.308,1054.0,0.0,1.0
11,20.482,42.717,100563.11,1.1889,2.52075,209.26,291.957,346.433,419.667,18.762,26.57,22.161,24.141,1108.0,0.0,1.0
12,20.482,42.725,100563.03,1.1889,2.5215,193.913,262.544,315.929,361.714,18.061,24.667,21.016,23.053,1163.0,0.0,1.0
13,20.493,42.717,100562.164,1.1889,2.52263,181.187,238.137,288.981,361.714,17.459,24.668,20.015,22.049,1217.0,0.0,1.0
14,20.525,42.733,100562.164,1.1887,2.52138,167.858,217.053,264.757,314.75,16.805,23.012,19.11,21.106,1271.0,0.0,1.0
15,20.493,42.733,100560.34,1.1888,2.52063,156.617,198.923,243.129,314.75,16.232,23.011,18.293,20.224,1326.0,0.0,1.0
16,20.482,42.717,100562.53,1.1889,2.5225,149.279,184.03,224.359,279.528,15.847,21.685,17.595,19.427,1380.0,0.0,1.0
17,20.493,42.717,100559.84,1.1888,2.52263,141.111,171.154,207.709,279.528,15.408,21.685,16.969,18.693,1434.0,0.0,1.0
18,20.482,42.725,100559.84,1.1889,2.52025,131.309,159.201,192.429,253.325,14.863,20.644,16.365,17.992,1488.0,0.0,1.0
19,20.493,42.717,100559.84,1.1888,2.5215,125.994,149.239,179.142,253.325,14.559,20.644,15.845,17.36,1543.0,0.0,1.0
20,20.493,42.717,100562.97,1.1889,2.52338,1.794,105.005,143.672,229.92,1.737,19.667,13.291,15.547,1597.0,0.0,1.0
21,20.482,42.702,100562.53,1.1889,2.5215,-0.175,73.451,114.903,229.92,0.0,19.667,11.116,13.903,1651.0,0.0,1.0
22,20.504,42.717,100560.27,1.1888,2.52063,-1.094,51.088,91.704,209.26,0.0,18.763,9.271,12.421,1704.0,0.0,1.0
23,20.504,42.733,100560.27,1.1888,2.52238,0.738,35.983,73.51,209.26,1.114,18.763,7.781,11.121,1759.0,0.0,1.0
24,20.514,42.71,100557.58,1.1887,2.52263,0.982,25.482,59.005,193.913,1.285,18.063,6.548,9.964,1813.0,0.0,1.0
25,20.504,42.733,100562.06,1.1888,2.52075,-0.993,17.54,47.005,181.187,0.0,17.459,5.432,8.893,1866.0,0.0,1.0
26,20.493,42.717,100561.625,1.1889,2.52213,0.388,12.394,37.682,167.858,0.808,16.804,4.566,7.962,1921.0,0.0,1.0
27,20.493,42.717,100562.5,1.1889,2.5225,0.8,8.916,30.305,156.617,1.16,16.232,3.873,7.14,1975.0,0.0,1.0
28,20.504,42.717,100562.5,1.1888,2.5205,-1.268,5.861,23.991,149.279,0.0,15.847,3.14,6.353,2028.0,0.0,1.0
29,20.514,42.725,100558.016,1.1887,2.5215,-0.25,4.028,19.143,149.279,0.0,15.848,2.603,5.675,2082.0,0.0,1.0
30,20.493,42.725,100563.84,1.1889,2.52263,0.932,3.099,15.5,141.111,1.252,15.407,2.283,5.106,2136.0,0.0,1.0
31,20.493,42.717,100556.67,1.1888,2.52188,0.182,2.224,12.437,131.309,0.553,14.863,1.934,4.574,2190.0,0.0,1.0
32,20.493,42.733,100556.67,1.1888,2.52163,-0.068,1.536,9.936,125.994,0.0,14.559,1.608,4.088,2243.0,0.0,1.0
33,20.493,42.725,100561.15,1.1888,2.52313,1.432,1.505,8.235,125.994,1.552,14.559,1.591,3.722,2297.0,0.0,1.0
34,20.482,42.725,100556.2,1.1888,2.52188,0.182,1.108,6.624,1.794,0.553,1.737,1.365,3.338,2351.0,0.0,1.0
35,20.493,42.725,100561.15,1.1888,2.52088,-0.818,0.53,5.136,1.432,0.0,1.552,0.944,2.939,2405.0,0.0,1.0
36,20.493,42.717,100558.016,1.1888,2.52338,1.682,0.875,4.445,1.432,1.682,1.552,1.214,2.735,2458.0,0.0,1.0
37,20.504,42.717,100558.016,1.1888,2.52213,0.432,0.742,3.642,0.982,0.852,1.285,1.118,2.475,2511.0,0.0,1.0
38,20.514,42.733,100563.41,1.1888,2.52063,-1.068,0.199,2.7,0.932,0.0,1.252,0.579,2.131,2566.0,0.0,1.0
39,20.493,42.733,100558.45,1.1888,2.523,1.307,0.531,2.421,0.982,1.483,1.285,0.945,2.018,2619.0,0.0,1.0
40,20.493,42.725,100558.016,1.1888,2.52263,0.932,0.651,2.123,0.932,1.252,1.252,1.047,1.89,2672.0,0.0,1.0
41,20.514,42.733,100558.016,1.1887,2.52063,-1.068,0.136,1.485,0.932,0.0,1.252,0.477,1.581,2726.0,0.0,1.0
42,20.504,42.733,100562.06,1.1888,2.5225,0.807,0.337,1.349,0.807,1.165,1.165,0.753,1.507,2780.0,0.0,1.0
43,20.504,42.717,100557.11,1.1888,2.52238,0.682,0.44,1.216,0.807,1.071,1.165,0.861,1.43,2833.0,0.0,1.0
44,20.514,42.717,100562.5,1.1888,2.52075,-0.943,0.025,0.784,0.8,0.0,1.16,0.206,1.148,2886.0,0.0,1.0
45,20.504,42.74,100562.5,1.1888,2.523,1.307,0.41,0.888,0.932,1.483,1.252,0.83,1.223,2940.0,0.0,1.0
46,20.493,42.733,100558.016,1.1888,2.52263,0.932,0.566,0.897,0.932,1.252,1.252,0.976,1.229,2994.0,0.0,1.0
47,20.504,42.733,100559.805,1.1888,2.52075,-0.943,0.113,0.529,0.807,0.0,1.165,0.437,0.943,3047.0,0.0,1.0
48,20.493,42.733,100562.5,1.1889,2.52225,0.557,0.246,0.535,0.932,0.968,1.252,0.644,0.948,3100.0,0.0,1.0
49,20.493,42.725,100561.586,1.1889,2.52288,1.182,0.527,0.664,0.932,1.41,1.252,0.942,1.057,3154.0,0.0,1.0
50,20.504,42.725,100561.586,1.1888,2.52063,-1.068,0.048,0.318,0.932,0.0,1.252,0.285,0.731,3208.0,0.0,1.0
51,20.514,42.717,100558.45,1.1887,2.52175,0.057,0.051,0.265,0.932,0.309,1.252,0.293,0.668,3261.0,0.0,1.0
52,20.493,42.733,100558.45,1.1888,2.52275,1.057,0.353,0.424,0.932,1.333,1.252,0.77,0.844,3315.0,0.0,1.0
53,20.493,42.725,100561.15,1.1888,2.52075,-0.943,-0.036,0.15,0.932,0.0,1.252,0.247,0.503,3368.0,0.0,1.0
54,20.482,42.717,100561.15,1.1889,2.52188,0.182,0.029,0.157,0.932,0.553,1.252,0.221,0.513,3422.0,0.0,1.0
55,20.514,42.725,100561.586,1.1888,2.52338,1.682,0.525,0.462,0.932,1.682,1.252,0.94,0.881,3476.0,0.0,1.0
56,20.493,42.717,100560.64,1.1888,2.52075,-0.943,0.084,0.181,0.932,0.0,1.252,0.377,0.551,3529.0,0.0,1.0
57,20.493,42.71,100559.805,1.1888,2.52138,-0.318,-0.036,0.081,0.932,0.0,1.252,0.248,0.369,3582.0,0.0,1.0
58,20.514,42.725,100558.45,1.1887,2.52288,1.182,0.329,0.301,0.932,1.41,1.252,0.744,0.712,3636.0,0.0,1.0
59,20.504,42.733,100558.45,1.1888,2.52113,-0.568,0.06,0.127,0.932,0.0,1.252,0.317,0.462,3690.0,0.0,1.0
60,20.493,42.725,100565.19,1.1889,2.52088,-0.818,-0.204,-0.062,0.932,0.0,1.252,0.585,0.323,3743.0,0.0,1.0
61,20.493,42.725,100562.94,1.1889,2.52338,1.682,0.362,0.287,0.932,1.682,1.252,0.78,0.695,3796.0,0.0,1.0
62,20.514,42.725,100562.43,1.1888,2.522,0.307,0.345,0.291,0.932,0.718,1.252,0.762,0.699,3850.0,0.0,1.0
63,20.514,42.733,100562.43,1.1888,2.52125,-0.443,0.109,0.144,0.932,0.0,1.252,0.428,0.492,3904.0,0.0,1.0
64,20.504,42.733,100560.234,1.1888,2.5235,1.807,0.618,0.476,1.057,1.743,1.333,1.02,0.895,3957.0,0.0,1.0
65,20.525,42.74,100561.586,1.1887,2.52163,-0.068,0.412,0.367,1.057,0.0,1.333,0.833,0.786,4011.0,0.0,1.0
66,20.493,42.717,100563.336,1.1889,2.52063,-1.068,-0.032,0.08,1.057,0.0,1.333,0.232,0.368,4064.0,0.0,1.0
67,20.482,42.725,100563.336,1.1889,2.52338,1.682,0.482,0.401,1.182,1.682,1.41,0.901,0.821,4118.0,0.0,1.0
68,20.493,42.717,100559.805,1.1888,2.5225,0.807,0.579,0.482,1.182,1.165,1.41,0.987,0.9,4171.0,0.0,1.0
69,20.504,42.733,100566.03,1.1889,2.52075,-0.943,0.123,0.197,1.057,0.0,1.333,0.454,0.575,4225.0,0.0,1.0
70,20.514,42.733,100560.234,1.1887,2.52313,1.432,0.515,0.444,1.182,1.552,1.41,0.931,0.864,4278.0,0.0,1.0
71,20.493,42.717,100561.08,1.1888,2.523,1.307,0.753,0.616,1.307,1.483,1.483,1.125,1.018,4332.0,0.0,1.0
72,20.493,42.733,100561.08,1.1888,2.52088,-0.818,0.281,0.329,1.182,0.0,1.41,0.688,0.744,4385.0,0.0,1.0
73,20.493,42.725,100559.734,1.1888,2.52313,1.432,0.626,0.55,1.432,1.552,1.552,1.027,0.962,4439.0,0.0,1.0
74,20.493,42.717,100564.68,1.1889,2.52288,1.182,0.793,0.676,1.432,1.41,1.552,1.155,1.067,4493.0,0.0,1.0
75,20.504,42.725,100559.3,1.1888,2.5205,-1.193,0.197,0.302,1.307,0.0,1.483,0.576,0.713,4546.0,0.0,1.0
76,20.493,42.725,100559.3,1.1888,2.52313,1.432,0.568,0.528,1.432,1.552,1.552,0.977,0.943,4599.0,0.0,1.0
77,20.493,42.725,100560.64,1.1888,2.52313,1.432,0.827,0.709,1.432,1.552,1.552,1.179,1.092,4654.0,0.0,1.0
78,20.504,42.717,100560.64,1.1888,2.52038,-1.318,0.183,0.303,1.432,0.0,1.552,0.555,0.714,4707.0,0.0,1.0
79,20.493,42.733,100565.19,1.1889,2.52263,0.932,0.408,0.429,1.432,1.252,1.552,0.828,0.85,4760.0,0.0,1.0
80,20.504,42.733,100559.805,1.1888,2.52325,1.557,0.752,0.655,1.432,1.618,1.552,1.125,1.049,4813.0,0.0,1.0
81,20.514,42.725,100560.64,1.1888,2.521,-0.693,0.319,0.385,1.432,0.0,1.552,0.732,0.805,4868.0,0.0,1.0
82,20.536,42.717,100554.85,1.1886,2.52175,0.057,0.24,0.319,1.432,0.309,1.552,0.636,0.733,4921.0,0.0,1.0
83,20.514,42.733,100560.234,1.1887,2.523,1.307,0.56,0.517,1.432,1.483,1.552,0.971,0.932,4974.0,0.0,1.0
84,20.482,42.71,100559.3,1.1889,2.52113,-0.568,0.222,0.3,1.432,0.0,1.552,0.61,0.71,5028.0,0.0,1.0
85,20.493,42.733,100559.3,1.1888,2.52188,0.182,0.21,0.276,1.432,0.553,1.552,0.594,0.682,5082.0,0.0,1.0
86,20.514,42.733,100561.984,1.1888,2.52388,2.182,0.801,0.657,1.432,1.916,1.552,1.161,1.052,5135.0,0.0,1.0
87,20.514,42.725,100563.336,1.1888,2.52088,-0.818,0.315,0.362,1.307,0.0,1.483,0.728,0.781,5188.0,0.0,1.0
88,20.504,42.717,100561.984,1.1888,2.52138,-0.318,0.125,0.226,1.307,0.0,1.483,0.459,0.617,5242.0,0.0,1.0
89,20.504,42.733,100561.984,1.1888,2.52363,1.932,0.667,0.567,1.432,1.803,1.552,1.059,0.977,5296.0,0.0,1.0
90,20.504,42.717,100558.89,1.1888,2.522,0.307,0.559,0.515,1.432,0.718,1.552,0.97,0.931,5349.0,0.0,1.0
91,20.514,42.717,100555.26,1.1887,2.521,-0.693,0.183,0.273,1.307,0.0,1.483,0.555,0.678,5403.0,0.0,1.0
92,20.525,42.717,100560.234,1.1887,2.52375,2.057,0.745,0.63,1.432,1.86,1.552,1.12,1.03,5456.0,0.0,1.0
93,20.514,42.725,100559.36,1.1887,2.522,0.307,0.614,0.565,1.432,0.718,1.552,1.016,0.975,5510.0,0.0,1.0
94,20.525,42.717,100559.36,1.1887,2.52113,-0.568,0.259,0.339,1.307,0.0,1.483,0.66,0.755,5563.0,0.0,1.0
95,20.504,42.733,100561.15,1.1888,2.52275,1.057,0.498,0.482,1.307,1.333,1.483,0.916,0.901,5617.0,0.0,1.0
96,20.504,42.71,100562.43,1.1888,2.52238,0.682,0.553,0.522,1.307,1.071,1.483,0.965,0.937,5670.0,0.0,1.0
97,20.504,42.733,100562.5,1.1888,2.52025,-1.443,-0.046,0.129,1.057,0.0,1.333,0.277,0.466,5724.0,0.0,1.0
98,20.504,42.717,100562.5,1.1888,2.5235,1.807,0.51,0.465,1.307,1.743,1.483,0.926,0.884,5778.0,0.0,1.0
99,20.504,42.717,100564.68,1.1888,2.52275,1.057,0.674,0.583,1.057,1.333,1.333,1.065,0.99,5831.0,0.0,1.0
100,20.493,42.733,100565.125,1.1889,2.52088,-0.818,0.226,0.303,1.057,0.0,1.333,0.617,0.714,5884.0,0.0,1.0
101,20.504,42.733,100560.234,1.1888,2.52325,1.557,0.625,0.554,1.307,1.618,1.483,1.026,0.965,5938.0,0.0,1.0
102,20.504,42.717,100560.234,1.1888,2.52338,1.682,0.942,0.779,1.307,1.682,1.483,1.259,1.145,5992.0,0.0,1.0
103,20.504,42.717,100564.68,1.1888,2.52125,-0.443,0.527,0.535,1.057,0.0,1.333,0.941,0.948,6045.0,0.0,1.0
104,20.504,42.71,100560.64,1.1888,2.52325,1.557,0.836,0.739,1.557,1.618,1.618,1.186,1.115,6098.0,0.0,1.0
105,20.504,42.725,100560.64,1.1888,2.52363,1.932,1.164,0.978,1.557,1.803,1.618,1.4,1.282,6153.0,0.0,1.0
106,20.493,42.733,100563.336,1.1889,2.52175,0.057,0.832,0.793,1.557,0.309,1.618,1.183,1.155,6206.0,0.0,1.0
107,20.514,42.717,100563.336,1.1888,2.52263,0.932,0.862,0.821,1.557,1.252,1.618,1.204,1.175,6259.0,0.0,1.0
108,20.514,42.725,100559.3,1.1887,2.5235,1.807,1.145,1.018,1.557,1.743,1.618,1.388,1.309,6313.0,0.0,1.0
109,20.504,42.717,100563.336,1.1888,2.52138,-0.318,0.706,0.751,1.557,0.0,1.618,1.09,1.124,6367.0,0.0,1.0
110,20.493,42.725,100559.734,1.1888,2.52225,0.557,0.661,0.712,1.557,0.968,1.618,1.055,1.094,6420.0,0.0,1.0
111,20.504,42.725,100559.734,1.1888,2.52425,2.557,1.23,1.081,1.557,2.074,1.618,1.439,1.349,6474.0,0.0,1.0
112,20.504,42.733,100557.95,1.1888,2.52238,0.682,1.065,1.001,1.557,1.071,1.618,1.339,1.298,6528.0,0.0,1.0
113,20.504,42.748,100562.43,1.1888,2.52188,0.182,0.8,0.837,1.057,0.553,1.333,1.16,1.187,6582.0,0.0,1.0
114,20.504,42.717,100556.125,1.1887,2.52425,2.557,1.327,1.181,1.057,2.074,1.333,1.494,1.41,6635.0,0.0,1.0
115,20.504,42.725,100555.26,1.1887,2.52238,0.682,1.134,1.081,1.057,1.071,1.333,1.381,1.349,6688.0,0.0,1.0
116,20.504,42.717,100555.26,1.1887,2.52175,0.057,0.81,0.876,1.057,0.309,1.333,1.168,1.214,6743.0,0.0,1.0
117,20.504,42.733,100561.516,1.1888,2.52375,2.057,1.184,1.112,1.557,1.86,1.618,1.412,1.368,6796.0,0.0,1.0
118,20.514,42.717,100562.43,1.1888,2.52238,0.682,1.034,1.026,1.557,1.071,1.618,1.319,1.314,6849.0,0.0,1.0
119,20.514,42.717,100557.95,1.1887,2.52113,-0.568,0.553,0.707,1.057,0.0,1.333,0.965,1.091,6903.0,0.0,1.0
120,20.514,42.733,100557.95,1.1887,2.52375,2.057,1.004,0.977,1.557,1.86,1.618,1.3,1.282,6957.0,0.0,1.0
121,20.504,42.733,100557.95,1.1888,2.523,1.307,1.095,1.043,1.557,1.483,1.618,1.357,1.325,7010.0,0.0,1.0
122,20.514,42.725,100558.39,1.1887,2.52088,-0.818,0.521,0.671,1.307,0.0,1.483,0.936,1.062,7064.0,0.0,1.0
123,20.504,42.717,100558.39,1.1888,2.52338,1.682,0.869,0.873,1.557,1.682,1.618,1.209,1.212,7117.0,0.0,1.0
124,20.536,42.717,100558.39,1.1886,2.52288,1.182,0.963,0.935,1.307,1.41,1.483,1.273,1.254,7171.0,0.0,1.0
125,20.504,42.733,100560.64,1.1888,2.52113,-0.568,0.503,0.634,1.182,0.0,1.41,0.92,1.033,7225.0,0.0,1.0
126,20.504,42.717,100564.21,1.1888,2.52288,1.182,0.707,0.744,1.182,1.41,1.41,1.091,1.118,7278.0,0.0,1.0
127,20.504,42.733,100557.95,1.1888,2.52313,1.432,0.924,0.881,1.182,1.552,1.41,1.247,1.218,7331.0,0.0,1.0
128,20.514,42.733,100561.984,1.1888,2.52125,-0.443,0.514,0.616,1.182,0.0,1.41,0.93,1.018,7386.0,0.0,1.0
129,20.525,42.733,100561.984,1.1887,2.52325,1.557,0.827,0.804,1.307,1.618,1.483,1.179,1.163,7439.0,0.0,1.0
130,20.525,42.733,100557.95,1.1887,2.52413,2.432,1.308,1.13,1.307,2.023,1.483,1.484,1.379,7492.0,0.0,1.0
131,20.504,42.733,100559.3,1.1888,2.52113,-0.568,0.745,0.79,1.307,0.0,1.483,1.12,1.153,7546.0,0.0,1.0
132,20.536,42.717,100561.08,1.1887,2.52213,0.432,0.651,0.718,1.307,0.852,1.483,1.047,1.099,7600.0,0.0,1.0
133,20.514,42.733,100561.08,1.1888,2.524,2.307,1.148,1.036,1.307,1.97,1.483,1.39,1.32,7653.0,0.0,1.0
134,20.514,42.725,100561.08,1.1888,2.52188,0.182,0.858,0.865,1.307,0.553,1.483,1.201,1.207,7707.0,0.0,1.0
135,20.514,42.74,100557.55,1.1887,2.52213,0.432,0.73,0.778,1.307,0.852,1.483,1.108,1.144,7760.0,0.0,1.0
136,20.525,42.717,100559.734,1.1887,2.52425,2.557,1.278,1.134,1.307,2.074,1.483,1.466,1.381,7814.0,0.0,1.0
137,20.525,42.748,100558.89,1.1887,2.52225,0.557,1.062,1.019,1.307,0.968,1.483,1.336,1.309,7868.0,0.0,1.0
138,20.514,42.74,100558.89,1.1887,2.52175,0.057,0.76,0.826,1.307,0.309,1.483,1.131,1.179,7921.0,0.0,1.0
139,20.504,42.733,100556.6,1.1887,2.52363,1.932,1.112,1.047,1.307,1.803,1.483,1.368,1.327,7974.0,0.0,1.0
140,20.493,42.717,100561.08,1.1888,2.5225,0.807,1.02,0.999,1.307,1.165,1.483,1.31,1.296,8029.0,0.0,1.0
141,20.525,42.733,100564.21,1.1887,2.52113,-0.568,0.544,0.686,1.307,0.0,1.483,0.956,1.074,8082.0,0.0,1.0
142,20.525,42.717,100564.21,1.1887,2.52375,2.057,0.997,0.96,1.307,1.86,1.483,1.295,1.271,8135.0,0.0,1.0
143,20.514,42.725,100560.234,1.1887,2.52238,0.682,0.903,0.904,1.182,1.071,1.41,1.232,1.233,8189.0,0.0,1.0
144,20.493,42.725,100561.08,1.1888,2.52063,-1.068,0.311,0.51,1.182,0.0,1.41,0.724,0.926,8243.0,0.0,1.0
145,20.514,42.74,100564.68,1.1888,2.52325,1.557,0.685,0.719,1.182,1.618,1.41,1.073,1.1,8296.0,0.0,1.0
146,20.514,42.717,100560.64,1.1888,2.523,1.307,0.871,0.837,1.307,1.483,1.483,1.211,1.186,8350.0,0.0,1.0
147,20.514,42.717,100560.234,1.1887,2.52088,-0.818,0.365,0.506,1.307,0.0,1.483,0.783,0.922,8403.0,0.0,1.0
148,20.525,42.733,100556.6,1.1887,2.52263,0.932,0.535,0.591,1.307,1.252,1.483,0.949,0.997,8457.0,0.0,1.0
149,20.504,42.733,100561.984,1.1888,2.52338,1.682,0.879,0.809,1.307,1.682,1.483,1.216,1.167,8511.0,0.0,1.0
150,20.504,42.748,100559.3,1.1888,2.52125,-0.443,0.482,0.558,1.307,0.0,1.483,0.901,0.969,8564.0,0.0,1.0
151,20.514,42.725,100559.3,1.1887,2.523,1.307,0.729,0.708,1.307,1.483,1.483,1.108,1.091,8617.0,0.0,1.0
152,20.514,42.733,100561.984,1.1888,2.52363,1.932,1.09,0.953,1.307,1.803,1.483,1.354,1.266,8672.0,0.0,1.0
153,20.504,42.725,100560.61,1.1888,2.52113,-0.568,0.593,0.649,1.307,0.0,1.483,0.998,1.045,8725.0,0.0,1.0
154,20.504,42.733,100558.39,1.1888,2.52275,1.057,0.732,0.73,1.307,1.333,1.483,1.11,1.108,8778.0,0.0,1.0
155,20.525,42.733,100558.39,1.1887,2.52388,2.182,1.167,1.021,1.307,1.916,1.483,1.401,1.31,8833.0,0.0,1.0
156,20.493,42.733,100561.08,1.1888,2.52113,-0.568,0.646,0.703,1.307,0.0,1.483,1.043,1.087,8886.0,0.0,1.0
157,20.525,42.733,100557.95,1.1887,2.52113,-0.568,0.282,0.449,1.307,0.0,1.483,0.689,0.869,8939.0,0.0,1.0
158,20.514,42.725,100561.08,1.1888,2.52413,2.432,0.927,0.845,1.307,2.023,1.483,1.249,1.192,8993.0,0.0,1.0
159,20.504,42.733,100557.95,1.1888,2.52175,0.057,0.666,0.687,1.307,0.309,1.483,1.058,1.075,9047.0,0.0,1.0
160,20.514,42.733,100557.95,1.1887,2.5215,-0.193,0.408,0.511,1.307,0.0,1.483,0.829,0.927,9100.0,0.0,1.0
161,20.525,42.733,100559.734,1.1887,2.52388,2.182,0.94,0.845,1.557,1.916,1.618,1.258,1.193,9153.0,0.0,1.0
162,20.525,42.725,100560.64,1.1887,2.52175,0.057,0.675,0.688,1.557,0.309,1.618,1.066,1.076,9207.0,0.0,1.0
163,20.525,42.717,100563.77,1.1887,2.521,-0.693,0.265,0.411,1.307,0.0,1.483,0.667,0.832,9261.0,0.0,1.0
164,20.504,42.74,100563.77,1.1888,2.52325,1.557,0.652,0.64,1.557,1.618,1.618,1.047,1.038,9314.0,0.0,1.0
165,20.525,42.748,100561.08,1.1887,2.52188,0.182,0.511,0.549,1.557,0.553,1.618,0.927,0.961,9368.0,0.0,1.0
166,20.504,42.74,100555.695,1.1887,2.5205,-1.193,-0.0,0.2,1.307,0.0,1.483,0.021,0.581,9421.0,0.0,1.0
167,20.504,42.74,100557.05,1.1888,2.52313,1.432,0.429,0.447,1.432,1.552,1.552,0.85,0.867,9475.0,0.0,1.0
168,20.504,42.733,100557.05,1.1888,2.52288,1.182,0.655,0.594,1.432,1.41,1.552,1.05,0.999,9529.0,0.0,1.0
169,20.504,42.717,100555.26,1.1887,2.52113,-0.568,0.288,0.361,1.307,0.0,1.483,0.696,0.78,9582.0,0.0,1.0
170,20.514,42.717,100559.734,1.1887,2.523,1.307,0.594,0.55,1.432,1.483,1.552,0.999,0.962,9635.0,0.0,1.0
171,20.504,42.725,100561.08,1.1888,2.52275,1.057,0.732,0.652,1.307,1.333,1.483,1.11,1.047,9689.0,0.0,1.0
172,20.514,42.733,100557.05,1.1887,2.52113,-0.568,0.342,0.408,1.307,0.0,1.483,0.759,0.828,9743.0,0.0,1.0
173,20.525,42.74,100557.05,1.1887,2.5225,0.807,0.482,0.487,1.307,1.165,1.483,0.9,0.906,9796.0,0.0,1.0
174,20.525,42.717,100557.48,1.1887,2.52288,1.182,0.692,0.626,1.182,1.41,1.41,1.079,1.026,9849.0,0.0,1.0
175,20.493,42.733,100558.39,1.1888,2.52025,-1.443,0.051,0.212,1.182,0.0,1.41,0.293,0.598,9904.0,0.0,1.0
176,20.514,42.733,100557.55,1.1887,2.52225,0.557,0.203,0.281,1.182,0.968,1.41,0.584,0.688,9957.0,0.0,1.0
177,20.525,42.74,100557.55,1.1887,2.52313,1.432,0.571,0.511,1.182,1.552,1.41,0.981,0.928,10010.0,0.0,1.0
178,20.504,42.733,100563.77,1.1888,2.5205,-1.193,0.042,0.17,1.182,0.0,1.41,0.266,0.535,10064.0,0.0,1.0
179,20.525,42.725,100563.77,1.1887,2.522,0.307,0.121,0.198,1.182,0.718,1.41,0.452,0.577,10118.0,0.0,1.0
180,20.514,42.725,100559.3,1.1887,2.52363,1.932,0.664,0.544,1.182,1.803,1.41,1.057,0.957,10171.0,0.0,1.0
181,20.525,42.725,100559.734,1.1887,2.52125,-0.443,0.332,0.347,1.182,0.0,1.41,0.748,0.764,10225.0,0.0,1.0
182,20.504,42.74,100559.734,1.1888,2.52175,0.057,0.249,0.289,1.182,0.309,1.41,0.648,0.697,10278.0,0.0,1.0
183,20.514,42.717,100559.734,1.1887,2.52388,2.182,0.829,0.667,1.182,1.916,1.41,1.181,1.06,10332.0,0.0,1.0
184,20.514,42.725,100561.984,1.1888,2.52163,-0.068,0.56,0.52,1.182,0.0,1.41,0.971,0.936,10386.0,0.0,1.0
185,20.482,42.733,100561.08,1.1889,2.52138,-0.318,0.296,0.353,1.182,0.0,1.41,0.706,0.77,10439.0,0.0,1.0
186,20.504,42.74,100561.08,1.1888,2.52363,1.932,0.787,0.668,1.182,1.803,1.41,1.151,1.06,10492.0,0.0,1.0
187,20.525,42.717,100561.516,1.1887,2.52275,1.057,0.868,0.746,1.182,1.333,1.41,1.208,1.12,10547.0,0.0,1.0
188,20.525,42.725,100558.83,1.1887,2.52075,-0.943,0.325,0.408,1.182,0.0,1.41,0.739,0.829,10600.0,0.0,1.0
189,20.493,42.733,100558.39,1.1888,2.52313,1.432,0.657,0.613,1.182,1.552,1.41,1.051,1.015,10653.0,0.0,1.0
190,20.504,42.733,100558.39,1.1888,2.52275,1.057,0.777,0.702,1.182,1.333,1.41,1.143,1.086,10707.0,0.0,1.0
191,20.525,42.733,100559.734,1.1887,2.52113,-0.568,0.373,0.448,1.057,0.0,1.333,0.792,0.868,10761.0,0.0,1.0
192,20.504,42.733,100561.516,1.1888,2.52325,1.557,0.728,0.669,1.182,1.618,1.41,1.107,1.061,10814.0,0.0,1.0
193,20.514,42.733,100562.86,1.1888,2.52363,1.932,1.089,0.922,1.432,1.803,1.552,1.354,1.245,10868.0,0.0,1.0
194,20.514,42.74,100561.08,1.1888,2.521,-0.693,0.554,0.599,1.182,0.0,1.41,0.966,1.004,10921.0,0.0,1.0
195,20.525,42.733,100561.08,1.1887,2.52275,1.057,0.705,0.69,1.432,1.333,1.552,1.089,1.078,10975.0,0.0,1.0
196,20.504,42.717,100563.336,1.1888,2.52338,1.682,0.998,0.889,1.432,1.682,1.552,1.296,1.223,11029.0,0.0,1.0
197,20.504,42.733,100561.08,1.1888,2.52063,-1.068,0.378,0.497,1.432,0.0,1.552,0.798,0.915,11082.0,0.0,1.0
198,20.504,42.733,100559.734,1.1888,2.52238,0.682,0.469,0.534,1.432,1.071,1.552,0.888,0.948,11137.0,0.0,1.0
199,20.525,42.733,100559.734,1.1887,2.52325,1.557,0.795,0.739,1.557,1.618,1.618,1.157,1.115,11190.0,0.0,1.0
200,20.525,42.725,100561.08,1.1887,2.52138,-0.318,0.461,0.527,1.432,0.0,1.552,0.881,0.942,11243.0,0.0,1.0
201,20.514,42.725,100556.56,1.1887,2.52125,-0.443,0.19,0.333,1.557,0.0,1.618,0.565,0.749,11297.0,0.0,1.0
202,20.514,42.748,100560.64,1.1887,2.52313,1.432,0.562,0.553,1.432,1.552,1.552,0.973,0.964,11351.0,0.0,1.0
203,20.504,42.74,100561.08,1.1888,2.52138,-0.318,0.298,0.379,1.432,0.0,1.552,0.708,0.798,11404.0,0.0,1.0
204,20.504,42.733,100561.08,1.1888,2.5215,-0.193,0.151,0.264,1.432,0.0,1.552,0.504,0.667,11457.0,0.0,1.0
205,20.514,42.717,100557.55,1.1887,2.524,2.307,0.798,0.673,1.557,1.97,1.618,1.158,1.064,11511.0,0.0,1.0
206,20.514,42.725,100560.17,1.1887,2.52188,0.182,0.613,0.574,1.432,0.553,1.552,1.015,0.983,11565.0,0.0,1.0
207,20.514,42.756,100555.695,1.1887,2.521,-0.693,0.221,0.321,1.432,0.0,1.552,0.61,0.735,11618.0,0.0,1.0
208,20.525,42.71,100555.695,1.1886,2.52413,2.432,0.884,0.743,1.432,2.023,1.552,1.22,1.118,11672.0,0.0,1.0
209,20.525,42.725,100559.734,1.1887,2.52288,1.182,0.973,0.831,1.432,1.41,1.552,1.28,1.182,11725.0,0.0,1.0
210,20.525,42.733,100558.83,1.1887,2.52063,-1.068,0.361,0.451,1.432,0.0,1.552,0.779,0.871,11780.0,0.0,1.0
211,20.525,42.748,100560.17,1.1887,2.52275,1.057,0.57,0.572,1.432,1.333,1.552,0.979,0.981,11833.0,0.0,1.0
212,20.482,42.71,100558.83,1.1889,2.5225,0.807,0.641,0.619,1.432,1.165,1.552,1.038,1.02,11886.0,0.0,1.0
213,20.536,42.733,100558.39,1.1886,2.52025,-1.443,0.015,0.207,1.432,0.0,1.552,0.161,0.589,11940.0,0.0,1.0
214,20.504,42.733,100560.64,1.1888,2.52275,1.057,0.328,0.377,1.182,1.333,1.41,0.743,0.796,11994.0,0.0,1.0
215,20.536,42.725,100558.83,1.1886,2.52313,1.432,0.659,0.588,1.182,1.552,1.41,1.053,0.994,12047.0,0.0,1.0
216,20.504,42.733,100561.08,1.1888,2.52113,-0.568,0.291,0.356,1.182,0.0,1.41,0.699,0.774,12101.0,0.0,1.0
217,20.525,42.733,100561.08,1.1887,2.52225,0.557,0.371,0.396,1.182,0.968,1.41,0.79,0.817,12154.0,0.0,1.0
218,20.525,42.748,100563.77,1.1887,2.52338,1.682,0.764,0.653,1.182,1.682,1.41,1.134,1.049,12208.0,0.0,1.0
219,20.504,42.717,100561.984,1.1888,2.52063,-1.068,0.214,0.309,1.182,0.0,1.41,0.6,0.721,12262.0,0.0,1.0
220,20.514,42.733,100558.39,1.1887,2.52188,0.182,0.204,0.284,1.182,0.553,1.41,0.586,0.691,12315.0,0.0,1.0
221,20.525,42.733,100558.39,1.1887,2.52313,1.432,0.573,0.513,1.182,1.552,1.41,0.982,0.929,12368.0,0.0,1.0
222,20.525,42.717,100552.56,1.1886,2.52125,-0.443,0.268,0.322,1.182,0.0,1.41,0.671,0.736,12423.0,0.0,1.0
223,20.525,42.717,100563.336,1.1887,2.5205,-1.193,-0.171,0.019,1.182,0.0,1.41,0.536,0.178,12476.0,0.0,1.0
224,20.525,42.733,100559.734,1.1887,2.52288,1.182,0.235,0.251,1.182,1.41,1.41,0.629,0.65,12529.0,0.0,1.0
225,20.504,42.733,100561.984,1.1888,2.5215,-0.193,0.107,0.162,1.182,0.0,1.41,0.423,0.523,12583.0,0.0,1.0
226,20.514,42.733,100561.984,1.1888,2.52063,-1.068,-0.246,-0.084,1.182,0.0,1.41,0.643,0.375,12637.0,0.0,1.0
227,20.536,42.725,100558.83,1.1886,2.523,1.307,0.22,0.194,1.182,1.483,1.41,0.608,0.572,12690.0,0.0,1.0
228,20.525,42.733,100558.39,1.1887,2.52113,-0.568,-0.017,0.042,1.182,0.0,1.41,0.167,0.265,12744.0,0.0,1.0
229,20.504,42.717,100561.516,1.1888,2.52038,-1.318,-0.407,-0.23,1.182,0.0,1.41,0.828,0.622,12797.0,0.0,1.0
230,20.514,42.717,100561.516,1.1888,2.52363,1.932,0.294,0.202,1.182,1.803,1.41,0.704,0.583,12851.0,0.0,1.0
231,20.525,42.725,100559.26,1.1887,2.52213,0.432,0.336,0.248,1.182,0.852,1.41,0.751,0.646,12905.0,0.0,1.0
232,20.514,42.725,100564.21,1.1888,2.51975,-1.943,-0.348,-0.19,1.057,0.0,1.333,0.765,0.566,12958.0,0.0,1.0
233,20.514,42.725,100563.336,1.1888,2.5225,0.807,-0.002,0.009,1.182,1.165,1.41,0.053,0.124,13011.0,0.0,1.0
234,20.514,42.71,100563.336,1.1888,2.52288,1.182,0.353,0.244,1.182,1.41,1.41,0.771,0.64,13066.0,0.0,1.0
235,20.525,42.71,100562.94,1.1887,2.52025,-1.443,-0.186,-0.094,1.182,0.0,1.41,0.559,0.397,13119.0,0.0,1.0
236,20.536,42.725,100559.26,1.1886,2.52225,0.557,0.037,0.036,1.182,0.968,1.41,0.25,0.247,13172.0,0.0,1.0
237,20.525,42.733,100560.17,1.1887,2.5225,0.807,0.268,0.19,1.182,1.165,1.41,0.671,0.566,13227.0,0.0,1.0
238,20.514,42.725,100561.08,1.1888,2.52063,-1.068,-0.133,-0.061,0.807,0.0,1.165,0.473,0.321,13280.0,0.0,1.0
239,20.514,42.74,100561.08,1.1888,2.52188,0.182,-0.039,-0.013,1.182,0.553,1.41,0.255,0.147,13333.0,0.0,1.0
240,20.514,42.717,100564.21,1.1888,2.52388,2.182,0.628,0.426,1.182,1.916,1.41,1.027,0.847,13387.0,0.0,1.0
241,20.536,42.717,100561.95,1.1887,2.52063,-1.068,0.119,0.127,0.807,0.0,1.165,0.447,0.463,13441.0,0.0,1.0
242,20.504,42.74,100557.95,1.1888,2.52138,-0.318,-0.012,0.038,1.182,0.0,1.41,0.144,0.253,13494.0,0.0,1.0
243,20.525,42.733,100557.95,1.1887,2.52313,1.432,0.421,0.317,1.182,1.552,1.41,0.841,0.73,13548.0,0.0,1.0
244,20.536,42.725,100553.91,1.1886,2.52125,-0.443,0.162,0.165,1.182,0.0,1.41,0.521,0.527,13601.0,0.0,1.0
245,20.504,42.725,100558.39,1.1888,2.52088,-0.818,-0.132,-0.032,1.182,0.0,1.41,0.472,0.231,13655.0,0.0,1.0
246,20.536,42.733,100557.05,1.1886,2.52288,1.182,0.262,0.211,1.182,1.41,1.41,0.664,0.596,13709.0,0.0,1.0
247,20.504,42.717,100558.39,1.1888,2.52138,-0.318,0.088,0.105,1.182,0.0,1.41,0.384,0.42,13762.0,0.0,1.0
248,20.504,42.74,100558.39,1.1888,2.52063,-1.068,-0.259,-0.13,1.182,0.0,1.41,0.66,0.467,13815.0,0.0,1.0
249,20.525,42.733,100561.08,1.1887,2.52325,1.557,0.286,0.208,1.182,1.618,1.41,0.693,0.591,13869.0,0.0,1.0
250,20.514,42.717,100562.86,1.1888,2.52175,0.057,0.217,0.177,1.182,0.309,1.41,0.604,0.546,13923.0,0.0,1.0
251,20.514,42.733,100557.05,1.1887,2.52025,-1.443,-0.281,-0.147,0.807,0.0,1.165,0.688,0.497,13976.0,0.0,1.0
252,20.525,42.725,100557.05,1.1887,2.523,1.307,0.195,0.144,1.182,1.483,1.41,0.573,0.492,14029.0,0.0,1.0
253,20.525,42.725,100558.39,1.1887,2.5225,0.807,0.379,0.276,1.182,1.165,1.41,0.798,0.682,14084.0,0.0,1.0
254,20.514,42.748,100559.734,1.1887,2.51988,-1.818,-0.281,-0.143,0.807,0.0,1.165,0.687,0.49,14137.0,0.0,1.0
255,20.525,42.71,100561.984,1.1887,2.52288,1.182,0.158,0.122,1.182,1.41,1.41,0.516,0.454,14190.0,0.0,1.0
256,20.525,42.733,100559.3,1.1887,2.52238,0.682,0.315,0.234,1.182,1.071,1.41,0.728,0.628,14244.0,0.0,1.0
257,20.525,42.717,100559.734,1.1887,2.52025,-1.443,-0.212,-0.101,0.807,0.0,1.165,0.598,0.413,14298.0,0.0,1.0
258,20.525,42.733,100562.43,1.1887,2.52163,-0.068,-0.169,-0.095,1.182,0.0,1.41,0.534,0.399,14351.0,0.0,1.0
259,20.525,42.71,100561.08,1.1887,2.5225,0.807,0.124,0.086,1.182,1.165,1.41,0.456,0.379,14405.0,0.0,1.0
260,20.514,42.717,100559.734,1.1887,2.52075,-0.943,-0.197,-0.12,1.182,0.0,1.41,0.575,0.45,14458.0,0.0,1.0
261,20.482,42.725,100559.734,1.1889,2.52163,-0.068,-0.158,-0.11,1.182,0.0,1.41,0.516,0.43,14512.0,0.0,1.0
262,20.504,42.733,100562.43,1.1888,2.52338,1.682,0.394,0.248,1.182,1.682,1.41,0.814,0.646,14566.0,0.0,1.0
263,20.482,42.733,100561.516,1.1889,2.52,-1.693,-0.232,-0.14,1.182,0.0,1.41,0.625,0.485,14619.0,0.0,1.0
264,20.514,42.725,100562.86,1.1888,2.521,-0.693,-0.371,-0.251,1.182,0.0,1.41,0.79,0.649,14672.0,0.0,1.0
265,20.514,42.74,100562.86,1.1888,2.5235,1.807,0.283,0.161,1.182,1.743,1.41,0.69,0.52,14727.0,0.0,1.0
266,20.514,42.725,100555.695,1.1887,2.52088,-0.818,-0.048,-0.035,1.182,0.0,1.41,0.283,0.243,14780.0,0.0,1.0
267,20.514,42.733,100563.77,1.1888,2.52013,-1.568,-0.504,-0.342,1.182,0.0,1.41,0.921,0.758,14833.0,0.0,1.0
268,20.525,42.74,100559.664,1.1887,2.5225,0.807,-0.111,-0.112,1.182,1.165,1.41,0.432,0.434,14886.0,0.0,1.0
269,20.514,42.748,100560.17,1.1887,2.52125,-0.443,-0.211,-0.178,0.807,0.0,1.165,0.595,0.548,14941.0,0.0,1.0
270,20.504,42.733,100560.17,1.1888,2.52038,-1.318,-0.543,-0.406,0.807,0.0,1.165,0.956,0.827,14994.0,0.0,1.0
271,20.525,42.733,100563.77,1.1887,2.523,1.307,0.012,-0.064,1.182,1.483,1.41,0.142,0.328,15047.0,0.0,1.0
272,20.514,42.74,100558.39,1.1887,2.52175,0.057,0.025,-0.04,1.182,0.309,1.41,0.207,0.258,15101.0,0.0,1.0
273,20.536,42.74,100564.68,1.1887,2.51988,-1.818,-0.528,-0.395,0.807,0.0,1.165,0.942,0.816,15155.0,0.0,1.0
274,20.525,42.74,100564.68,1.1887,2.52288,1.182,-0.015,-0.08,1.182,1.41,1.41,0.159,0.367,15208.0,0.0,1.0
275,20.514,42.733,100560.71,1.1888,2.52213,0.432,0.119,0.022,1.182,0.852,1.41,0.447,0.194,15262.0,0.0,1.0
276,20.536,42.748,100558.45,1.1886,2.5195,-2.193,-0.575,-0.421,0.807,0.0,1.165,0.983,0.841,15315.0,0.0,1.0
277,20.525,42.717,100559.36,1.1887,2.52225,0.557,-0.235,-0.225,0.807,0.968,1.165,0.629,0.616,15369.0,0.0,1.0
278,20.525,42.733,100560.71,1.1887,2.52238,0.682,0.04,-0.044,0.807,1.071,1.165,0.259,0.272,15423.0,0.0,1.0
279,20.504,42.717,100561.15,1.1888,2.52013,-1.568,-0.443,-0.349,0.807,0.0,1.165,0.863,0.766,15476.0,0.0,1.0
280,20.504,42.717,100561.516,1.1888,2.52188,0.182,-0.255,-0.243,0.807,0.553,1.165,0.655,0.639,15529.0,0.0,1.0
281,20.536,42.74,100557.05,1.1886,2.52263,0.932,0.101,-0.008,0.807,1.252,1.165,0.412,0.115,15584.0,0.0,1.0
282,20.493,42.733,100555.26,1.1888,2.5205,-1.193,-0.287,-0.245,0.807,0.0,1.165,0.695,0.642,15637.0,0.0,1.0
283,20.525,42.733,100555.26,1.1886,2.52163,-0.068,-0.222,-0.21,0.807,0.0,1.165,0.611,0.594,15690.0,0.0,1.0
284,20.514,42.717,100560.64,1.1888,2.523,1.307,0.237,0.094,0.807,1.483,1.165,0.631,0.397,15745.0,0.0,1.0
285,20.493,42.717,100563.77,1.1889,2.52,-1.693,-0.342,-0.264,0.807,0.0,1.165,0.759,0.666,15798.0,0.0,1.0
286,20.514,42.725,100558.39,1.1887,2.521,-0.693,-0.448,-0.35,0.807,0.0,1.165,0.868,0.767,15851.0,0.0,1.0
287,20.536,42.733,100558.39,1.1886,2.52338,1.682,0.191,0.057,0.807,1.682,1.165,0.567,0.309,15904.0,0.0,1.0
288,20.525,42.725,100561.516,1.1887,2.52125,-0.443,0.001,-0.043,0.807,0.0,1.165,0.036,0.27,15959.0,0.0,1.0
289,20.504,42.733,100563.77,1.1888,2.52038,-1.318,-0.395,-0.298,0.807,0.0,1.165,0.815,0.709,16012.0,0.0,1.0
290,20.525,42.717,100557.05,1.1887,2.52263,0.932,0.003,-0.052,0.932,1.252,1.252,0.071,0.297,16065.0,0.0,1.0
291,20.525,42.733,100563.3,1.1887,2.52163,-0.068,-0.018,-0.056,0.932,0.0,1.252,0.176,0.306,16119.0,0.0,1.0
292,20.525,42.725,100563.3,1.1887,2.51938,-2.318,-0.708,-0.508,0.932,0.0,1.252,1.092,0.925,16173.0,0.0,1.0
