Muestra,Tiempo,Temp,Hum,Pres,Den,DP,Ref,VelFrec,PWM,Control,Error,ESTADOvariador,ERRORvariador
0,3.09,94.0,0.0,865.0,3.92,3.42,4.87,4.03,15.7,10.9,1.0,0.0,2.0
1,2.78,81.6,0.0,1035.0,3.97,3.26,4.12,3.67,14.0,6.3,3.0,0.0,4.0
2,2.95,82.8,0.0,891.0,4.94,4.57,3.01,4.53,8.8,12.4,5.0,0.0,6.0
3,2.74,80.1,0.0,1053.0,4.77,3.08,3.28,4.33,17.8,6.1,7.0,0.0,8.0
4,2.94,82.9,0.0,801.0,4.17,4.95,4.05,3.04,8.1,7.8,9.0,0.0,10.0
5,3.44,90.1,0.0,1097.0,3.71,3.28,4.37,4.58,15.7,17.7,11.0,0.0,12.0
6,2.49,76.8,0.0,1012.0,3.6,4.57,4.94,3.08,17.5,4.8,13.0,0.0,14.0
7,2.21,89.5,0.0,912.0,3.71,4.01,4.9,3.31,6.8,8.7,15.0,0.0,16.0
8,2.69,75.4,0.0,823.0,3.89,4.6,4.05,4.26,15.3,8.6,17.0,0.0,18.0
9,3.44,86.3,0.0,938.0,3.44,4.9,4.5,4.59,10.3,17.7,19.0,0.0,20.0
10,2.7,74.4,0.0,868.0,4.35,4.15,3.25,4.34,17.2,4.1,21.0,0.0,22.0
11,2.83,96.9,0.0,897.0,4.53,4.47,3.25,3.1,9.2,14.1,23.0,0.0,24.0
12,3.39,97.4,0.0,1031.0,4.56,4.01,3.72,4.6,7.4,6.4,25.0,0.0,26.0
13,2.06,76.3,0.0,1002.0,3.76,4.08,3.49,4.31,17.4,6.8,27.0,0.0,28.0
14,2.25,90.9,0.0,980.0,4.29,3.23,3.54,3.6,11.7,7.5,29.0,0.0,30.0
15,2.0,77.6,0.0,1012.0,4.54,4.97,4.04,4.81,17.8,4.5,31.0,0.0,32.0
16,3.22,80.5,0.0,1076.0,3.53,3.24,3.3,4.66,3.0,17.4,33.0,0.0,34.0
17,2.66,95.7,0.0,1011.0,3.78,3.14,3.19,4.37,11.3,7.1,35.0,0.0,36.0
18,2.04,95.8,0.0,800.0,3.54,4.6,4.15,4.47,11.0,16.0,37.0,0.0,38.0
19,2.14,99.3,0.0,1060.0,4.54,3.18,4.57,4.85,15.9,14.5,39.0,0.0,40.0
20,2.03,97.3,0.0,803.0,4.48,4.85,3.58,3.59,3.6,11.0,41.0,0.0,42.0
21,3.03,90.0,0.0,1020.0,4.33,3.58,3.03,3.76,13.0,6.4,43.0,0.0,44.0
22,2.79,98.3,0.0,870.0,3.4,4.23,3.5,4.71,15.9,9.8,45.0,0.0,46.0
23,2.21,96.4,0.0,1060.0,4.98,4.51,4.4,4.03,8.1,8.1,47.0,0.0,48.0
24,2.33,78.8,0.0,817.0,3.08,4.5,4.24,4.95,3.7,9.1,49.0,0.0,50.0
25,2.02,80.7,0.0,941.0,4.1,3.0,4.99,4.27,10.1,11.7,51.0,1.0,0.0
26,2.23,72.0,0.0,1011.0,3.39,3.54,4.05,4.29,13.3,11.9,53.0,1.0,2.0
27,2.17,95.2,0.0,939.0,3.98,4.01,3.11,3.16,7.1,15.1,55.0,1.0,4.0
28,3.0,91.1,0.0,1063.0,4.94,4.33,4.27,3.27,12.5,16.1,57.0,1.0,6.0
29,2.24,80.8,0.0,936.0,3.81,3.15,4.1,3.16,3.5,15.3,59.0,1.0,8.0
30,2.34,86.7,0.0,1049.0,3.76,3.46,4.76,3.66,14.7,5.0,61.0,1.0,10.0
31,2.25,86.7,0.0,989.0,3.18,3.14,3.25,4.18,5.8,5.9,63.0,1.0,12.0
32,2.15,91.1,0.0,1052.0,3.64,3.76,3.37,3.75,17.5,9.0,65.0,1.0,14.0
33,2.79,82.9,0.0,864.0,4.79,4.01,4.25,3.89,8.8,11.3,67.0,1.0,16.0
34,3.21,81.9,0.0,996.0,3.47,4.88,4.59,4.87,16.5,16.5,69.0,1.0,18.0
35,3.26,96.1,0.0,825.0,3.19,3.31,4.03,3.98,17.8,11.9,71.0,1.0,20.0
36,2.04,70.6,0.0,850.0,4.03,3.32,3.32,4.41,3.4,10.7,73.0,1.0,22.0
37,2.98,96.2,0.0,829.0,3.39,4.08,4.03,3.57,14.1,3.2,75.0,1.0,24.0
38,2.12,89.3,0.0,1027.0,3.32,3.44,4.91,4.98,3.2,13.6,77.0,1.0,26.0
39,3.02,98.6,0.0,1019.0,4.5,3.1,3.23,3.69,8.5,12.3,79.0,1.0,28.0
40,2.41,95.7,0.0,833.0,4.28,4.77,3.1,3.83,15.6,11.9,81.0,1.0,30.0
41,3.4,88.4,0.0,1013.0,3.41,4.27,4.79,4.84,16.7,10.0,83.0,1.0,32.0
42,2.27,76.2,0.0,910.0,3.19,4.5,4.77,4.41,11.6,15.0,85.0,1.0,34.0
43,2.18,85.0,0.0,901.0,3.95,3.21,4.31,4.01,7.5,4.1,87.0,1.0,36.0
44,2.21,97.5,0.0,1018.0,4.0,3.89,3.62,3.54,9.3,7.3,89.0,1.0,38.0
45,3.42,71.6,0.0,1014.0,3.2,3.6,3.5,4.68,17.1,17.7,91.0,1.0,40.0
46,2.21,92.9,0.0,893.0,4.19,3.71,3.2,4.64,10.9,11.0,93.0,1.0,42.0
47,3.25,88.0,0.0,1000.0,4.96,4.47,4.7,3.87,7.3,6.3,95.0,1.0,44.0
48,3.14,84.5,0.0,862.0,4.09,3.1,3.49,3.18,17.0,13.5,97.0,1.0,46.0
49,2.09,98.3,0.0,814.0,3.37,3.79,3.98,4.0,6.7,11.5,99.0,1.0,48.0
50,2.28,96.2,0.0,963.0,4.69,3.9,3.23,3.78,9.3,14.1,101.0,1.0,50.0
51,2.31,94.4,0.0,839.0,4.76,4.84,3.52,4.08,4.4,3.4,103.0,2.0,0.0
52,2.58,98.1,0.0,952.0,3.88,4.63,4.59,3.19,5.9,8.6,105.0,2.0,2.0
53,3.24,93.6,0.0,909.0,4.67,3.34,4.39,3.84,8.1,17.9,107.0,2.0,4.0
54,3.24,83.5,0.0,831.0,4.72,3.28,4.98,3.7,11.7,17.7,109.0,2.0,6.0
55,3.3,72.1,0.0,1013.0,4.28,4.5,3.0,4.59,8.4,17.2,111.0,2.0,8.0
56,2.31,85.3,0.0,922.0,4.21,4.56,3.18,4.91,13.0,12.6,113.0,2.0,10.0
57,3.3,91.8,0.0,1088.0,3.52,4.28,3.0,3.62,17.0,12.9,115.0,2.0,12.0
58,2.54,94.0,0.0,881.0,4.7,3.28,3.51,4.44,14.9,12.5,117.0,2.0,14.0
59,3.46,86.9,0.0,870.0,4.94,3.1,4.92,3.64,5.4,14.1,119.0,2.0,16.0
60,2.6,99.3,0.0,828.0,4.22,4.81,4.66,3.68,10.3,15.2,121.0,2.0,18.0
61,3.36,78.9,0.0,928.0,4.2,4.02,4.12,3.16,12.7,12.6,123.0,2.0,20.0
62,2.03,91.2,0.0,1025.0,3.4,4.53,3.57,4.33,7.5,6.9,125.0,2.0,22.0
63,2.83,96.2,0.0,976.0,3.36,3.46,3.73,3.64,16.4,17.2,127.0,2.0,24.0
64,2.48,90.0,0.0,870.0,4.98,3.92,4.45,4.28,13.0,7.3,129.0,2.0,26.0
65,3.19,73.1,0.0,857.0,3.19,3.86,3.56,3.16,13.4,3.4,131.0,2.0,28.0
66,2.31,77.4,0.0,1063.0,3.77,4.24,4.84,3.33,8.0,15.7,133.0,2.0,30.0
67,2.57,78.3,0.0,900.0,3.59,4.1,4.53,3.91,15.1,15.5,135.0,2.0,32.0
68,2.18,88.7,0.0,1026.0,3.72,3.19,3.41,3.04,8.1,12.2,137.0,2.0,34.0
69,3.21,97.9,0.0,1035.0,4.29,3.88,3.48,4.78,14.7,15.3,139.0,2.0,36.0
70,3.26,88.8,0.0,1096.0,3.19,3.64,4.37,3.16,14.8,17.1,141.0,2.0,38.0
71,2.61,87.8,0.0,828.0,3.63,3.35,4.06,4.08,14.8,10.9,143.0,2.0,40.0
72,2.75,80.4,0.0,1062.0,3.32,3.19,4.31,3.35,9.8,4.8,145.0,2.0,42.0
73,2.37,86.3,0.0,837.0,4.66,4.34,3.83,3.75,11.4,8.5,147.0,2.0,44.0
74,2.8,76.7,0.0,965.0,4.1,3.82,3.05,4.14,3.2,12.1,149.0,2.0,46.0
75,2.5,78.5,0.0,867.0,3.84,4.88,3.0,3.86,13.0,7.5,151.0,2.0,48.0
76,2.25,78.9,0.0,922.0,4.95,3.05,4.19,3.91,5.1,10.4,153.0,2.0,50.0
77,2.25,75.8,0.0,862.0,4.31,4.36,4.2,4.08,10.4,12.7,155.0,3.0,0.0
78,2.12,93.9,0.0,1054.0,3.21,3.86,4.36,3.1,14.2,5.3,157.0,3.0,2.0
79,3.07,89.2,0.0,843.0,4.75,4.68,3.13,3.15,11.6,12.1,159.0,3.0,4.0
80,2.57,83.7,0.0,1003.0,3.21,3.47,3.34,4.49,14.6,13.9,161.0,3.0,6.0
81,2.31,71.2,0.0,1051.0,3.02,3.95,4.36,3.54,3.8,16.0,163.0,3.0,8.0
82,2.19,98.1,0.0,910.0,4.08,3.09,3.39,3.67,9.9,9.6,165.0,3.0,10.0
83,2.8,82.5,0.0,936.0,4.94,4.45,3.02,3.33,6.0,8.6,167.0,3.0,12.0
84,2.01,84.2,0.0,944.0,3.35,4.55,3.72,3.43,15.2,4.3,169.0,3.0,14.0
85,3.32,91.3,0.0,995.0,4.28,4.04,3.55,4.11,6.1,9.0,171.0,3.0,16.0
86,3.36,81.8,0.0,994.0,4.88,4.43,3.39,4.02,12.3,5.0,173.0,3.0,18.0
87,2.69,91.0,0.0,811.0,3.15,4.78,4.42,3.45,5.0,4.2,175.0,3.0,20.0
88,3.17,95.3,0.0,999.0,4.16,4.84,3.69,3.42,8.3,14.5,177.0,3.0,22.0
89,2.59,85.2,0.0,1086.0,3.22,4.29,4.86,4.49,10.9,12.8,179.0,3.0,24.0
90,3.31,77.6,0.0,961.0,4.63,3.14,4.83,3.32,10.2,4.1,181.0,3.0,26.0
91,2.37,91.0,0.0,1081.0,4.58,4.86,3.33,3.4,13.9,16.6,183.0,3.0,28.0
92,2.91,75.8,0.0,854.0,3.2,4.97,4.27,3.51,9.2,16.2,185.0,3.0,30.0
93,2.47,88.1,0.0,965.0,3.57,3.05,4.17,3.12,15.4,16.4,187.0,3.0,32.0
94,2.49,86.1,0.0,949.0,3.31,4.96,4.23,3.96,7.4,3.0,189.0,3.0,34.0
95,2.2,82.4,0.0,894.0,4.75,4.03,4.89,3.86,7.5,12.3,191.0,3.0,36.0
96,2.3,74.3,0.0,967.0,3.48,3.44,4.17,4.49,5.5,10.3,193.0,3.0,38.0
97,2.57,80.5,0.0,1027.0,3.14,4.15,4.08,3.97,12.9,17.5,195.0,3.0,40.0
98,3.03,98.3,0.0,823.0,4.59,3.21,4.74,3.34,10.5,8.2,197.0,3.0,42.0
99,3.31,84.7,0.0,808.0,4.06,4.78,4.06,3.67,4.4,4.0,199.0,3.0,44.0
100,3.34,95.6,0.0,908.0,3.12,4.13,3.8,4.24,13.4,14.3,201.0,3.0,46.0
101,3.39,92.0,0.0,994.0,4.97,3.24,3.71,4.58,10.0,7.8,203.0,3.0,48.0
102,3.18,87.0,0.0,963.0,3.49,4.34,3.25,3.71,12.1,8.0,205.0,3.0,50.0
103,2.96,98.7,0.0,1021.0,4.65,4.89,4.71,3.65,4.0,4.0,207.0,4.0,0.0
104,2.25,87.7,0.0,957.0,3.27,3.22,4.74,4.72,11.9,6.9,209.0,4.0,2.0
105,3.16,72.1,0.0,884.0,3.27,4.78,3.6,4.72,11.7,16.5,211.0,4.0,4.0
106,3.12,90.6,0.0,928.0,4.93,4.26,3.26,4.26,16.3,6.1,213.0,4.0,6.0
107,2.15,78.0,0.0,892.0,4.51,3.52,4.73,3.77,4.7,5.6,215.0,4.0,8.0
108,2.81,72.7,0.0,959.0,3.97,4.93,3.25,3.29,15.2,12.8,217.0,4.0,10.0
109,2.22,90.1,0.0,1030.0,3.98,3.77,4.49,3.94,5.7,8.2,219.0,4.0,12.0
110,2.77,79.5,0.0,895.0,3.64,3.0,4.18,4.17,10.3,14.7,221.0,4.0,14.0
111,2.42,96.2,0.0,1008.0,3.4,4.05,4.7,3.06,8.1,14.9,223.0,4.0,16.0
112,2.13,95.1,0.0,947.0,3.51,4.1,4.49,3.47,6.4,17.8,225.0,4.0,18.0
113,2.39,91.9,0.0,894.0,3.86,4.07,4.92,4.0,12.6,8.1,227.0,4.0,20.0
114,2.91,89.1,0.0,940.0,4.56,3.59,3.97,3.97,13.9,9.3,229.0,4.0,22.0
115,2.26,73.3,0.0,897.0,4.93,4.03,3.08,4.74,14.6,3.3,231.0,4.0,24.0
116,2.21,71.4,0.0,860.0,3.56,3.72,3.53,3.53,15.5,16.1,233.0,4.0,26.0
117,2.47,91.9,0.0,970.0,3.01,4.59,4.82,4.79,17.6,5.9,235.0,4.0,28.0
118,3.04,75.7,0.0,993.0,3.15,3.08,3.61,4.66,10.3,10.8,237.0,4.0,30.0
119,2.51,78.7,0.0,879.0,3.08,4.37,3.36,3.02,5.8,5.3,239.0,4.0,32.0
120,2.05,97.4,0.0,922.0,3.31,3.57,4.71,4.79,17.4,10.7,241.0,4.0,34.0
121,2.0,73.6,0.0,813.0,4.33,3.75,4.1,4.62,9.6,8.6,243.0,4.0,36.0
122,2.33,96.1,0.0,957.0,4.71,4.76,4.14,4.14,11.9,16.5,245.0,4.0,38.0
123,2.11,88.0,0.0,1012.0,3.09,3.9,3.83,4.45,6.8,16.4,247.0,4.0,40.0
124,2.37,94.2,0.0,1088.0,3.2,4.82,3.05,4.34,15.0,17.6,249.0,4.0,42.0
125,3.15,83.5,0.0,1077.0,4.34,3.67,3.74,4.8,7.0,12.6,251.0,4.0,44.0
126,2.36,79.7,0.0,1005.0,4.37,4.95,4.83,3.95,5.6,16.3,253.0,4.0,46.0
127,3.45,99.6,0.0,1061.0,3.31,4.25,3.06,4.79,5.0,5.4,255.0,4.0,48.0
128,2.57,96.3,0.0,941.0,3.37,3.29,3.87,4.86,13.1,7.4,257.0,4.0,50.0
129,3.13,89.2,0.0,1039.0,4.44,3.68,3.83,3.29,9.5,3.5,259.0,5.0,0.0
130,2.97,70.1,0.0,888.0,3.05,4.2,3.44,4.72,15.6,6.0,261.0,5.0,2.0
131,3.12,81.6,0.0,809.0,3.45,4.48,3.85,4.08,9.3,4.7,263.0,5.0,4.0
132,2.09,74.5,0.0,923.0,4.48,4.44,4.77,4.37,12.1,7.2,265.0,5.0,6.0
133,2.2,97.0,0.0,853.0,4.53,4.28,4.28,3.73,6.2,15.1,267.0,5.0,8.0
134,3.35,80.8,0.0,1058.0,4.74,4.23,3.61,3.72,5.4,16.5,269.0,5.0,10.0
135,2.93,73.6,0.0,837.0,4.46,4.62,4.57,4.42,12.6,13.3,271.0,5.0,12.0
136,2.65,79.3,0.0,856.0,4.38,3.51,3.87,4.9,11.0,6.2,273.0,5.0,14.0
137,3.07,92.5,0.0,907.0,3.79,4.51,3.41,4.59,16.1,9.5,275.0,5.0,16.0
138,2.53,92.9,0.0,1032.0,3.8,4.59,3.74,3.4,5.6,16.9,277.0,5.0,18.0
139,2.77,91.5,0.0,927.0,3.41,3.09,4.58,4.35,14.5,4.1,279.0,5.0,20.0
140,2.54,78.3,0.0,874.0,4.13,3.11,4.44,4.08,3.9,3.5,281.0,5.0,22.0
141,2.05,78.4,0.0,949.0,4.11,3.09,4.83,3.48,16.5,13.7,283.0,5.0,24.0
142,2.42,77.4,0.0,1091.0,3.63,3.93,4.03,4.98,4.3,14.1,285.0,5.0,26.0
143,2.15,91.1,0.0,1013.0,3.96,3.5,3.04,4.23,11.8,5.2,287.0,5.0,28.0
144,2.91,71.8,0.0,1075.0,4.19,4.43,4.63,4.81,3.8,6.2,289.0,5.0,30.0
145,2.36,96.0,0.0,1056.0,4.92,3.01,3.39,3.11,11.4,5.0,291.0,5.0,32.0
146,2.99,90.2,0.0,983.0,4.67,3.19,4.69,4.37,10.9,17.9,293.0,5.0,34.0
147,3.16,87.2,0.0,896.0,4.6,4.78,3.79,4.71,15.4,12.5,295.0,5.0,36.0
148,3.02,89.5,0.0,1011.0,3.1,4.6,3.82,4.1,16.2,9.0,297.0,5.0,38.0
149,2.74,84.9,0.0,993.0,4.44,3.16,3.24,3.81,9.1,6.5,299.0,5.0,40.0
150,2.57,80.0,0.0,856.0,3.89,3.01,3.99,3.1,10.4,17.5,301.0,5.0,42.0
151,2.74,95.3,0.0,1064.0,3.87,4.95,4.19,3.93,13.6,13.5,303.0,5.0,44.0
152,2.7,85.3,0.0,1011.0,4.88,4.64,4.38,3.88,8.7,9.2,305.0,5.0,46.0
153,2.51,82.7,0.0,1021.0,3.39,4.4,4.64,4.77,6.6,8.5,307.0,5.0,48.0
154,2.24,99.0,0.0,866.0,4.42,3.22,3.21,3.6,6.4,7.7,309.0,5.0,50.0
155,3.08,70.2,0.0,1010.0,4.19,4.1,3.37,4.92,6.6,12.8,311.0,6.0,0.0
156,2.11,90.5,0.0,958.0,3.07,4.53,4.74,3.64,8.7,13.2,313.0,6.0,2.0
157,2.17,76.0,0.0,1053.0,3.7,3.83,4.56,4.68,10.6,3.0,315.0,6.0,4.0
158,2.38,87.1,0.0,1073.0,4.07,4.2,3.92,4.93,8.2,16.9,317.0,6.0,6.0
159,2.65,78.8,0.0,911.0,4.66,3.43,3.38,3.04,14.7,3.7,319.0,6.0,8.0
160,2.29,94.2,0.0,1016.0,4.88,4.5,3.85,4.02,10.3,17.5,321.0,6.0,10.0
161,3.26,89.6,0.0,861.0,3.79,3.84,3.42,3.9,17.7,10.8,323.0,6.0,12.0
162,2.65,72.7,0.0,1061.0,4.82,4.77,4.44,3.28,14.3,11.5,325.0,6.0,14.0
163,2.98,82.7,0.0,852.0,4.33,3.08,4.41,4.21,7.9,4.9,327.0,6.0,16.0
164,3.3,74.7,0.0,927.0,3.75,4.88,4.86,3.64,7.7,8.6,329.0,6.0,18.0
165,3.38,94.1,0.0,1042.0,4.02,3.65,4.69,3.11,13.8,8.2,331.0,6.0,20.0
166,3.4,90.8,0.0,855.0,3.05,4.87,3.14,3.01,14.5,7.9,333.0,6.0,22.0
167,2.61,80.4,0.0,932.0,3.27,4.84,4.24,3.56,9.4,13.7,335.0,6.0,24.0
168,3.14,85.4,0.0,928.0,3.33,3.23,3.3,3.44,5.0,16.2,337.0,6.0,26.0
169,2.4,90.1,0.0,1024.0,4.49,4.67,3.02,4.1,13.4,4.3,339.0,6.0,28.0
170,3.19,72.3,0.0,1055.0,4.68,3.78,4.27,3.69,15.4,10.1,341.0,6.0,30.0
171,2.52,76.7,0.0,887.0,3.88,4.07,3.33,3.32,16.1,8.3,343.0,6.0,32.0
172,3.17,91.8,0.0,1093.0,3.0,4.34,4.91,4.57,14.9,7.5,345.0,6.0,34.0
173,3.4,76.8,0.0,1008.0,3.26,3.72,3.52,4.17,7.3,9.1,347.0,6.0,36.0
174,3.28,94.6,0.0,1094.0,4.63,4.83,4.1,3.84,10.3,11.7,349.0,6.0,38.0
175,3.44,82.6,0.0,950.0,4.34,3.15,3.68,4.91,17.9,15.1,351.0,6.0,40.0
176,3.12,77.9,0.0,1039.0,3.69,3.51,3.14,3.64,6.4,14.1,353.0,6.0,42.0
177,3.11,83.8,0.0,982.0,3.53,4.18,4.23,3.03,6.0,8.8,355.0,6.0,44.0
178,3.25,97.5,0.0,981.0,4.76,4.3,4.35,4.28,17.8,7.7,357.0,6.0,46.0
179,3.25,94.3,0.0,866.0,3.15,3.5,4.42,3.75,15.3,9.5,359.0,6.0,48.0
180,2.02,77.6,0.0,962.0,4.38,3.11,3.66,3.94,8.9,11.2,361.0,6.0,50.0
181,2.54,84.6,0.0,955.0,4.5,4.75,3.27,4.63,3.2,4.1,363.0,7.0,0.0
182,3.4,84.2,0.0,811.0,3.36,3.62,3.6,3.69,14.4,10.8,365.0,7.0,2.0
183,3.01,94.6,0.0,1088.0,4.2,3.81,3.49,4.11,17.7,17.4,367.0,7.0,4.0
184,3.37,86.6,0.0,900.0,3.06,3.91,4.56,3.98,7.6,5.0,369.0,7.0,6.0
185,2.89,83.5,0.0,827.0,4.68,4.0,3.64,4.4,11.8,4.0,371.0,7.0,8.0
186,3.12,98.1,0.0,935.0,3.35,3.71,3.24,3.7,4.6,7.3,373.0,7.0,10.0
187,2.69,98.1,0.0,1015.0,4.23,4.98,3.52,3.68,4.1,6.9,375.0,7.0,12.0
188,3.32,70.6,0.0,992.0,4.64,4.02,4.06,3.9,14.9,8.2,377.0,7.0,14.0
189,2.95,76.4,0.0,893.0,4.66,3.94,3.84,4.58,10.1,4.6,379.0,7.0,16.0
190,2.96,79.7,0.0,1046.0,4.4,4.06,3.0,3.43,6.1,4.4,381.0,7.0,18.0
191,2.32,83.7,0.0,866.0,4.86,3.92,4.04,4.6,13.9,4.5,383.0,7.0,20.0
192,2.65,92.6,0.0,1086.0,4.4,4.23,4.08,4.5,13.9,15.0,385.0,7.0,22.0
193,2.28,72.2,0.0,999.0,4.52,3.56,4.49,3.76,8.4,7.8,387.0,7.0,24.0
194,3.2,77.2,0.0,855.0,3.42,4.86,4.14,4.86,15.9,6.3,389.0,7.0,26.0
195,2.03,85.3,0.0,996.0,3.41,3.98,4.48,3.37,10.6,10.1,391.0,7.0,28.0
196,2.3,82.3,0.0,917.0,4.29,4.07,4.83,4.39,5.4,6.3,393.0,7.0,30.0
197,3.26,87.4,0.0,984.0,4.85,3.87,4.45,3.49,8.0,16.6,395.0,7.0,32.0
198,2.54,76.8,0.0,1060.0,4.96,4.59,3.73,3.98,16.5,17.8,397.0,7.0,34.0
199,2.61,96.9,0.0,958.0,4.99,4.57,4.45,3.23,3.5,15.5,399.0,7.0,36.0
200,2.36,89.0,0.0,813.0,4.25,3.38,4.43,4.03,14.2,14.1,401.0,7.0,38.0
201,3.21,80.0,0.0,949.0,4.29,4.38,4.97,4.65,9.6,12.3,403.0,7.0,40.0
202,2.11,91.7,0.0,876.0,4.88,4.42,4.45,4.04,10.9,14.9,405.0,7.0,42.0
203,2.6,78.5,0.0,893.0,4.06,4.93,3.72,3.15,7.9,3.5,407.0,7.0,44.0
204,3.09,79.6,0.0,1028.0,4.52,3.16,3.57,3.76,7.9,12.3,409.0,7.0,46.0
205,3.44,91.5,0.0,876.0,3.23,4.8,3.09,4.37,5.3,11.5,411.0,7.0,48.0
206,2.92,82.3,0.0,979.0,3.83,3.94,4.86,4.52,7.3,15.7,413.0,7.0,50.0
207,3.08,80.1,0.0,890.0,4.41,4.44,4.94,3.87,5.4,11.1,415.0,8.0,0.0
208,2.3,81.5,0.0,970.0,4.11,4.33,4.46,3.45,10.0,17.7,417.0,8.0,2.0
209,2.66,87.0,0.0,1069.0,4.47,4.84,4.81,4.32,7.1,11.1,419.0,8.0,4.0
210,3.12,86.4,0.0,959.0,4.77,3.35,3.55,3.23,10.6,3.9,421.0,8.0,6.0
211,2.93,78.6,0.0,899.0,3.17,3.61,4.93,4.55,14.4,17.4,423.0,8.0,8.0
212,3.31,86.3,0.0,998.0,4.92,3.9,4.2,4.54,15.9,7.0,425.0,8.0,10.0
213,3.38,98.9,0.0,825.0,3.57,4.86,4.82,3.45,4.4,7.3,427.0,8.0,12.0
214,2.09,83.5,0.0,919.0,4.36,4.92,4.23,4.81,8.2,8.5,429.0,8.0,14.0
215,2.86,73.1,0.0,996.0,3.28,4.09,4.44,3.17,6.6,11.6,431.0,8.0,16.0
216,2.25,86.5,0.0,912.0,3.1,3.59,4.88,4.48,16.3,6.2,433.0,8.0,18.0
217,3.07,99.9,0.0,1057.0,3.61,3.07,4.9,4.1,8.0,11.6,435.0,8.0,20.0
218,2.89,99.5,0.0,1026.0,3.14,3.85,3.19,3.8,17.8,3.6,437.0,8.0,22.0
219,3.44,74.6,0.0,1003.0,3.83,4.4,4.33,3.53,11.6,8.2,439.0,8.0,24.0
220,2.14,70.9,0.0,1045.0,3.16,4.09,3.61,4.78,9.1,11.1,441.0,8.0,26.0
221,2.44,70.7,0.0,1084.0,4.87,4.8,3.57,4.78,12.0,13.9,443.0,8.0,28.0
222,2.02,83.0,0.0,1067.0,3.0,3.36,3.16,4.15,7.6,7.9,445.0,8.0,30.0
223,3.23,83.1,0.0,973.0,4.77,4.57,3.94,3.16,4.5,15.1,447.0,8.0,32.0
224,3.13,88.8,0.0,829.0,3.0,4.36,3.03,4.15,11.1,5.5,449.0,8.0,34.0
225,3.19,79.2,0.0,1044.0,3.57,4.15,4.72,3.54,10.5,9.7,451.0,8.0,36.0
226,2.53,98.1,0.0,1062.0,3.19,3.08,4.11,4.76,16.2,4.7,453.0,8.0,38.0
227,3.15,77.1,0.0,829.0,3.69,3.73,4.83,4.27,9.8,16.8,455.0,8.0,40.0
228,3.27,78.6,0.0,901.0,3.65,3.32,4.47,4.62,12.1,5.9,457.0,8.0,42.0
229,2.69,75.7,0.0,992.0,3.64,4.76,4.05,4.36,11.1,4.6,459.0,8.0,44.0
230,2.06,87.1,0.0,918.0,3.94,4.81,3.69,3.33,15.1,11.1,461.0,8.0,46.0
231,3.32,88.0,0.0,856.0,3.19,3.94,3.86,4.59,10.2,4.3,463.0,8.0,48.0
232,2.13,95.3,0.0,992.0,3.24,4.53,4.13,3.95,4.1,10.0,465.0,8.0,50.0
233,3.49,84.0,0.0,887.0,3.23,3.44,4.38,4.21,9.7,13.2,467.0,9.0,0.0
234,2.17,92.0,0.0,908.0,4.1,3.61,3.9,3.63,12.0,13.8,469.0,9.0,2.0
235,3.22,70.0,0.0,807.0,3.21,4.38,4.6,3.81,16.4,16.7,471.0,9.0,4.0
236,3.1,97.1,0.0,1036.0,4.59,4.49,3.75,4.25,6.7,15.8,473.0,9.0,6.0
237,2.14,83.8,0.0,896.0,3.19,4.47,3.63,4.74,8.8,9.9,475.0,9.0,8.0
238,3.34,84.7,0.0,879.0,3.0,4.37,3.23,3.2,4.1,13.5,477.0,9.0,10.0
239,3.49,80.2,0.0,852.0,3.13,3.71,3.74,3.71,3.4,8.1,479.0,9.0,12.0
240,2.32,77.7,0.0,985.0,4.5,4.58,3.7,3.54,3.9,13.5,481.0,9.0,14.0
241,3.33,79.1,0.0,858.0,3.21,4.44,3.83,4.18,5.3,16.5,483.0,9.0,16.0
242,2.81,75.4,0.0,812.0,4.32,3.12,4.39,4.79,4.2,8.7,485.0,9.0,18.0
243,2.53,90.7,0.0,807.0,3.52,3.93,3.9,3.69,11.3,11.5,487.0,9.0,20.0
244,2.38,73.5,0.0,956.0,3.05,3.22,3.34,3.46,13.4,10.5,489.0,9.0,22.0
245,3.39,77.3,0.0,899.0,4.16,3.05,3.56,4.64,11.4,3.0,491.0,9.0,24.0
246,3.1,79.6,0.0,834.0,3.82,4.53,3.48,4.01,3.4,7.0,493.0,9.0,26.0
247,2.93,96.9,0.0,974.0,4.79,3.08,4.85,3.85,10.2,9.1,495.0,9.0,28.0
248,2.6,98.1,0.0,875.0,4.12,3.63,4.51,3.28,12.8,11.7,497.0,9.0,30.0
249,3.36,80.5,0.0,823.0,4.59,4.36,3.88,3.34,8.1,6.2,499.0,9.0,32.0
250,3.4,96.9,0.0,852.0,3.96,3.55,3.01,3.0,17.0,11.4,501.0,9.0,34.0
251,3.25,82.0,0.0,981.0,3.99,3.85,4.95,3.19,8.1,12.5,503.0,9.0,36.0
252,2.96,92.6,0.0,963.0,4.45,4.26,4.71,3.19,11.5,14.9,505.0,9.0,38.0
253,2.98,89.1,0.0,1053.0,4.39,3.0,4.3,4.06,4.0,15.8,507.0,9.0,40.0
254,2.56,79.8,0.0,1015.0,3.55,3.22,4.43,4.59,7.9,10.8,509.0,9.0,42.0
255,3.24,79.0,0.0,1087.0,3.05,3.31,3.89,3.56,11.8,17.0,511.0,9.0,44.0
256,3.16,81.9,0.0,832.0,3.02,4.18,4.77,4.81,17.3,6.9,513.0,9.0,46.0
257,3.1,96.6,0.0,927.0,4.71,3.94,3.17,3.41,17.5,14.5,515.0,9.0,48.0
258,2.51,89.7,0.0,1052.0,3.37,3.5,3.7,4.31,14.4,4.8,517.0,9.0,50.0
259,2.98,88.9,0.0,986.0,4.09,4.43,4.95,3.99,13.4,5.5,519.0,10.0,0.0
260,2.62,98.8,0.0,885.0,3.03,3.74,4.18,3.56,7.6,10.8,521.0,10.0,2.0
261,2.47,78.0,0.0,838.0,4.35,3.62,4.03,3.4,12.2,5.6,523.0,10.0,4.0
262,2.18,99.0,0.0,916.0,4.96,3.53,3.6,4.57,15.7,8.8,525.0,10.0,6.0
263,3.48,98.2,0.0,926.0,4.71,4.08,3.78,3.73,13.5,9.5,527.0,10.0,8.0
264,2.47,80.2,0.0,1053.0,3.6,4.42,3.91,3.56,8.7,6.6,529.0,10.0,10.0
265,2.63,82.3,0.0,932.0,4.75,3.36,4.71,3.97,8.4,7.1,531.0,10.0,12.0
266,2.74,86.9,0.0,1041.0,4.81,3.18,4.83,4.77,12.3,9.8,533.0,10.0,14.0
267,3.33,99.4,0.0,816.0,3.35,3.7,3.76,4.96,14.3,17.0,535.0,10.0,16.0
268,2.52,92.9,0.0,1008.0,4.5,4.67,4.86,3.32,16.9,16.8,537.0,10.0,18.0
269,2.57,88.5,0.0,1076.0,3.14,3.6,4.22,3.35,8.9,12.7,539.0,10.0,20.0
270,2.42,78.4,0.0,1095.0,4.11,3.93,3.79,3.77,16.9,9.9,541.0,10.0,22.0
271,2.21,90.7,0.0,967.0,3.03,3.44,3.3,3.78,8.0,3.1,543.0,10.0,24.0
272,2.98,94.3,0.0,855.0,4.62,4.57,4.44,3.62,11.6,8.7,545.0,10.0,26.0
273,2.71,89.6,0.0,1006.0,3.93,3.53,3.83,4.55,16.8,11.0,547.0,10.0,28.0
274,2.5,81.9,0.0,805.0,4.14,4.74,3.64,4.95,16.8,7.3,549.0,10.0,30.0
275,2.86,84.0,0.0,982.0,3.36,3.06,4.78,3.04,17.6,13.4,551.0,10.0,32.0
276,2.92,81.7,0.0,892.0,4.52,3.8,4.2,4.81,10.2,7.6,553.0,10.0,34.0
277,2.55,91.4,0.0,919.0,3.07,3.27,3.58,4.66,3.1,10.3,555.0,10.0,36.0
278,3.49,96.4,0.0,800.0,3.95,3.02,4.24,3.18,4.1,3.6,557.0,10.0,38.0
279,3.45,87.6,0.0,1035.0,4.97,4.41,3.76,4.54,16.8,8.3,559.0,10.0,40.0
280,2.61,91.3,0.0,1025.0,4.54,3.6,4.76,3.71,15.9,10.0,561.0,10.0,42.0
281,2.27,71.5,0.0,1096.0,3.23,4.46,4.59,3.62,14.8,4.8,563.0,10.0,44.0
282,2.26,99.7,0.0,809.0,4.67,3.16,4.9,4.29,4.9,10.8,565.0,10.0,46.0
283,2.41,76.3,0.0,1020.0,4.64,3.76,3.09,3.93,16.4,17.5,567.0,10.0,48.0
284,2.34,89.5,0.0,983.0,3.07,3.09,3.33,4.85,12.6,6.7,569.0,10.0,50.0
285,2.66,73.0,0.0,953.0,3.04,4.41,3.63,4.39,17.0,16.7,571.0,11.0,0.0
286,2.56,79.1,0.0,1051.0,4.05,4.04,4.61,3.08,13.1,7.7,573.0,11.0,2.0
287,2.68,72.2,0.0,919.0,4.68,3.82,3.89,4.48,16.2,12.3,575.0,11.0,4.0
288,2.0,91.4,0.0,984.0,3.13,4.24,3.93,4.17,9.2,14.3,577.0,11.0,6.0
289,3.4,71.9,0.0,1059.0,4.34,3.73,3.98,3.07,16.2,16.1,579.0,11.0,8.0
290,2.69,88.7,0.0,862.0,3.49,4.16,3.41,3.52,16.7,11.4,581.0,11.0,10.0
291,2.32,97.6,0.0,928.0,3.83,4.09,4.68,3.46,5.5,3.6,583.0,11.0,12.0
292,3.44,86.1,0.0,981.0,4.31,4.82,4.89,4.81,4.6,17.4,585.0,11.0,14.0
293,3.27,90.8,0.0,958.0,3.56,3.12,3.61,3.96,14.2,6.8,587.0,11.0,16.0
294,2.96,92.1,0.0,803.0,3.89,3.29,3.79,4.44,7.8,17.4,589.0,11.0,18.0
295,3.21,77.0,0.0,1055.0,3.57,3.82,4.14,3.28,12.8,14.4,591.0,11.0,20.0
296,2.7,97.5,0.0,979.0,4.74,4.16,3.53,4.36,8.2,5.2,593.0,11.0,22.0
297,2.52,72.2,0.0,1002.0,4.76,3.46,4.2,3.42,17.5,13.1,595.0,11.0,24.0
298,2.06,97.2,0.0,976.0,3.73,3.03,3.96,4.31,3.4,13.0,597.0,11.0,26.0
299,2.78,90.7,0.0,1067.0,4.21,3.85,4.69,3.56,13.0,10.8,599.0,11.0,28.0
300,2.4,82.0,0.0,895.0,4.81,3.53,4.19,4.71,15.8,7.2,601.0,11.0,30.0
301,3.03,83.9,0.0,867.0,3.6,4.82,4.0,3.3,15.0,6.4,603.0,11.0,32.0
302,2.67,84.5,0.0,1010.0,3.2,4.3,3.36,4.33,17.6,10.0,605.0,11.0,34.0
303,3.35,75.3,0.0,1053.0,4.81,4.63,3.21,3.2,9.1,4.0,607.0,11.0,36.0
304,2.61,95.7,0.0,835.0,3.45,4.53,4.12,3.4,6.3,11.4,609.0,11.0,38.0
305,2.64,93.1,0.0,859.0,3.35,4.79,3.52,3.19,8.8,5.9,611.0,11.0,40.0
306,2.56,77.1,0.0,945.0,4.27,4.98,3.61,3.15,5.8,4.2,613.0,11.0,42.0
307,2.78,84.1,0.0,945.0,4.09,4.91,3.43,3.53,12.6,6.6,615.0,11.0,44.0
308,2.07,94.8,0.0,891.0,3.56,4.94,3.37,3.13,9.3,11.2,617.0,11.0,46.0
309,3.31,92.5,0.0,809.0,4.68,4.06,4.14,4.62,9.7,6.8,619.0,11.0,48.0
310,2.1,96.9,0.0,991.0,3.15,3.71,4.66,4.41,16.9,6.4,621.0,11.0,50.0
311,2.09,81.0,0.0,1072.0,4.13,4.67,3.42,3.14,12.6,7.2,623.0,12.0,0.0
312,3.23,88.0,0.0,988.0,3.9,4.12,4.61,4.53,7.1,5.1,625.0,12.0,2.0
313,2.19,70.7,0.0,823.0,4.81,3.35,4.09,3.39,13.5,4.3,627.0,12.0,4.0
314,2.84,81.3,0.0,1040.0,3.96,4.78,3.52,3.42,11.4,13.1,629.0,12.0,6.0
315,3.08,82.9,0.0,922.0,4.06,4.92,3.64,3.63,13.1,5.5,631.0,12.0,8.0
316,2.1,98.1,0.0,1033.0,4.46,3.49,4.36,3.91,9.8,11.1,633.0,12.0,10.0
317,2.6,99.0,0.0,935.0,4.55,3.53,3.94,3.44,14.8,7.6,635.0,12.0,12.0
318,2.14,96.8,0.0,950.0,3.31,4.93,4.38,4.04,10.8,5.2,637.0,12.0,14.0
319,3.41,71.6,0.0,890.0,3.89,4.45,4.32,4.51,5.9,11.3,639.0,12.0,16.0
320,3.22,88.7,0.0,1065.0,3.4,3.67,3.73,3.65,5.3,6.6,641.0,12.0,18.0
321,2.67,92.1,0.0,1049.0,3.81,4.79,3.7,3.1,13.0,3.7,643.0,12.0,20.0
322,3.05,71.2,0.0,952.0,4.26,3.79,4.33,3.94,7.7,10.2,645.0,12.0,22.0
323,2.89,88.6,0.0,884.0,4.82,3.07,4.68,4.02,4.7,6.4,647.0,12.0,24.0
324,3.46,98.2,0.0,996.0,3.96,4.31,4.09,3.27,15.2,3.6,649.0,12.0,26.0
325,2.78,92.0,0.0,965.0,4.01,3.53,4.54,3.57,10.2,10.6,651.0,12.0,28.0
326,2.64,78.3,0.0,863.0,3.79,3.6,3.53,3.39,5.7,9.5,653.0,12.0,30.0
327,2.84,90.3,0.0,822.0,3.14,3.87,4.46,4.76,5.2,11.6,655.0,12.0,32.0
328,2.72,76.6,0.0,1062.0,3.76,3.84,4.71,3.79,4.0,12.6,657.0,12.0,34.0
329,2.43,96.1,0.0,935.0,3.58,3.82,4.34,4.81,4.1,15.3,659.0,12.0,36.0
330,2.25,78.9,0.0,843.0,3.43,3.83,3.2,3.17,9.4,15.0,661.0,12.0,38.0
331,2.91,92.8,0.0,885.0,4.15,4.37,3.12,3.28,15.9,3.2,663.0,12.0,40.0
332,3.39,97.5,0.0,923.0,3.09,3.83,4.05,3.42,3.8,10.6,665.0,12.0,42.0
333,2.71,80.0,0.0,988.0,3.16,3.51,4.93,3.47,8.9,3.5,667.0,12.0,44.0
334,3.29,70.2,0.0,1025.0,3.61,3.42,3.04,4.8,3.8,17.4,669.0,12.0,46.0
335,3.34,95.4,0.0,899.0,4.95,4.79,4.04,3.23,12.0,4.8,671.0,12.0,48.0
336,3.36,94.2,0.0,1073.0,3.81,3.4,4.25,4.8,8.9,15.7,673.0,12.0,50.0
337,3.25,90.7,0.0,883.0,4.46,4.47,4.26,4.64,15.4,10.8,675.0,13.0,0.0
338,2.32,99.1,0.0,840.0,4.9,3.13,4.59,3.46,4.6,13.7,677.0,13.0,2.0
339,2.45,94.0,0.0,836.0,4.69,4.24,4.89,3.45,14.7,13.5,679.0,13.0,4.0
340,2.8,97.4,0.0,813.0,3.22,4.37,3.83,3.28,4.4,9.3,681.0,13.0,6.0
341,2.99,75.0,0.0,1008.0,4.76,4.06,4.76,3.93,7.2,15.5,683.0,13.0,8.0
342,2.08,94.8,0.0,885.0,3.63,4.2,3.24,3.3,8.0,7.3,685.0,13.0,10.0
343,2.1,74.3,0.0,1060.0,4.46,4.43,4.54,4.35,5.9,7.0,687.0,13.0,12.0
344,2.8,95.9,0.0,1031.0,4.83,4.26,3.0,4.27,17.7,8.0,689.0,13.0,14.0
345,2.56,75.0,0.0,1001.0,4.47,3.46,4.14,3.28,10.3,11.4,691.0,13.0,16.0
346,3.29,72.2,0.0,807.0,4.81,3.49,4.49,4.57,9.1,17.4,693.0,13.0,18.0
347,2.81,94.6,0.0,831.0,3.95,3.97,4.87,4.24,10.7,17.2,695.0,13.0,20.0
348,2.23,84.8,0.0,924.0,3.51,4.68,4.92,3.68,4.3,12.4,697.0,13.0,22.0
349,3.33,89.6,0.0,874.0,4.42,3.35,3.81,3.31,17.5,3.0,699.0,13.0,24.0
350,2.32,79.4,0.0,1065.0,4.38,4.97,3.48,3.54,17.0,9.1,701.0,13.0,26.0
351,3.48,91.9,0.0,898.0,4.17,4.57,4.97,3.29,12.5,4.3,703.0,13.0,28.0
352,3.31,97.0,0.0,833.0,3.97,4.64,3.69,4.39,15.8,17.0,705.0,13.0,30.0
353,3.27,75.7,0.0,910.0,4.87,4.84,3.19,3.51,9.0,13.7,707.0,13.0,32.0
354,3.12,88.6,0.0,1052.0,4.91,4.67,3.71,3.88,5.3,4.3,709.0,13.0,34.0
355,2.6,82.1,0.0,1094.0,3.67,3.18,4.36,3.24,4.9,16.4,711.0,13.0,36.0
356,3.15,91.9,0.0,829.0,3.68,3.18,3.59,3.17,15.6,15.4,713.0,13.0,38.0
357,2.18,92.1,0.0,979.0,3.3,3.59,4.61,3.65,6.4,7.4,715.0,13.0,40.0
358,3.15,73.6,0.0,994.0,3.98,4.93,4.77,3.76,17.2,12.4,717.0,13.0,42.0
359,2.19,98.6,0.0,827.0,4.3,3.92,4.95,3.61,4.6,11.6,719.0,13.0,44.0
360,2.57,91.1,0.0,909.0,4.33,3.76,3.7,4.1,12.1,8.1,721.0,13.0,46.0
361,3.0,81.9,0.0,917.0,4.51,4.79,4.03,3.81,7.8,7.6,723.0,13.0,48.0
362,3.23,76.1,0.0,846.0,3.88,4.31,3.34,3.44,7.1,3.2,725.0,13.0,50.0
363,2.26,99.6,0.0,948.0,4.08,4.78,4.09,4.4,15.7,14.7,727.0,14.0,0.0
364,2.87,92.8,0.0,1029.0,3.71,3.84,4.93,3.83,11.8,9.2,729.0,14.0,2.0
365,2.05,72.6,0.0,993.0,3.03,3.2,4.25,4.15,3.1,9.4,731.0,14.0,4.0
366,2.09,71.5,0.0,991.0,4.93,4.95,4.74,4.95,4.2,8.2,733.0,14.0,6.0
367,2.6,84.1,0.0,912.0,4.31,4.01,3.9,4.33,5.5,17.8,735.0,14.0,8.0
368,2.16,97.1,0.0,989.0,3.32,3.76,3.19,3.08,3.3,9.6,737.0,14.0,10.0
369,3.23,94.6,0.0,1079.0,4.41,3.93,4.86,3.99,4.3,17.3,739.0,14.0,12.0
370,2.98,98.4,0.0,812.0,4.94,3.33,3.93,4.02,3.3,12.9,741.0,14.0,14.0
371,2.69,71.5,0.0,1076.0,3.35,4.22,4.04,3.89,8.5,15.4,743.0,14.0,16.0
372,3.34,86.9,0.0,967.0,3.87,3.67,3.09,3.62,7.7,13.8,745.0,14.0,18.0
373,2.05,72.7,0.0,843.0,4.69,3.68,3.44,4.7,9.8,5.5,747.0,14.0,20.0
374,2.07,96.4,0.0,955.0,3.36,3.44,4.37,4.46,13.1,6.1,749.0,14.0,22.0
375,3.16,89.9,0.0,1012.0,4.57,4.69,4.57,3.23,15.2,11.4,751.0,14.0,24.0
376,3.42,90.8,0.0,920.0,3.62,3.38,4.33,3.45,3.3,14.6,753.0,14.0,26.0
377,2.04,70.4,0.0,916.0,4.18,4.44,4.2,4.95,10.3,12.5,755.0,14.0,28.0
378,3.13,77.9,0.0,973.0,4.92,4.04,4.75,3.37,5.6,16.6,757.0,14.0,30.0
379,3.21,82.6,0.0,886.0,4.41,3.69,4.1,4.45,14.3,13.7,759.0,14.0,32.0
380,2.86,85.1,0.0,1041.0,4.52,3.87,3.44,4.18,15.3,5.0,761.0,14.0,34.0
381,3.39,70.7,0.0,1061.0,3.86,3.51,4.4,3.58,16.4,7.4,763.0,14.0,36.0
382,2.91,90.5,0.0,1039.0,4.11,4.43,3.56,3.23,11.9,10.4,765.0,14.0,38.0
383,2.59,99.5,0.0,892.0,3.3,4.67,3.52,3.28,8.5,13.6,767.0,14.0,40.0
384,2.37,80.7,0.0,819.0,4.16,3.48,4.39,3.31,10.5,3.4,769.0,14.0,42.0
385,3.06,96.6,0.0,922.0,3.59,4.09,4.24,3.79,4.4,15.0,771.0,14.0,44.0
386,3.09,83.2,0.0,831.0,3.48,3.17,3.05,3.87,11.6,15.1,773.0,14.0,46.0
387,2.43,83.2,0.0,860.0,4.75,3.2,3.31,4.49,15.3,11.7,775.0,14.0,48.0
388,2.43,95.9,0.0,916.0,4.34,4.61,4.17,4.02,8.8,7.5,777.0,14.0,50.0
389,2.89,82.7,0.0,871.0,4.57,4.76,3.56,3.7,15.2,10.3,779.0,15.0,0.0
390,3.13,92.4,0.0,802.0,3.07,4.17,4.05,4.67,4.5,4.8,781.0,15.0,2.0
391,2.19,98.1,0.0,968.0,3.05,4.57,3.65,4.53,9.2,13.0,783.0,15.0,4.0
392,3.03,91.5,0.0,844.0,4.04,3.2,4.81,4.79,8.2,17.0,785.0,15.0,6.0
393,3.48,71.8,0.0,916.0,4.4,4.89,3.81,4.83,12.1,6.8,787.0,15.0,8.0
394,3.42,97.4,0.0,813.0,3.1,4.84,4.97,4.87,9.2,4.4,789.0,15.0,10.0
395,3.18,84.7,0.0,934.0,4.9,3.05,4.41,4.36,10.4,17.7,791.0,15.0,12.0
396,3.19,75.5,0.0,1074.0,4.64,4.51,4.84,4.09,17.5,14.9,793.0,15.0,14.0
397,3.13,96.4,0.0,971.0,4.5,4.26,4.14,4.61,5.1,16.7,795.0,15.0,16.0
398,2.71,76.2,0.0,801.0,4.85,3.21,4.58,4.72,6.7,12.3,797.0,15.0,18.0
399,3.47,70.2,0.0,882.0,3.14,4.0,4.15,4.47,16.4,12.4,799.0,15.0,20.0
400,2.97,79.6,0.0,847.0,3.16,4.99,3.44,4.74,6.9,11.8,801.0,15.0,22.0
401,3.22,84.5,0.0,1009.0,3.68,4.08,3.48,3.88,4.5,12.4,803.0,15.0,24.0
402,3.36,78.9,0.0,815.0,4.67,4.19,4.85,4.03,13.4,9.8,805.0,15.0,26.0
403,2.46,95.2,0.0,974.0,3.94,4.52,4.83,3.16,5.4,7.0,807.0,15.0,28.0
404,2.63,71.8,0.0,830.0,4.83,4.15,3.48,4.58,7.8,8.5,809.0,15.0,30.0
405,2.97,94.1,0.0,867.0,3.57,4.07,4.11,4.23,3.1,17.7,811.0,15.0,32.0
406,2.55,94.8,0.0,977.0,3.74,3.14,4.21,3.07,12.8,5.4,813.0,15.0,34.0
407,2.3,84.5,0.0,944.0,3.14,4.66,3.66,3.92,15.6,9.6,815.0,15.0,36.0
408,2.66,71.6,0.0,919.0,4.96,3.88,4.23,3.59,17.0,11.5,817.0,15.0,38.0
409,2.8,78.9,0.0,916.0,3.55,4.2,4.58,4.98,8.4,10.3,819.0,15.0,40.0
410,2.82,94.8,0.0,913.0,3.34,3.96,3.42,4.89,11.9,7.7,821.0,15.0,42.0
411,3.06,70.9,0.0,854.0,4.28,3.71,3.4,3.68,6.3,8.8,823.0,15.0,44.0
412,3.28,92.8,0.0,1087.0,3.59,4.31,3.06,4.95,13.2,9.8,825.0,15.0,46.0
413,2.8,79.8,0.0,867.0,3.76,4.99,3.56,3.79,5.6,14.2,827.0,15.0,48.0
414,2.61,70.0,0.0,917.0,4.7,3.39,3.02,3.95,12.3,6.2,829.0,15.0,50.0
415,2.4,93.6,0.0,952.0,4.73,4.84,3.34,4.06,10.0,8.0,831.0,16.0,0.0
416,2.13,92.7,0.0,988.0,4.82,4.02,4.42,3.55,15.8,17.1,833.0,16.0,2.0
417,2.51,97.4,0.0,1083.0,4.26,3.05,4.7,4.58,13.4,8.4,835.0,16.0,4.0
418,2.12,84.6,0.0,887.0,4.37,4.16,4.38,3.33,16.9,15.4,837.0,16.0,6.0
419,3.38,83.7,0.0,933.0,4.82,4.59,3.67,3.41,5.4,16.0,839.0,16.0,8.0
420,2.88,71.2,0.0,1088.0,3.97,4.91,3.08,4.33,6.9,12.8,841.0,16.0,10.0
421,2.51,77.0,0.0,958.0,3.64,3.53,4.6,4.44,3.0,12.1,843.0,16.0,12.0
422,3.12,92.1,0.0,888.0,4.3,3.59,4.25,4.8,8.5,11.1,845.0,16.0,14.0
423,3.06,74.8,0.0,879.0,3.75,4.93,3.47,3.75,16.1,5.7,847.0,16.0,16.0
424,2.46,77.7,0.0,805.0,4.61,3.0,3.55,4.68,10.9,14.9,849.0,16.0,18.0
425,3.1,85.8,0.0,936.0,4.64,3.87,4.31,4.45,6.3,3.4,851.0,16.0,20.0
426,2.94,95.8,0.0,1038.0,3.54,3.38,3.56,4.23,3.0,14.2,853.0,16.0,22.0
427,2.52,74.9,0.0,1000.0,4.19,4.37,4.35,4.99,10.9,7.2,855.0,16.0,24.0
428,3.46,88.6,0.0,927.0,4.44,4.24,3.14,3.67,7.9,4.8,857.0,16.0,26.0
429,2.57,85.1,0.0,929.0,3.63,3.31,3.61,3.61,5.9,3.6,859.0,16.0,28.0
430,2.2,83.2,0.0,1011.0,3.31,4.79,3.68,4.06,8.3,6.7,861.0,16.0,30.0
431,2.93,73.4,0.0,1008.0,3.38,3.55,3.2,3.75,3.4,4.0,863.0,16.0,32.0
432,3.47,85.3,0.0,959.0,4.58,3.7,4.36,3.63,4.0,8.6,865.0,16.0,34.0
433,2.24,86.6,0.0,1070.0,4.54,3.75,4.42,4.03,9.6,6.8,867.0,16.0,36.0
434,2.87,75.8,0.0,1046.0,3.22,3.42,3.37,4.64,10.8,11.5,869.0,16.0,38.0
435,3.26,86.5,0.0,924.0,4.72,3.05,3.82,4.43,7.2,14.2,871.0,16.0,40.0
436,3.34,80.5,0.0,1059.0,4.23,3.38,3.46,3.62,7.6,14.8,873.0,16.0,42.0
437,2.4,70.4,0.0,988.0,3.87,4.05,4.94,4.56,14.0,7.5,875.0,16.0,44.0
438,2.4,78.1,0.0,854.0,4.63,4.07,3.67,3.05,17.5,15.3,877.0,16.0,46.0
439,3.28,78.0,0.0,1046.0,3.11,3.51,3.91,3.45,13.0,8.0,879.0,16.0,48.0
440,2.46,83.1,0.0,945.0,3.87,3.6,3.42,3.02,6.6,11.0,881.0,16.0,50.0
441,3.11,71.3,0.0,807.0,4.37,3.85,3.7,3.84,4.8,5.4,883.0,17.0,0.0
442,2.69,98.7,0.0,1081.0,4.11,3.9,3.57,3.01,4.6,15.1,885.0,17.0,2.0
443,2.95,99.4,0.0,923.0,3.68,3.72,3.18,4.44,17.9,3.1,887.0,17.0,4.0
444,2.73,85.0,0.0,813.0,3.48,4.56,4.78,4.87,3.5,13.3,889.0,17.0,6.0
445,3.47,87.8,0.0,897.0,4.34,4.66,4.15,3.11,15.8,8.0,891.0,17.0,8.0
446,2.62,81.2,0.0,977.0,4.6,3.28,3.73,3.69,12.5,9.8,893.0,17.0,10.0
447,3.14,80.7,0.0,996.0,4.31,3.68,3.69,3.18,13.0,10.3,895.0,17.0,12.0
448,2.12,95.8,0.0,860.0,4.54,4.87,3.55,3.66,11.3,14.2,897.0,17.0,14.0
449,2.35,83.8,0.0,873.0,3.81,3.93,3.73,3.22,3.8,4.8,899.0,17.0,16.0
450,3.03,77.2,0.0,865.0,4.79,4.64,4.19,3.12,12.9,11.3,901.0,17.0,18.0
451,3.22,88.9,0.0,957.0,3.96,4.7,3.3,3.59,8.1,10.5,903.0,17.0,20.0
452,2.72,72.2,0.0,1037.0,4.91,4.35,3.81,4.98,8.2,6.4,905.0,17.0,22.0
453,3.35,97.9,0.0,890.0,3.49,4.98,4.03,3.01,11.6,13.9,907.0,17.0,24.0
454,2.65,89.9,0.0,1085.0,4.84,4.25,3.95,3.34,7.4,5.9,909.0,17.0,26.0
455,3.31,95.1,0.0,845.0,3.48,3.97,3.98,4.39,3.8,16.7,911.0,17.0,28.0
456,2.66,90.6,0.0,820.0,4.71,3.88,3.74,3.95,13.2,9.4,913.0,17.0,30.0
457,2.29,79.0,0.0,1082.0,3.73,4.9,4.55,4.68,5.2,10.5,915.0,17.0,32.0
458,2.95,87.9,0.0,844.0,3.33,4.38,3.56,3.21,4.6,15.9,917.0,17.0,34.0
459,2.7,94.5,0.0,1067.0,3.44,4.53,4.71,3.3,16.1,13.5,919.0,17.0,36.0
460,2.14,99.8,0.0,997.0,3.55,4.87,3.83,3.61,6.1,7.1,921.0,17.0,38.0
461,2.7,70.5,0.0,878.0,4.28,3.44,3.7,4.01,11.9,5.1,923.0,17.0,40.0
462,2.93,74.2,0.0,1006.0,3.89,3.95,3.79,3.49,7.0,6.6,925.0,17.0,42.0
463,2.12,75.4,0.0,976.0,4.05,4.01,4.81,3.2,16.6,10.5,927.0,17.0,44.0
464,2.93,82.0,0.0,1029.0,4.99,3.76,4.13,3.79,7.4,6.5,929.0,17.0,46.0
465,2.71,72.6,0.0,923.0,3.47,3.15,3.28,4.28,6.7,15.0,931.0,17.0,48.0
466,2.74,83.4,0.0,921.0,3.36,3.3,3.59,4.84,9.5,8.6,933.0,17.0,50.0
467,2.84,97.3,0.0,916.0,4.54,3.73,4.48,3.03,4.1,17.7,935.0,18.0,0.0
468,3.04,94.3,0.0,1061.0,3.93,4.32,3.4,4.98,8.3,12.2,937.0,18.0,2.0
469,2.73,90.1,0.0,927.0,4.74,3.13,3.3,3.29,4.5,7.1,939.0,18.0,4.0
470,3.39,72.1,0.0,928.0,4.92,4.98,4.25,3.63,15.7,4.1,941.0,18.0,6.0
471,3.23,98.4,0.0,970.0,4.99,4.02,4.24,4.73,17.7,17.8,943.0,18.0,8.0
472,2.21,89.9,0.0,833.0,3.97,3.52,4.14,3.01,9.3,3.4,945.0,18.0,10.0
473,2.23,90.6,0.0,863.0,3.03,4.53,4.39,4.42,9.9,4.0,947.0,18.0,12.0
474,2.34,82.1,0.0,1073.0,3.6,4.14,3.34,3.86,16.9,7.8,949.0,18.0,14.0
475,3.19,82.5,0.0,1002.0,4.09,3.77,4.66,3.94,4.6,6.7,951.0,18.0,16.0
476,3.16,84.4,0.0,864.0,3.71,4.89,4.2,3.78,11.3,3.3,953.0,18.0,18.0
477,2.33,84.7,0.0,838.0,3.59,4.37,3.16,4.42,15.1,11.7,955.0,18.0,20.0
478,3.32,78.4,0.0,960.0,3.68,4.72,4.35,4.65,15.7,10.0,957.0,18.0,22.0
479,2.61,70.0,0.0,841.0,4.98,3.03,3.11,3.02,15.8,6.7,959.0,18.0,24.0
480,3.16,84.9,0.0,875.0,4.82,3.78,3.44,3.97,16.9,5.7,961.0,18.0,26.0
481,3.4,99.4,0.0,974.0,3.26,4.54,3.31,4.25,11.3,9.9,963.0,18.0,28.0
482,3.25,72.7,0.0,1049.0,3.29,3.99,3.95,3.61,13.4,6.8,965.0,18.0,30.0
483,2.49,70.4,0.0,1022.0,3.49,4.2,3.73,3.83,12.3,3.8,967.0,18.0,32.0
484,2.4,80.4,0.0,886.0,3.76,3.48,4.05,4.97,3.5,3.0,969.0,18.0,34.0
485,2.56,91.4,0.0,903.0,3.85,3.95,4.31,4.09,14.3,17.6,971.0,18.0,36.0
486,2.37,77.6,0.0,984.0,3.89,3.03,3.87,3.71,10.0,9.3,973.0,18.0,38.0
487,2.82,76.8,0.0,934.0,4.9,4.35,3.84,4.32,12.0,5.1,975.0,18.0,40.0
488,2.99,98.3,0.0,1077.0,3.64,3.31,4.28,4.18,17.3,8.6,977.0,18.0,42.0
489,3.1,97.4,0.0,855.0,4.46,4.16,4.91,4.12,17.6,9.5,979.0,18.0,44.0
490,3.42,94.9,0.0,1061.0,4.76,4.24,4.41,4.96,5.3,6.9,981.0,18.0,46.0
491,3.14,95.5,0.0,1060.0,4.24,4.56,4.07,4.62,6.9,5.9,983.0,18.0,48.0
492,2.08,83.2,0.0,830.0,4.34,4.07,4.26,4.14,17.0,13.7,985.0,18.0,50.0
493,3.29,84.2,0.0,840.0,4.2,3.37,3.4,4.85,5.9,10.8,987.0,19.0,0.0
494,2.83,81.9,0.0,1026.0,3.46,3.47,3.74,4.68,12.4,9.2,989.0,19.0,2.0
495,2.64,97.3,0.0,852.0,4.77,3.61,4.54,4.82,10.5,7.7,991.0,19.0,4.0
496,2.42,76.5,0.0,867.0,4.77,3.94,4.94,3.61,8.2,11.7,993.0,19.0,6.0
497,2.68,89.4,0.0,879.0,4.22,4.71,4.67,4.59,14.9,6.9,995.0,19.0,8.0
498,2.98,97.2,0.0,936.0,4.16,3.62,4.66,4.04,12.8,13.7,997.0,19.0,10.0
499,2.96,77.8,0.0,856.0,3.72,4.73,4.78,3.65,7.4,9.7,999.0,19.0,12.0
500,2.45,74.9,0.0,839.0,3.9,3.79,3.65,3.52,12.7,16.9,1001.0,19.0,14.0
501,2.79,89.2,0.0,899.0,3.72,4.57,3.52,3.3,16.3,3.6,1003.0,19.0,16.0
502,2.27,83.9,0.0,854.0,4.88,4.65,4.23,4.84,3.0,6.2,1005.0,19.0,18.0
503,2.29,98.7,0.0,900.0,3.44,3.72,4.43,3.79,8.3,13.6,1007.0,19.0,20.0
504,3.25,90.4,0.0,1068.0,4.21,4.83,3.24,4.98,16.4,13.2,1009.0,19.0,22.0
505,3.42,93.2,0.0,1093.0,3.08,3.59,3.41,3.53,16.7,16.7,1011.0,19.0,24.0
506,2.33,96.4,0.0,939.0,3.74,4.49,3.12,3.85,11.2,11.9,1013.0,19.0,26.0
507,2.56,97.5,0.0,802.0,4.02,3.65,4.36,4.42,6.9,14.1,1015.0,19.0,28.0
508,2.68,96.6,0.0,1079.0,3.18,3.86,4.96,3.39,13.6,8.6,1017.0,19.0,30.0
509,2.86,97.5,0.0,1052.0,4.57,4.42,3.73,4.3,9.6,7.1,1019.0,19.0,32.0
510,2.15,98.4,0.0,871.0,3.05,4.34,3.61,3.61,15.0,11.4,1021.0,19.0,34.0
511,3.07,80.4,0.0,1025.0,3.16,3.96,4.63,3.44,13.1,6.5,1023.0,19.0,36.0
512,2.38,83.5,0.0,1072.0,4.98,4.24,4.87,3.15,8.4,7.6,1025.0,19.0,38.0
513,2.84,92.0,0.0,1053.0,4.17,4.06,3.92,3.18,15.4,12.6,1027.0,19.0,40.0
514,2.69,88.3,0.0,865.0,4.5,4.06,4.07,4.71,11.9,10.0,1029.0,19.0,42.0
515,2.71,91.8,0.0,976.0,4.96,3.21,4.62,3.79,6.9,8.8,1031.0,19.0,44.0
516,2.49,90.6,0.0,985.0,3.09,3.45,3.92,3.15,14.6,4.9,1033.0,19.0,46.0
517,2.9,99.4,0.0,947.0,4.85,3.63,3.23,3.52,14.1,8.9,1035.0,19.0,48.0
518,2.88,89.1,0.0,1084.0,3.63,3.32,4.39,3.66,16.8,4.7,1037.0,19.0,50.0
519,3.02,84.5,0.0,1018.0,3.13,4.91,4.55,4.77,3.5,13.0,1039.0,20.0,0.0
520,2.26,80.5,0.0,854.0,4.46,3.8,3.0,4.9,11.2,17.9,1041.0,20.0,2.0
521,2.44,75.5,0.0,908.0,3.14,3.54,3.13,4.98,17.7,12.6,1043.0,20.0,4.0
522,2.92,70.1,0.0,966.0,3.12,3.01,4.1,4.24,15.6,5.0,1045.0,20.0,6.0
523,2.0,93.9,0.0,944.0,3.98,4.93,4.24,3.1,13.5,13.0,1047.0,20.0,8.0
524,2.75,85.0,0.0,825.0,3.5,3.8,4.52,4.59,11.3,10.9,1049.0,20.0,10.0
525,2.02,92.7,0.0,860.0,4.09,3.48,3.31,4.0,12.8,13.5,1051.0,20.0,12.0
526,2.56,84.5,0.0,934.0,4.18,3.0,4.4,3.34,17.1,3.9,1053.0,20.0,14.0
527,2.85,75.6,0.0,989.0,3.53,4.48,3.23,4.98,17.5,17.1,1055.0,20.0,16.0
528,2.87,72.5,0.0,880.0,3.93,4.87,3.32,3.61,4.0,6.9,1057.0,20.0,18.0
529,2.85,75.0,0.0,1012.0,3.83,3.46,4.48,4.98,17.9,13.7,1059.0,20.0,20.0
530,2.99,87.3,0.0,848.0,3.6,4.85,4.55,3.55,7.5,5.0,1061.0,20.0,22.0
531,3.26,90.3,0.0,882.0,4.52,3.44,3.2,4.02,8.5,12.6,1063.0,20.0,24.0
532,3.07,70.3,0.0,1070.0,3.47,4.91,3.87,4.87,14.2,5.0,1065.0,20.0,26.0
533,3.47,77.5,0.0,1001.0,3.51,4.33,3.64,3.52,17.9,6.5,1067.0,20.0,28.0
534,2.5,72.9,0.0,915.0,3.89,4.09,3.19,3.07,9.7,5.2,1069.0,20.0,30.0
535,2.37,85.9,0.0,1047.0,4.6,3.86,4.18,4.32,12.4,9.2,1071.0,20.0,32.0
536,3.14,75.8,0.0,963.0,4.0,4.87,3.96,3.14,13.0,17.1,1073.0,20.0,34.0
537,2.56,75.8,0.0,815.0,4.63,4.5,4.71,3.39,14.1,8.3,1075.0,20.0,36.0
538,2.95,78.1,0.0,848.0,4.58,3.69,3.5,4.37,17.3,8.5,1077.0,20.0,38.0
539,3.06,95.7,0.0,1094.0,3.77,4.97,4.25,3.98,16.6,8.2,1079.0,20.0,40.0
540,2.51,75.3,0.0,928.0,4.65,4.07,3.48,3.33,11.5,17.6,1081.0,20.0,42.0
541,2.99,70.5,0.0,1033.0,4.45,4.46,4.23,3.43,3.2,5.9,1083.0,20.0,44.0
542,2.83,81.4,0.0,937.0,4.06,4.42,3.51,4.95,13.8,7.5,1085.0,20.0,46.0
543,2.22,89.4,0.0,894.0,4.73,4.93,4.12,3.36,9.1,16.5,1087.0,20.0,48.0
544,3.48,94.8,0.0,817.0,4.52,3.14,4.02,4.89,4.5,7.6,1089.0,20.0,50.0
545,3.04,94.8,0.0,884.0,3.35,3.3,3.96,3.14,11.9,12.0,1091.0,21.0,0.0
546,2.68,94.0,0.0,1034.0,3.39,3.18,3.72,4.39,15.1,10.5,1093.0,21.0,2.0
547,3.38,91.4,0.0,803.0,4.15,4.22,3.27,4.47,7.1,4.6,1095.0,21.0,4.0
548,2.41,81.6,0.0,1029.0,3.47,3.33,3.56,3.82,16.2,5.8,1097.0,21.0,6.0
549,3.27,99.6,0.0,1012.0,3.69,4.13,4.92,3.44,15.6,14.5,1099.0,21.0,8.0
550,2.47,78.8,0.0,1031.0,4.6,4.69,3.32,4.11,3.3,7.9,1101.0,21.0,10.0
551,2.64,88.5,0.0,1070.0,3.83,3.27,4.33,3.41,6.2,9.0,1103.0,21.0,12.0
552,3.49,79.3,0.0,1077.0,3.68,3.41,3.92,3.13,14.6,13.0,1105.0,21.0,14.0
553,2.78,95.5,0.0,960.0,3.14,4.78,3.3,4.61,3.6,4.2,1107.0,21.0,16.0
554,2.88,84.1,0.0,1089.0,4.05,3.24,3.31,3.21,11.1,10.3,1109.0,21.0,18.0
555,3.15,70.6,0.0,868.0,3.37,4.09,4.39,3.66,12.3,14.6,1111.0,21.0,20.0
556,2.83,94.7,0.0,1078.0,3.07,4.62,3.77,4.07,8.6,9.8,1113.0,21.0,22.0
557,3.46,94.9,0.0,876.0,3.89,3.73,3.34,4.64,7.2,4.4,1115.0,21.0,24.0
558,2.42,98.6,0.0,816.0,4.97,3.88,3.97,3.73,3.7,4.1,1117.0,21.0,26.0
559,2.2,89.1,0.0,915.0,3.22,3.19,3.29,4.9,17.5,14.9,1119.0,21.0,28.0
560,3.12,93.1,0.0,983.0,4.34,4.01,3.69,3.04,7.8,5.0,1121.0,21.0,30.0
561,3.4,78.7,0.0,881.0,3.76,4.99,3.91,3.53,7.9,15.3,1123.0,21.0,32.0
562,3.2,93.7,0.0,947.0,3.04,4.18,4.64,4.97,10.9,6.1,1125.0,21.0,34.0
563,2.93,82.6,0.0,915.0,3.75,4.39,4.91,3.14,13.6,15.3,1127.0,21.0,36.0
564,2.98,74.5,0.0,963.0,3.73,4.66,4.12,4.02,3.0,12.8,1129.0,21.0,38.0
565,2.73,70.8,0.0,1036.0,3.32,3.37,3.9,3.31,8.3,15.2,1131.0,21.0,40.0
566,2.76,96.2,0.0,803.0,3.91,3.54,4.98,4.89,7.2,5.3,1133.0,21.0,42.0
567,2.19,91.4,0.0,1057.0,4.42,4.06,3.15,3.4,8.0,7.9,1135.0,21.0,44.0
568,3.05,93.5,0.0,1066.0,4.65,3.4,3.42,4.56,4.6,7.5,1137.0,21.0,46.0
569,3.4,72.2,0.0,907.0,3.03,3.33,3.25,3.55,6.3,17.8,1139.0,21.0,48.0
570,2.9,79.5,0.0,804.0,4.32,4.44,4.1,4.4,11.5,4.5,1141.0,21.0,50.0
571,2.69,83.5,0.0,826.0,3.76,4.09,3.45,3.1,14.6,9.4,1143.0,22.0,0.0
572,2.74,97.7,0.0,887.0,3.32,4.41,4.68,4.6,9.3,12.3,1145.0,22.0,2.0
573,3.13,88.5,0.0,1090.0,4.74,3.25,3.85,3.87,4.6,11.2,1147.0,22.0,4.0
574,3.01,92.1,0.0,1040.0,3.56,4.59,4.92,3.38,11.2,9.5,1149.0,22.0,6.0
575,2.47,77.7,0.0,829.0,4.95,4.35,3.01,3.35,16.9,14.6,1151.0,22.0,8.0
576,3.19,85.4,0.0,876.0,4.97,3.85,3.17,4.4,9.6,5.8,1153.0,22.0,10.0
577,3.04,91.9,0.0,1025.0,3.53,4.57,3.82,3.8,4.8,6.0,1155.0,22.0,12.0
578,2.51,70.8,0.0,867.0,3.81,4.86,4.52,3.27,8.3,15.1,1157.0,22.0,14.0
579,2.63,76.8,0.0,895.0,3.34,3.87,3.37,4.22,14.6,4.1,1159.0,22.0,16.0
580,3.23,90.9,0.0,1029.0,3.57,3.61,4.07,3.08,4.1,13.0,1161.0,22.0,18.0
581,2.39,75.4,0.0,1049.0,4.11,3.65,3.4,4.72,11.1,4.8,1163.0,22.0,20.0
582,2.79,71.2,0.0,920.0,3.78,4.19,3.65,4.93,8.6,8.6,1165.0,22.0,22.0
583,3.22,92.0,0.0,1037.0,4.07,4.85,3.18,3.11,5.4,11.0,1167.0,22.0,24.0
584,2.66,86.3,0.0,933.0,4.19,3.23,4.62,3.94,17.7,12.0,1169.0,22.0,26.0
585,2.82,82.4,0.0,841.0,3.01,4.56,4.99,3.72,11.2,7.1,1171.0,22.0,28.0
586,2.07,84.9,0.0,987.0,4.53,4.05,4.53,3.61,17.9,13.2,1173.0,22.0,30.0
587,2.28,97.4,0.0,964.0,3.07,4.99,4.8,4.56,14.4,15.9,1175.0,22.0,32.0
588,2.49,94.6,0.0,1085.0,4.24,4.77,3.24,3.8,5.5,5.9,1177.0,22.0,34.0
589,3.36,82.1,0.0,908.0,4.99,3.93,3.05,3.29,16.4,7.7,1179.0,22.0,36.0
590,2.64,80.3,0.0,889.0,3.82,3.96,3.12,3.95,10.8,5.9,1181.0,22.0,38.0
591,2.87,70.2,0.0,1075.0,4.28,4.21,3.72,4.86,7.9,11.3,1183.0,22.0,40.0
592,3.03,96.6,0.0,1029.0,4.81,3.84,4.11,3.35,4.2,11.5,1185.0,22.0,42.0
593,2.02,76.8,0.0,833.0,4.48,4.7,4.81,3.79,12.2,10.9,1187.0,22.0,44.0
594,3.34,89.4,0.0,1050.0,3.29,4.42,3.69,4.3,7.5,8.3,1189.0,22.0,46.0
595,2.67,96.0,0.0,1048.0,3.82,3.66,4.09,4.24,6.5,7.1,1191.0,22.0,48.0
596,2.22,90.0,0.0,921.0,3.61,4.36,3.57,4.56,7.9,17.0,1193.0,22.0,50.0
597,2.05,83.9,0.0,1058.0,4.06,3.96,3.1,3.84,7.6,17.1,1195.0,23.0,0.0
598,2.26,76.7,0.0,988.0,3.58,3.98,4.43,3.5,15.5,12.9,1197.0,23.0,2.0
599,3.04,88.4,0.0,1065.0,3.5,3.15,4.74,3.84,11.1,16.4,1199.0,23.0,4.0
600,3.22,89.2,0.0,1008.0,4.34,4.15,4.6,4.53,17.1,6.9,1201.0,23.0,6.0
601,2.72,70.6,0.0,953.0,4.54,4.57,4.43,4.04,7.2,8.8,1203.0,23.0,8.0
602,3.34,86.3,0.0,826.0,3.18,4.36,4.99,3.38,12.2,13.1,1205.0,23.0,10.0
603,2.57,84.8,0.0,1049.0,3.76,3.33,4.69,4.69,5.9,17.2,1207.0,23.0,12.0
604,3.03,95.6,0.0,1048.0,3.22,4.37,4.31,3.78,11.1,4.2,1209.0,23.0,14.0
605,3.47,88.3,0.0,1058.0,4.99,3.28,3.2,4.97,7.3,10.5,1211.0,23.0,16.0
606,2.1,96.7,0.0,1041.0,3.84,4.61,3.08,4.3,16.2,17.2,1213.0,23.0,18.0
607,2.11,73.2,0.0,1004.0,3.65,4.05,3.83,3.27,4.8,3.1,1215.0,23.0,20.0
608,3.36,77.8,0.0,993.0,3.99,3.81,3.76,4.91,12.6,14.7,1217.0,23.0,22.0
609,2.83,91.1,0.0,1085.0,3.69,3.11,4.09,3.21,3.0,5.3,1219.0,23.0,24.0
610,2.67,99.9,0.0,940.0,4.3,3.74,3.35,3.31,12.4,6.0,1221.0,23.0,26.0
611,3.46,92.7,0.0,1012.0,3.19,3.65,4.09,3.2,3.0,10.0,1223.0,23.0,28.0
612,2.77,86.0,0.0,921.0,3.77,3.19,4.06,3.31,7.1,4.2,1225.0,23.0,30.0
613,3.31,87.6,0.0,959.0,4.13,3.52,3.7,3.88,16.7,17.0,1227.0,23.0,32.0
614,2.92,86.6,0.0,999.0,4.26,4.53,3.59,4.49,14.6,8.9,1229.0,23.0,34.0
615,3.26,91.0,0.0,816.0,3.8,3.67,4.85,4.5,16.7,7.5,1231.0,23.0,36.0
616,2.34,71.7,0.0,852.0,3.78,4.89,4.98,4.79,7.9,6.9,1233.0,23.0,38.0
617,2.03,95.7,0.0,920.0,4.79,3.01,3.84,3.18,17.9,8.2,1235.0,23.0,40.0
618,2.18,97.4,0.0,882.0,3.08,3.05,4.66,3.62,15.6,10.7,1237.0,23.0,42.0
619,2.92,80.1,0.0,883.0,3.15,4.5,3.16,4.36,8.0,8.2,1239.0,23.0,44.0
620,2.4,97.0,0.0,1085.0,3.18,4.81,4.98,4.57,15.1,6.6,1241.0,23.0,46.0
621,2.2,78.0,0.0,1086.0,4.1,4.11,3.22,3.77,4.0,10.9,1243.0,23.0,48.0
622,3.1,89.5,0.0,818.0,4.63,3.18,3.9,3.64,17.9,15.5,1245.0,23.0,50.0
623,2.38,81.8,0.0,934.0,3.41,4.19,3.41,4.9,9.1,15.2,1247.0,24.0,0.0
624,2.1,78.2,0.0,828.0,3.66,3.4,3.98,3.46,14.5,14.5,1249.0,24.0,2.0
625,3.39,95.3,0.0,1056.0,3.64,4.43,3.52,3.77,8.7,17.2,1251.0,24.0,4.0
626,2.11,90.4,0.0,1017.0,3.61,3.29,3.41,4.61,5.8,11.8,1253.0,24.0,6.0
627,2.07,83.9,0.0,867.0,3.11,4.62,3.37,4.2,4.3,12.7,1255.0,24.0,8.0
628,2.18,93.7,0.0,1085.0,3.71,3.92,4.19,4.64,15.2,11.0,1257.0,24.0,10.0
629,2.97,84.8,0.0,895.0,4.04,3.27,4.22,4.12,15.8,13.2,1259.0,24.0,12.0
630,2.04,81.6,0.0,1086.0,4.14,4.39,4.59,4.53,10.0,6.2,1261.0,24.0,14.0
631,2.01,81.0,0.0,1096.0,4.18,4.36,3.17,3.03,14.5,17.6,1263.0,24.0,16.0
632,2.18,74.8,0.0,820.0,4.0,3.1,3.38,4.04,16.4,6.2,1265.0,24.0,18.0
633,2.79,90.1,0.0,877.0,3.6,4.47,4.02,3.34,9.7,5.5,1267.0,24.0,20.0
634,2.44,72.5,0.0,1087.0,3.47,3.43,4.08,4.06,13.1,8.7,1269.0,24.0,22.0
635,2.19,97.2,0.0,1049.0,3.06,4.47,4.32,3.69,4.2,15.4,1271.0,24.0,24.0
636,2.91,75.2,0.0,1011.0,4.83,3.07,3.02,4.23,15.9,10.1,1273.0,24.0,26.0
637,2.7,74.8,0.0,1084.0,4.63,4.29,3.07,3.26,7.5,12.3,1275.0,24.0,28.0
638,3.22,85.5,0.0,971.0,3.97,4.77,3.0,4.76,6.0,17.8,1277.0,24.0,30.0
639,2.15,88.8,0.0,806.0,4.4,3.45,4.08,3.94,8.3,5.9,1279.0,24.0,32.0
640,2.04,96.5,0.0,1024.0,4.94,4.27,4.36,4.3,4.9,5.8,1281.0,24.0,34.0
641,3.15,78.0,0.0,1036.0,4.02,4.62,4.86,4.64,9.4,5.7,1283.0,24.0,36.0
642,2.31,96.5,0.0,823.0,3.39,3.53,4.93,3.74,5.6,3.2,1285.0,24.0,38.0
643,2.8,80.1,0.0,852.0,3.85,3.3,3.3,3.76,15.1,16.3,1287.0,24.0,40.0
644,3.16,81.7,0.0,921.0,4.34,3.56,3.89,4.84,17.4,3.3,1289.0,24.0,42.0
645,3.21,74.9,0.0,828.0,4.51,4.8,4.23,3.09,3.3,16.5,1291.0,24.0,44.0
646,2.86,86.4,0.0,965.0,3.01,3.21,3.37,4.7,11.7,6.9,1293.0,24.0,46.0
647,3.4,81.4,0.0,853.0,3.14,4.35,4.26,4.26,4.8,3.2,1295.0,24.0,48.0
648,2.75,70.5,0.0,881.0,4.25,3.04,4.62,3.49,13.4,6.1,1297.0,24.0,50.0
649,2.39,83.5,0.0,1085.0,4.2,4.42,3.32,4.67,12.0,11.6,1299.0,25.0,0.0
650,3.19,95.8,0.0,845.0,3.58,4.11,3.09,4.6,5.2,15.9,1301.0,25.0,2.0
651,3.29,94.3,0.0,808.0,3.28,4.18,4.16,3.8,7.3,15.6,1303.0,25.0,4.0
652,3.39,71.7,0.0,979.0,4.06,3.68,4.77,4.87,17.4,10.3,1305.0,25.0,6.0
653,3.18,75.0,0.0,1054.0,4.3,4.06,4.88,4.56,11.4,17.8,1307.0,25.0,8.0
654,2.41,94.4,0.0,927.0,3.18,4.07,3.4,4.83,15.7,3.0,1309.0,25.0,10.0
655,3.43,78.4,0.0,840.0,4.16,3.33,4.23,4.74,16.3,13.7,1311.0,25.0,12.0
656,3.32,78.0,0.0,928.0,4.57,4.53,4.38,4.22,15.0,12.2,1313.0,25.0,14.0
657,2.49,80.8,0.0,989.0,3.78,4.89,3.63,3.54,8.0,15.2,1315.0,25.0,16.0
658,3.31,79.4,0.0,903.0,4.85,3.63,4.48,3.78,10.3,8.6,1317.0,25.0,18.0
659,3.34,88.1,0.0,928.0,4.71,4.57,3.09,4.28,7.4,3.3,1319.0,25.0,20.0
660,2.4,82.1,0.0,956.0,4.97,3.08,4.77,3.37,15.1,12.2,1321.0,25.0,22.0
661,2.51,92.3,0.0,986.0,3.95,3.01,4.64,4.2,16.7,17.5,1323.0,25.0,24.0
662,3.19,84.9,0.0,1092.0,4.97,3.63,3.84,4.12,15.0,12.5,1325.0,25.0,26.0
663,2.37,88.2,0.0,872.0,3.58,3.89,3.8,3.79,5.2,10.0,1327.0,25.0,28.0
664,3.36,85.0,0.0,900.0,4.29,4.61,4.78,4.35,16.4,3.4,1329.0,25.0,30.0
665,2.47,76.2,0.0,837.0,3.2,4.36,3.19,4.47,9.0,11.6,1331.0,25.0,32.0
666,2.21,88.5,0.0,851.0,4.61,3.1,4.3,4.93,12.3,4.6,1333.0,25.0,34.0
667,3.1,78.5,0.0,1099.0,4.88,3.94,4.09,4.37,17.5,14.8,1335.0,25.0,36.0
668,2.59,77.0,0.0,1036.0,4.98,4.1,4.09,4.72,9.0,14.3,1337.0,25.0,38.0
669,3.4,71.8,0.0,810.0,3.98,4.97,3.26,3.2,12.3,13.8,1339.0,25.0,40.0
670,2.25,74.1,0.0,1050.0,4.14,4.91,4.73,3.93,10.9,16.4,1341.0,25.0,42.0
671,3.02,76.6,0.0,1012.0,3.46,4.8,3.06,3.11,8.3,5.1,1343.0,25.0,44.0
672,3.14,72.0,0.0,1063.0,4.45,4.67,4.25,4.29,10.0,16.6,1345.0,25.0,46.0
673,3.35,83.9,0.0,1086.0,3.16,3.73,3.16,3.25,3.9,9.8,1347.0,25.0,48.0
674,2.64,98.7,0.0,1088.0,4.89,3.9,4.15,4.35,14.2,11.7,1349.0,25.0,50.0
675,3.08,95.9,0.0,958.0,3.35,3.18,3.89,4.2,17.1,3.6,1351.0,26.0,0.0
676,2.8,70.1,0.0,934.0,4.32,3.83,3.55,3.99,15.0,7.1,1353.0,26.0,2.0
677,3.24,77.0,0.0,1030.0,3.08,3.82,4.49,3.13,16.1,16.1,1355.0,26.0,4.0
678,3.47,90.7,0.0,849.0,3.04,3.81,3.86,3.32,7.5,6.2,1357.0,26.0,6.0
679,2.36,80.6,0.0,1007.0,3.2,3.0,4.23,4.63,5.7,14.4,1359.0,26.0,8.0
680,2.41,71.6,0.0,835.0,3.17,4.93,3.21,4.98,17.5,5.3,1361.0,26.0,10.0
681,2.21,71.1,0.0,878.0,4.83,4.28,4.65,3.01,12.8,12.9,1363.0,26.0,12.0
682,2.08,84.7,0.0,993.0,3.54,4.17,3.79,3.11,10.4,6.6,1365.0,26.0,14.0
683,3.36,99.0,0.0,926.0,4.9,4.64,4.15,4.12,7.3,16.9,1367.0,26.0,16.0
684,3.21,70.7,0.0,1086.0,3.04,3.47,4.8,3.71,6.5,15.9,1369.0,26.0,18.0
685,3.27,90.7,0.0,993.0,3.36,4.92,3.55,4.87,6.1,4.9,1371.0,26.0,20.0
686,2.03,94.6,0.0,955.0,4.74,4.31,3.12,3.03,9.1,14.6,1373.0,26.0,22.0
687,2.25,89.6,0.0,1011.0,4.48,3.02,4.29,4.54,7.8,8.0,1375.0,26.0,24.0
688,2.62,88.2,0.0,1085.0,4.35,3.72,3.33,3.64,15.3,3.0,1377.0,26.0,26.0
689,2.36,91.7,0.0,972.0,4.64,4.21,3.16,4.78,5.6,13.8,1379.0,26.0,28.0
690,2.09,97.4,0.0,1050.0,4.29,4.14,3.13,3.33,16.4,4.7,1381.0,26.0,30.0
691,3.1,96.0,0.0,842.0,3.62,3.62,3.04,4.65,13.3,5.5,1383.0,26.0,32.0
692,2.82,92.8,0.0,1040.0,3.1,3.33,4.54,4.68,13.1,3.3,1385.0,26.0,34.0
693,3.34,94.9,0.0,849.0,4.6,3.19,4.16,4.66,12.2,12.7,1387.0,26.0,36.0
694,3.25,98.7,0.0,1012.0,4.2,4.1,4.75,4.08,4.4,5.3,1389.0,26.0,38.0
695,2.74,89.9,0.0,1095.0,3.34,4.74,4.32,4.53,13.9,12.0,1391.0,26.0,40.0
696,3.48,92.6,0.0,1006.0,4.79,3.76,4.3,3.66,9.5,10.4,1393.0,26.0,42.0
697,3.48,79.5,0.0,1092.0,3.02,3.48,3.45,4.62,5.5,3.4,1395.0,26.0,44.0
698,3.46,72.3,0.0,909.0,3.31,4.24,3.91,4.58,10.4,15.9,1397.0,26.0,46.0
699,2.49,73.0,0.0,1097.0,3.96,3.29,4.33,3.82,7.3,3.6,1399.0,26.0,48.0
700,2.85,71.9,0.0,1023.0,4.56,3.32,4.69,4.83,16.1,3.9,1401.0,26.0,50.0
701,2.11,77.9,0.0,1019.0,3.23,3.95,4.78,3.4,17.7,13.1,1403.0,27.0,0.0
702,2.06,81.5,0.0,994.0,3.75,3.56,3.45,3.33,7.2,4.4,1405.0,27.0,2.0
703,2.13,72.1,0.0,858.0,4.65,3.67,4.81,3.27,11.2,16.9,1407.0,27.0,4.0
704,2.85,96.2,0.0,814.0,4.65,3.2,3.04,3.02,14.7,11.7,1409.0,27.0,6.0
705,2.48,71.9,0.0,1054.0,3.74,3.75,4.64,4.93,14.9,6.6,1411.0,27.0,8.0
706,2.24,74.6,0.0,978.0,3.65,4.07,3.86,3.41,6.8,16.4,1413.0,27.0,10.0
707,2.62,86.7,0.0,1069.0,3.75,3.34,4.7,4.08,17.9,7.5,1415.0,27.0,12.0
708,2.15,88.7,0.0,1078.0,3.52,3.62,3.02,4.67,16.2,14.5,1417.0,27.0,14.0
709,2.32,81.4,0.0,1084.0,4.99,4.16,3.11,4.84,12.9,3.6,1419.0,27.0,16.0
710,3.43,84.9,0.0,817.0,3.53,3.73,4.14,3.29,16.1,3.8,1421.0,27.0,18.0
711,2.29,72.8,0.0,849.0,3.01,3.56,3.27,3.11,15.6,3.9,1423.0,27.0,20.0
712,2.78,70.7,0.0,900.0,3.0,4.81,3.32,4.05,11.4,7.3,1425.0,27.0,22.0
713,2.12,91.0,0.0,1082.0,3.21,3.15,3.56,3.85,4.5,6.1,1427.0,27.0,24.0
714,2.06,91.7,0.0,935.0,3.4,3.77,4.1,4.63,5.7,14.3,1429.0,27.0,26.0
715,2.37,77.7,0.0,976.0,3.72,3.15,3.56,3.71,15.1,7.0,1431.0,27.0,28.0
716,2.45,89.4,0.0,867.0,3.61,3.55,3.25,3.36,11.1,16.0,1433.0,27.0,30.0
717,2.88,92.4,0.0,952.0,3.9,3.81,4.55,4.47,5.1,8.6,1435.0,27.0,32.0
718,2.85,74.9,0.0,1079.0,3.46,4.43,4.86,4.58,3.1,14.2,1437.0,27.0,34.0
719,2.83,75.6,0.0,984.0,3.55,3.71,4.64,3.87,15.3,4.0,1439.0,27.0,36.0
720,2.95,90.6,0.0,851.0,4.79,4.54,4.91,4.55,11.5,5.0,1441.0,27.0,38.0
721,3.49,97.5,0.0,1043.0,4.7,3.65,3.62,4.13,10.1,16.7,1443.0,27.0,40.0
722,2.88,81.6,0.0,859.0,4.21,3.16,4.01,4.53,9.0,8.7,1445.0,27.0,42.0
723,2.29,81.6,0.0,809.0,3.71,3.44,3.44,4.17,11.6,16.5,1447.0,27.0,44.0
724,3.46,81.9,0.0,964.0,3.94,4.24,3.18,3.89,10.0,17.2,1449.0,27.0,46.0
725,2.57,93.1,0.0,970.0,3.9,4.15,3.45,3.92,3.5,9.9,1451.0,27.0,48.0
726,2.65,72.2,0.0,904.0,3.74,4.72,3.15,4.11,9.5,12.4,1453.0,27.0,50.0
727,2.53,89.0,0.0,1048.0,4.35,3.2,4.84,4.92,13.4,6.3,1455.0,28.0,0.0
728,3.38,81.9,0.0,937.0,4.53,3.66,3.77,3.66,15.6,9.5,1457.0,28.0,2.0
729,2.85,95.4,0.0,1006.0,4.89,4.62,4.62,4.77,10.3,14.0,1459.0,28.0,4.0
730,3.24,99.9,0.0,911.0,4.12,3.54,4.89,4.59,8.4,14.1,1461.0,28.0,6.0
731,2.23,84.1,0.0,961.0,3.54,3.02,3.21,3.55,11.0,7.1,1463.0,28.0,8.0
732,2.73,74.0,0.0,1087.0,3.57,3.33,3.7,4.85,13.1,4.6,1465.0,28.0,10.0
733,3.29,84.2,0.0,1002.0,4.06,3.79,3.53,4.22,8.3,12.2,1467.0,28.0,12.0
734,3.38,97.3,0.0,868.0,4.81,3.55,4.32,4.64,9.5,10.2,1469.0,28.0,14.0
735,2.75,91.4,0.0,969.0,4.82,4.92,4.41,4.74,11.4,6.4,1471.0,28.0,16.0
736,2.49,96.3,0.0,882.0,3.12,4.13,4.32,4.05,15.5,16.3,1473.0,28.0,18.0
737,2.76,77.5,0.0,922.0,4.63,4.45,3.6,4.81,5.3,12.4,1475.0,28.0,20.0
738,2.12,90.0,0.0,1083.0,4.12,3.49,4.64,4.45,5.8,3.3,1477.0,28.0,22.0
739,2.75,94.0,0.0,1039.0,3.41,3.42,3.59,3.01,6.5,15.7,1479.0,28.0,24.0
740,3.0,88.6,0.0,850.0,4.64,3.97,4.56,3.57,16.6,7.7,1481.0,28.0,26.0
741,2.17,80.8,0.0,945.0,3.32,4.91,4.5,4.8,15.1,4.3,1483.0,28.0,28.0
742,2.38,81.7,0.0,975.0,4.26,4.26,4.05,4.0,9.7,9.3,1485.0,28.0,30.0
743,2.54,70.2,0.0,906.0,4.47,4.6,3.86,3.37,12.9,15.2,1487.0,28.0,32.0
744,3.13,71.0,0.0,801.0,3.41,3.81,4.7,4.32,6.3,14.6,1489.0,28.0,34.0
745,2.7,84.5,0.0,890.0,4.49,4.62,4.03,4.13,15.2,5.7,1491.0,28.0,36.0
746,2.57,74.4,0.0,894.0,3.01,4.44,3.64,3.03,13.8,3.9,1493.0,28.0,38.0
747,2.41,89.4,0.0,972.0,3.32,4.32,4.99,4.46,6.4,13.8,1495.0,28.0,40.0
748,3.28,95.8,0.0,895.0,4.13,3.51,3.99,4.37,14.3,8.5,1497.0,28.0,42.0
749,3.03,85.4,0.0,899.0,4.81,3.74,4.68,4.66,15.8,17.1,1499.0,28.0,44.0
750,2.28,85.0,0.0,979.0,3.65,3.15,3.09,4.87,5.5,8.0,1501.0,28.0,46.0
751,2.44,80.5,0.0,859.0,3.75,3.92,3.28,4.37,10.4,11.3,1503.0,28.0,48.0
752,2.74,82.1,0.0,1095.0,4.97,4.91,4.01,3.6,8.0,16.7,1505.0,28.0,50.0
753,3.42,87.4,0.0,849.0,3.88,3.71,3.84,3.15,17.3,17.7,1507.0,29.0,0.0
754,2.34,82.2,0.0,1056.0,4.42,3.26,3.29,3.79,12.8,10.3,1509.0,29.0,2.0
755,3.17,72.2,0.0,830.0,4.54,4.16,4.82,4.9,13.2,6.6,1511.0,29.0,4.0
756,2.46,88.3,0.0,956.0,3.15,4.88,4.53,4.86,11.8,15.4,1513.0,29.0,6.0
757,2.42,93.6,0.0,920.0,3.8,3.79,3.46,4.59,12.7,9.3,1515.0,29.0,8.0
758,2.59,96.7,0.0,1069.0,4.6,4.64,3.6,3.75,7.9,16.3,1517.0,29.0,10.0
759,2.13,87.1,0.0,950.0,4.07,3.71,4.98,3.71,14.3,7.7,1519.0,29.0,12.0
760,3.25,85.6,0.0,860.0,4.57,3.9,3.56,3.71,7.2,10.1,1521.0,29.0,14.0
761,2.56,73.5,0.0,1043.0,3.56,3.95,4.49,3.47,9.5,11.4,1523.0,29.0,16.0
762,3.18,71.9,0.0,838.0,3.18,3.87,4.42,3.02,12.5,11.4,1525.0,29.0,18.0
763,2.14,86.9,0.0,809.0,3.72,3.85,4.75,3.23,4.7,16.4,1527.0,29.0,20.0
764,3.26,70.3,0.0,971.0,4.76,3.14,4.88,4.39,13.3,15.3,1529.0,29.0,22.0
765,2.74,81.0,0.0,1059.0,3.47,4.04,4.41,3.77,11.3,17.4,1531.0,29.0,24.0
766,2.5,84.4,0.0,974.0,3.81,4.0,4.47,4.94,5.1,15.4,1533.0,29.0,26.0
767,2.6,95.9,0.0,1070.0,4.24,4.52,4.29,4.01,8.6,17.7,1535.0,29.0,28.0
768,3.26,71.2,0.0,972.0,3.47,4.14,4.59,4.58,9.5,14.7,1537.0,29.0,30.0
769,2.44,82.5,0.0,1047.0,3.67,4.41,3.96,4.55,3.3,5.1,1539.0,29.0,32.0
770,3.23,90.8,0.0,1034.0,3.66,4.54,4.07,3.2,13.6,16.2,1541.0,29.0,34.0
771,2.43,76.8,0.0,1044.0,4.51,4.17,3.78,4.72,14.1,11.0,1543.0,29.0,36.0
772,2.36,93.5,0.0,1022.0,3.59,4.95,4.13,4.93,14.7,12.7,1545.0,29.0,38.0
773,2.46,80.7,0.0,1037.0,4.56,4.86,4.63,4.5,10.2,14.2,1547.0,29.0,40.0
774,3.22,98.1,0.0,1028.0,4.69,4.07,4.66,4.81,4.4,6.5,1549.0,29.0,42.0
775,2.84,73.3,0.0,974.0,4.12,3.3,3.17,3.21,12.4,3.6,1551.0,29.0,44.0
776,3.27,70.9,0.0,809.0,4.97,4.42,3.15,3.75,14.6,4.9,1553.0,29.0,46.0
777,2.93,73.2,0.0,916.0,3.1,3.62,3.24,3.06,7.7,16.6,1555.0,29.0,48.0
778,3.22,78.2,0.0,1027.0,3.78,3.64,4.18,3.23,10.3,4.9,1557.0,29.0,50.0
779,2.98,75.0,0.0,1000.0,3.73,3.61,3.88,3.36,12.1,5.2,1559.0,30.0,0.0
780,2.09,86.1,0.0,1044.0,3.33,4.36,3.84,4.84,4.8,14.3,1561.0,30.0,2.0
781,2.91,81.5,0.0,944.0,3.14,4.08,4.63,3.83,8.6,15.4,1563.0,30.0,4.0
782,2.88,70.8,0.0,944.0,3.9,4.15,4.45,4.72,16.8,12.8,1565.0,30.0,6.0
783,2.33,94.6,0.0,1001.0,3.19,4.76,3.82,4.11,13.5,6.5,1567.0,30.0,8.0
784,2.25,84.5,0.0,867.0,3.83,4.6,3.03,4.29,15.3,11.1,1569.0,30.0,10.0
785,3.46,86.5,0.0,1063.0,3.41,3.66,4.59,4.67,10.3,10.0,1571.0,30.0,12.0
786,2.7,81.1,0.0,930.0,4.01,3.57,3.13,4.22,4.8,6.9,1573.0,30.0,14.0
787,3.48,95.0,0.0,904.0,3.3,4.47,4.68,4.12,10.5,9.5,1575.0,30.0,16.0
788,2.53,98.3,0.0,855.0,3.65,4.22,3.5,3.52,4.7,12.4,1577.0,30.0,18.0
789,2.7,73.1,0.0,1074.0,3.22,4.86,4.15,4.96,12.8,13.9,1579.0,30.0,20.0
790,2.23,84.5,0.0,1018.0,3.03,4.71,4.0,4.66,10.2,3.7,1581.0,30.0,22.0
791,3.14,96.3,0.0,838.0,3.83,3.36,3.37,4.37,16.3,16.3,1583.0,30.0,24.0
792,2.23,89.5,0.0,1081.0,4.77,4.3,3.74,4.42,17.7,16.2,1585.0,30.0,26.0
793,3.37,74.1,0.0,877.0,3.16,4.04,4.57,3.14,12.8,16.9,1587.0,30.0,28.0
794,3.22,73.7,0.0,817.0,4.73,4.98,3.19,3.78,13.5,7.9,1589.0,30.0,30.0
795,2.83,73.8,0.0,1039.0,3.47,3.6,3.67,4.28,9.4,6.1,1591.0,30.0,32.0
796,3.22,81.0,0.0,848.0,4.56,4.62,4.45,3.99,17.5,4.0,1593.0,30.0,34.0
797,2.39,71.2,0.0,907.0,3.64,4.32,4.74,4.97,9.3,14.1,1595.0,30.0,36.0
798,2.37,88.7,0.0,896.0,3.53,3.04,3.87,4.66,3.0,12.3,1597.0,30.0,38.0
799,3.39,77.1,0.0,927.0,3.17,4.97,4.15,3.21,8.6,3.2,1599.0,30.0,40.0
800,3.42,95.5,0.0,1024.0,4.82,3.96,4.67,3.65,17.9,8.8,1601.0,30.0,42.0
801,2.34,93.0,0.0,989.0,4.49,3.64,3.21,4.36,14.6,10.1,1603.0,30.0,44.0
802,2.53,75.1,0.0,992.0,4.79,4.87,4.43,3.66,3.1,6.5,1605.0,30.0,46.0
803,2.54,71.8,0.0,1005.0,3.48,3.04,3.04,3.42,3.8,15.2,1607.0,30.0,48.0
804,2.77,78.4,0.0,822.0,4.72,4.08,4.25,3.54,16.3,8.2,1609.0,30.0,50.0
805,2.2,81.8,0.0,1056.0,4.57,4.72,3.48,4.53,10.6,16.6,1611.0,31.0,0.0
806,3.1,92.4,0.0,931.0,4.72,4.8,3.57,4.34,7.0,7.2,1613.0,31.0,2.0
807,2.71,82.6,0.0,1056.0,4.0,4.62,3.43,3.84,14.5,4.8,1615.0,31.0,4.0
808,3.34,82.1,0.0,998.0,4.9,4.81,4.71,3.94,15.6,13.4,1617.0,31.0,6.0
809,2.31,89.0,0.0,994.0,3.4,4.17,4.2,3.79,4.6,13.7,1619.0,31.0,8.0
810,3.43,80.9,0.0,1004.0,3.61,4.2,3.07,3.62,17.4,5.3,1621.0,31.0,10.0
811,2.78,97.3,0.0,926.0,3.24,3.55,3.74,3.25,3.1,17.5,1623.0,31.0,12.0
812,3.01,90.4,0.0,1089.0,4.42,3.42,4.82,4.07,5.4,9.8,1625.0,31.0,14.0
813,2.21,74.6,0.0,937.0,3.7,3.8,3.36,3.76,14.2,17.3,1627.0,31.0,16.0
814,2.26,75.1,0.0,1094.0,4.43,4.99,4.01,4.85,8.0,8.6,1629.0,31.0,18.0
815,2.66,92.8,0.0,967.0,3.56,3.49,4.38,3.05,14.0,12.4,1631.0,31.0,20.0
816,2.38,81.4,0.0,1057.0,4.41,4.11,4.41,4.09,15.0,9.4,1633.0,31.0,22.0
817,3.01,89.8,0.0,805.0,3.26,4.35,3.93,3.55,4.3,16.5,1635.0,31.0,24.0
818,3.08,77.8,0.0,1045.0,3.55,4.01,4.15,3.21,15.6,12.0,1637.0,31.0,26.0
819,3.47,78.8,0.0,1001.0,3.34,3.33,4.26,3.42,3.9,12.9,1639.0,31.0,28.0
820,2.75,92.9,0.0,875.0,3.82,4.61,4.84,4.12,13.0,6.8,1641.0,31.0,30.0
821,2.71,83.4,0.0,1021.0,4.6,4.1,3.78,3.3,16.1,17.3,1643.0,31.0,32.0
822,3.42,73.9,0.0,803.0,4.26,4.34,3.4,3.45,7.0,10.8,1645.0,31.0,34.0
823,2.75,93.2,0.0,932.0,4.88,3.11,4.94,4.99,5.5,3.1,1647.0,31.0,36.0
824,3.26,88.7,0.0,955.0,4.75,3.21,4.42,4.35,13.5,4.1,1649.0,31.0,38.0
825,2.71,76.2,0.0,848.0,3.61,3.64,3.02,4.53,9.3,13.2,1651.0,31.0,40.0
826,3.49,88.9,0.0,844.0,4.65,4.99,3.63,4.52,13.6,12.0,1653.0,31.0,42.0
827,3.13,96.6,0.0,971.0,3.33,3.16,4.03,4.52,12.9,13.6,1655.0,31.0,44.0
828,3.47,96.6,0.0,1051.0,3.72,4.03,3.31,3.29,10.9,17.2,1657.0,31.0,46.0
829,2.79,96.2,0.0,965.0,4.49,4.05,4.66,4.83,3.8,17.8,1659.0,31.0,48.0
830,2.03,76.5,0.0,830.0,3.94,3.63,3.41,3.41,7.9,17.6,1661.0,31.0,50.0
831,2.92,97.1,0.0,900.0,3.39,3.29,4.13,3.27,10.8,12.0,1663.0,32.0,0.0
832,2.28,92.3,0.0,1000.0,3.42,4.8,4.11,3.19,15.8,16.8,1665.0,32.0,2.0
833,2.99,97.1,0.0,898.0,3.45,4.33,4.34,4.97,17.3,5.4,1667.0,32.0,4.0
834,2.83,91.7,0.0,992.0,4.31,4.16,4.33,3.74,9.5,3.8,1669.0,32.0,6.0
835,3.43,99.7,0.0,964.0,4.26,3.03,3.18,4.41,7.4,15.1,1671.0,32.0,8.0
836,2.38,87.6,0.0,843.0,3.23,3.38,4.08,3.71,4.5,16.5,1673.0,32.0,10.0
837,2.85,71.5,0.0,832.0,3.82,3.95,4.03,3.35,5.9,9.2,1675.0,32.0,12.0
838,2.65,71.9,0.0,903.0,4.21,4.94,3.0,4.13,17.8,3.9,1677.0,32.0,14.0
839,2.38,80.3,0.0,934.0,4.42,4.13,3.71,3.58,7.0,5.7,1679.0,32.0,16.0
840,2.45,73.7,0.0,1085.0,4.63,4.57,4.69,3.97,16.7,13.1,1681.0,32.0,18.0
841,2.33,98.5,0.0,1064.0,3.01,4.4,3.49,3.89,13.2,13.8,1683.0,32.0,20.0
842,2.26,80.0,0.0,974.0,3.77,4.64,3.09,3.91,9.4,9.0,1685.0,32.0,22.0
843,2.79,82.6,0.0,884.0,4.81,4.46,4.19,3.91,7.3,17.4,1687.0,32.0,24.0
844,3.08,88.5,0.0,862.0,4.84,3.52,3.82,3.1,8.4,10.5,1689.0,32.0,26.0
845,2.53,73.6,0.0,1048.0,3.66,3.61,3.88,3.72,7.8,17.0,1691.0,32.0,28.0
846,2.29,96.9,0.0,814.0,4.97,3.12,4.32,4.87,12.4,7.3,1693.0,32.0,30.0
847,3.28,92.3,0.0,1034.0,3.23,3.23,3.69,3.44,11.2,15.3,1695.0,32.0,32.0
848,2.11,74.6,0.0,1007.0,3.92,3.47,4.69,4.64,4.5,3.3,1697.0,32.0,34.0
849,2.17,89.5,0.0,1092.0,4.94,3.95,4.31,4.44,14.3,7.2,1699.0,32.0,36.0
850,3.26,73.0,0.0,812.0,4.57,3.85,4.87,3.5,17.6,4.3,1701.0,32.0,38.0
851,2.54,87.6,0.0,989.0,4.3,3.61,3.86,3.15,13.2,7.3,1703.0,32.0,40.0
852,2.25,95.9,0.0,879.0,4.52,4.1,4.65,4.09,16.5,15.5,1705.0,32.0,42.0
853,3.38,80.0,0.0,1082.0,4.34,3.29,3.91,3.54,14.3,8.3,1707.0,32.0,44.0
854,2.92,89.1,0.0,942.0,3.65,4.21,4.52,3.62,13.2,16.1,1709.0,32.0,46.0
855,2.67,71.1,0.0,1097.0,3.71,3.35,3.31,4.51,14.1,6.8,1711.0,32.0,48.0
856,2.11,72.8,0.0,1075.0,3.52,4.33,3.99,4.24,13.3,6.0,1713.0,32.0,50.0
857,2.81,74.7,0.0,955.0,4.94,4.16,3.57,4.58,11.3,8.5,1715.0,33.0,0.0
858,2.3,92.7,0.0,1026.0,4.33,4.9,3.27,3.37,6.0,8.3,1717.0,33.0,2.0
859,2.21,75.4,0.0,813.0,3.3,4.8,3.83,3.08,4.2,8.7,1719.0,33.0,4.0
860,3.2,70.8,0.0,938.0,3.85,4.93,4.26,4.3,6.8,5.4,1721.0,33.0,6.0
861,2.48,79.1,0.0,907.0,3.94,3.51,3.78,3.96,14.8,7.2,1723.0,33.0,8.0
862,3.2,99.4,0.0,812.0,3.75,4.72,3.61,3.47,6.2,16.8,1725.0,33.0,10.0
863,2.73,76.6,0.0,1072.0,3.47,3.46,4.14,4.57,5.7,12.9,1727.0,33.0,12.0
864,3.27,72.6,0.0,817.0,4.96,3.24,4.11,3.9,3.6,15.4,1729.0,33.0,14.0
865,2.18,86.5,0.0,912.0,4.16,4.07,4.45,4.56,7.0,17.4,1731.0,33.0,16.0
866,3.48,81.3,0.0,996.0,3.53,3.03,3.84,4.54,16.6,3.5,1733.0,33.0,18.0
867,2.58,81.4,0.0,937.0,4.69,3.98,4.12,3.6,3.0,11.5,1735.0,33.0,20.0
868,2.72,90.4,0.0,849.0,4.94,4.47,3.84,3.77,8.6,15.1,1737.0,33.0,22.0
869,2.61,77.8,0.0,1044.0,4.51,4.86,3.26,4.08,11.5,10.9,1739.0,33.0,24.0
870,3.04,86.1,0.0,1097.0,4.7,3.51,3.15,3.63,16.3,14.0,1741.0,33.0,26.0
871,3.1,73.7,0.0,876.0,4.79,4.05,4.06,3.77,11.8,9.8,1743.0,33.0,28.0
872,2.9,72.1,0.0,1066.0,3.78,4.27,4.4,3.29,12.4,14.6,1745.0,33.0,30.0
873,2.11,79.9,0.0,981.0,3.01,3.42,3.43,3.22,6.5,17.7,1747.0,33.0,32.0
874,2.16,79.2,0.0,960.0,4.97,3.2,4.98,3.31,12.8,3.3,1749.0,33.0,34.0
875,2.58,82.4,0.0,982.0,3.21,4.39,3.3,3.02,11.5,13.3,1751.0,33.0,36.0
876,2.37,86.0,0.0,878.0,4.6,4.63,4.73,3.5,9.0,12.2,1753.0,33.0,38.0
877,2.19,92.6,0.0,808.0,3.24,4.56,3.01,4.66,9.1,5.9,1755.0,33.0,40.0
878,2.16,71.9,0.0,1067.0,3.96,4.83,3.1,3.92,9.2,3.2,1757.0,33.0,42.0
879,3.34,97.9,0.0,911.0,3.64,3.16,3.04,4.94,16.1,4.3,1759.0,33.0,44.0
880,2.51,90.1,0.0,997.0,4.71,3.47,3.41,4.66,8.5,3.7,1761.0,33.0,46.0
881,2.07,92.0,0.0,964.0,3.13,3.25,4.91,3.29,10.5,8.0,1763.0,33.0,48.0
882,3.4,96.7,0.0,1007.0,3.07,3.85,3.41,4.31,15.6,3.0,1765.0,33.0,50.0
883,2.58,96.5,0.0,928.0,3.75,4.03,4.51,3.97,16.4,17.0,1767.0,34.0,0.0
884,3.33,89.5,0.0,951.0,3.11,4.15,3.0,4.35,5.4,16.4,1769.0,34.0,2.0
885,2.22,93.3,0.0,1050.0,3.34,4.4,3.86,3.25,5.7,10.9,1771.0,34.0,4.0
886,3.41,98.4,0.0,1044.0,3.95,4.92,4.71,3.5,9.5,14.6,1773.0,34.0,6.0
887,3.2,79.0,0.0,1091.0,4.69,4.28,3.3,4.44,6.3,10.2,1775.0,34.0,8.0
888,3.45,91.8,0.0,952.0,4.59,3.38,4.48,4.06,9.3,15.0,1777.0,34.0,10.0
889,2.96,73.0,0.0,1063.0,4.64,4.47,3.29,4.32,15.8,15.9,1779.0,34.0,12.0
890,2.83,87.5,0.0,1002.0,4.68,4.59,4.85,4.61,9.6,17.3,1781.0,34.0,14.0
891,2.9,80.5,0.0,1009.0,4.22,3.3,4.78,4.17,13.5,5.0,1783.0,34.0,16.0
892,3.47,83.9,0.0,848.0,4.16,4.97,4.23,4.15,17.9,4.5,1785.0,34.0,18.0
893,2.09,89.3,0.0,917.0,4.91,3.92,4.09,4.38,5.0,9.8,1787.0,34.0,20.0
894,2.77,76.2,0.0,980.0,4.25,3.72,4.98,3.38,14.4,3.5,1789.0,34.0,22.0
895,3.47,76.1,0.0,930.0,3.33,3.74,3.46,3.97,3.9,15.9,1791.0,34.0,24.0
896,2.65,81.0,0.0,969.0,4.33,3.94,3.32,4.46,4.7,14.0,1793.0,34.0,26.0
897,2.52,97.9,0.0,827.0,3.66,3.51,4.06,3.32,4.7,14.9,1795.0,34.0,28.0
898,2.86,70.9,0.0,1050.0,3.86,3.21,3.25,4.87,9.8,4.2,1797.0,34.0,30.0
899,2.24,93.9,0.0,1094.0,4.64,4.38,3.85,4.77,11.5,7.9,1799.0,34.0,32.0
900,2.15,93.8,0.0,828.0,3.61,4.95,4.26,3.11,6.9,3.7,1801.0,34.0,34.0
901,3.24,80.9,0.0,862.0,3.21,4.04,3.39,3.88,4.2,4.1,1803.0,34.0,36.0
902,2.14,89.6,0.0,957.0,3.04,4.65,3.42,4.3,14.4,15.8,1805.0,34.0,38.0
903,2.85,99.0,0.0,827.0,3.27,4.6,3.39,3.6,11.8,8.0,1807.0,34.0,40.0
904,2.0,84.7,0.0,946.0,3.76,3.08,3.64,4.16,15.2,15.8,1809.0,34.0,42.0
905,2.38,79.1,0.0,941.0,4.43,3.77,3.47,3.15,12.7,9.9,1811.0,34.0,44.0
906,2.18,74.6,0.0,840.0,4.82,3.56,4.18,3.53,5.6,9.3,1813.0,34.0,46.0
907,3.03,84.7,0.0,1091.0,4.55,4.86,4.39,4.71,16.9,17.0,1815.0,34.0,48.0
908,3.35,70.7,0.0,802.0,4.44,4.01,3.08,3.48,8.7,15.0,1817.0,34.0,50.0
909,2.16,84.3,0.0,898.0,4.38,4.51,3.54,3.06,16.8,5.1,1819.0,35.0,0.0
910,2.75,97.7,0.0,943.0,4.92,4.85,3.63,3.69,13.8,11.6,1821.0,35.0,2.0
911,2.03,71.5,0.0,976.0,4.86,4.94,3.47,3.35,9.9,13.3,1823.0,35.0,4.0
912,2.68,72.5,0.0,1097.0,3.01,4.83,3.53,4.86,4.0,10.3,1825.0,35.0,6.0
913,2.32,79.7,0.0,941.0,3.65,4.04,3.47,3.47,11.0,9.8,1827.0,35.0,8.0
914,2.17,71.8,0.0,1077.0,4.67,3.57,4.27,3.83,15.6,12.7,1829.0,35.0,10.0
915,2.84,81.2,0.0,1084.0,3.75,3.81,4.75,4.43,12.4,10.2,1831.0,35.0,12.0
916,2.05,89.2,0.0,814.0,3.43,3.17,3.55,3.11,8.7,12.2,1833.0,35.0,14.0
917,2.31,95.5,0.0,804.0,4.64,3.26,4.58,3.38,11.3,4.4,1835.0,35.0,16.0
918,2.53,84.4,0.0,1009.0,4.27,3.15,4.77,3.77,6.8,4.0,1837.0,35.0,18.0
919,3.09,70.2,0.0,819.0,4.17,3.57,3.94,4.76,4.9,10.3,1839.0,35.0,20.0
920,2.94,74.3,0.0,984.0,3.7,4.8,4.29,3.9,16.1,9.2,1841.0,35.0,22.0
921,2.69,77.2,0.0,987.0,4.03,4.64,4.91,4.1,6.1,15.2,1843.0,35.0,24.0
922,2.91,81.0,0.0,815.0,4.77,3.86,4.04,3.8,14.3,16.1,1845.0,35.0,26.0
923,3.47,82.5,0.0,833.0,4.03,4.66,4.69,4.27,17.4,11.5,1847.0,35.0,28.0
924,2.26,88.5,0.0,826.0,3.71,3.68,4.84,3.98,12.2,13.7,1849.0,35.0,30.0
925,2.95,77.5,0.0,1084.0,4.74,4.11,3.7,3.25,3.3,14.9,1851.0,35.0,32.0
926,2.56,90.0,0.0,988.0,3.06,3.05,3.83,3.91,12.9,14.3,1853.0,35.0,34.0
927,2.44,70.1,0.0,1025.0,4.09,4.18,3.13,3.54,5.2,16.0,1855.0,35.0,36.0
928,2.61,78.1,0.0,957.0,4.3,3.02,3.68,4.75,5.4,5.8,1857.0,35.0,38.0
929,2.25,99.1,0.0,1050.0,4.04,3.26,3.36,4.78,8.5,8.2,1859.0,35.0,40.0
930,3.1,85.5,0.0,820.0,3.77,4.93,3.88,4.79,3.3,9.0,1861.0,35.0,42.0
931,3.17,88.0,0.0,878.0,4.18,4.28,4.68,3.72,12.2,13.1,1863.0,35.0,44.0
932,2.22,84.1,0.0,989.0,3.08,3.19,3.09,3.82,14.7,7.2,1865.0,35.0,46.0
933,2.07,73.8,0.0,1046.0,4.25,3.23,3.35,4.42,11.7,7.7,1867.0,35.0,48.0
934,2.2,94.5,0.0,1093.0,4.22,3.64,3.9,3.48,9.2,12.0,1869.0,35.0,50.0
935,3.48,79.0,0.0,920.0,3.65,4.53,3.97,4.01,3.0,10.8,1871.0,36.0,0.0
936,3.26,90.4,0.0,848.0,3.45,4.91,4.37,4.4,15.3,15.2,1873.0,36.0,2.0
937,2.76,91.1,0.0,975.0,4.32,3.2,3.97,3.7,13.9,13.0,1876.0,36.0,5.0
938,2.74,72.2,0.0,850.0,4.71,4.8,4.46,3.43,10.0,6.2,1878.0,36.0,7.0
939,2.25,91.9,0.0,1086.0,4.39,3.41,4.39,3.12,4.5,9.7,1880.0,36.0,9.0
940,2.89,93.1,0.0,944.0,3.21,3.62,3.81,3.57,13.0,8.0,1882.0,36.0,11.0
941,3.09,88.4,0.0,875.0,3.11,4.78,3.76,4.78,3.2,15.9,1884.0,36.0,13.0
942,2.73,86.9,0.0,1091.0,4.73,4.92,4.34,3.16,11.7,16.2,1886.0,36.0,15.0
943,2.67,77.8,0.0,833.0,4.11,4.87,3.14,3.59,14.7,12.3,1889.0,36.0,18.0
944,3.07,79.7,0.0,802.0,4.72,4.85,3.95,3.34,3.4,14.9,1891.0,36.0,20.0
945,3.47,94.1,0.0,894.0,4.96,4.25,3.5,3.5,13.7,11.7,1893.0,36.0,22.0
946,2.24,97.2,0.0,804.0,4.39,3.07,4.79,3.09,13.0,12.6,1895.0,36.0,24.0
947,2.9,70.7,0.0,1039.0,4.98,4.22,3.7,4.76,9.5,17.7,1897.0,36.0,26.0
948,3.37,93.4,0.0,972.0,4.86,3.7,4.6,3.14,5.0,13.9,1899.0,36.0,28.0
949,3.15,84.4,0.0,854.0,4.16,3.99,4.24,3.37,5.9,6.1,1901.0,36.0,30.0
950,3.44,96.4,0.0,1052.0,3.08,4.45,4.08,4.65,3.0,13.4,1903.0,36.0,32.0
951,2.33,92.4,0.0,903.0,4.99,4.09,4.45,4.74,9.6,10.6,1905.0,36.0,34.0
952,2.17,77.4,0.0,937.0,4.2,3.19,3.46,3.62,12.1,8.7,1907.0,36.0,36.0
953,2.61,82.5,0.0,996.0,3.56,3.0,4.16,4.83,5.3,3.2,1910.0,36.0,39.0
954,2.07,86.2,0.0,833.0,3.69,4.75,4.61,4.99,7.8,4.6,1912.0,36.0,41.0
955,3.44,91.0,0.0,1029.0,3.82,4.5,3.1,3.96,4.6,11.2,1914.0,36.0,43.0
956,3.41,83.3,0.0,851.0,4.95,3.8,3.7,3.21,16.6,17.8,1916.0,36.0,45.0
957,2.19,72.9,0.0,976.0,4.64,3.21,4.21,3.02,15.9,7.2,1918.0,36.0,47.0
958,2.14,91.0,0.0,951.0,4.89,4.19,3.17,3.3,12.3,5.0,1920.0,36.0,49.0
959,3.49,71.6,0.0,1012.0,3.27,3.63,4.77,4.16,17.8,3.9,1922.0,36.0,51.0
960,2.13,84.5,0.0,923.0,3.61,4.75,3.47,3.4,12.3,7.4,1924.0,37.0,1.0
961,3.12,74.6,0.0,881.0,3.16,3.61,4.53,4.22,5.9,17.1,1926.0,37.0,3.0
962,2.98,81.9,0.0,1023.0,3.61,4.49,4.68,4.61,17.3,6.0,1929.0,37.0,6.0
963,2.67,95.1,0.0,1084.0,3.3,4.11,4.14,4.11,10.7,12.6,1931.0,37.0,8.0
964,2.17,74.0,0.0,931.0,4.9,4.13,4.47,4.94,11.4,9.3,1933.0,37.0,10.0
965,3.18,91.7,0.0,800.0,4.18,4.84,4.71,4.39,11.6,5.9,1935.0,37.0,12.0
966,3.27,73.4,0.0,1087.0,3.87,4.17,3.34,3.71,13.6,17.9,1937.0,37.0,14.0
967,2.29,85.9,0.0,957.0,4.52,3.69,3.37,4.25,4.9,12.4,1939.0,37.0,16.0
968,2.93,88.0,0.0,809.0,3.35,4.87,3.97,4.24,7.8,6.9,1941.0,37.0,18.0
969,3.47,79.8,0.0,1073.0,3.21,3.25,3.63,3.59,10.1,12.8,1943.0,37.0,20.0
970,2.83,79.1,0.0,1017.0,3.05,4.58,4.83,3.0,13.1,8.0,1945.0,37.0,22.0
971,3.16,77.0,0.0,914.0,4.07,4.55,3.06,3.97,6.9,17.6,1947.0,37.0,24.0
972,2.78,85.9,0.0,879.0,4.91,3.86,3.49,4.9,14.1,5.3,1949.0,37.0,26.0
973,3.06,70.8,0.0,927.0,4.8,4.97,4.31,3.07,3.7,6.2,1952.0,37.0,29.0
974,3.02,94.7,0.0,1040.0,3.16,4.29,3.22,3.69,9.5,12.9,1954.0,37.0,31.0
975,2.61,83.2,0.0,822.0,4.24,4.88,3.13,3.33,10.6,8.2,1956.0,37.0,33.0
976,3.0,90.2,0.0,860.0,3.94,3.95,3.93,4.77,16.3,11.8,1958.0,37.0,35.0
977,3.38,83.5,0.0,1024.0,3.09,4.33,3.22,4.52,7.6,7.1,1960.0,37.0,37.0
978,3.15,77.0,0.0,1085.0,3.45,4.1,4.97,3.4,5.3,13.8,1962.0,37.0,39.0
979,2.7,75.2,0.0,902.0,3.21,3.04,4.41,4.05,8.0,9.5,1964.0,37.0,41.0
980,3.22,84.5,0.0,1056.0,3.94,4.37,4.0,3.28,5.3,10.3,1966.0,37.0,43.0
981,2.73,84.9,0.0,993.0,4.14,3.65,3.47,4.41,17.6,10.9,1969.0,37.0,46.0
982,2.97,94.0,0.0,940.0,4.02,4.32,3.23,3.53,4.9,17.8,1971.0,37.0,48.0
983,2.42,95.3,0.0,981.0,3.87,4.54,4.55,3.66,3.7,5.5,1973.0,37.0,50.0
984,2.71,93.0,0.0,919.0,4.56,3.65,4.79,3.24,12.0,5.0,1975.0,38.0,0.0
985,2.55,78.9,0.0,835.0,4.47,4.99,3.82,4.04,9.5,10.9,1977.0,38.0,2.0
986,2.85,96.3,0.0,1071.0,3.88,3.77,3.98,3.62,4.1,14.9,1979.0,38.0,4.0
987,2.23,78.9,0.0,943.0,3.12,4.95,4.58,4.42,12.1,11.4,1981.0,38.0,6.0
988,2.74,74.7,0.0,815.0,3.77,3.82,3.15,3.32,14.5,15.7,1983.0,38.0,8.0
989,3.22,83.7,0.0,832.0,3.51,3.01,3.95,4.91,13.8,15.1,1985.0,38.0,10.0
990,2.44,94.9,0.0,852.0,3.83,4.18,4.71,3.76,13.6,9.9,1987.0,38.0,12.0
991,2.4,71.6,0.0,1037.0,3.84,4.49,4.05,3.02,13.8,6.7,1990.0,38.0,15.0
992,2.64,84.5,0.0,931.0,3.43,3.61,4.61,4.34,12.8,13.4,1992.0,38.0,17.0
993,2.71,88.6,0.0,1098.0,3.13,3.62,4.78,3.06,12.0,12.2,1994.0,38.0,19.0
994,2.54,72.4,0.0,891.0,3.58,3.16,3.66,4.21,10.9,16.9,1996.0,38.0,21.0
995,3.42,76.2,0.0,1010.0,4.51,4.79,3.85,4.7,7.8,11.1,1998.0,38.0,23.0
996,2.22,91.8,0.0,928.0,4.17,3.86,3.23,4.4,6.8,13.0,2000.0,38.0,25.0
997,2.74,78.4,0.0,1081.0,3.35,3.45,3.31,3.53,11.1,15.5,2003.0,38.0,28.0
998,2.09,96.6,0.0,1079.0,4.82,4.61,3.58,3.89,15.7,4.4,2005.0,38.0,30.0
999,2.89,95.8,0.0,847.0,4.47,3.71,3.25,3.83,8.8,10.7,2007.0,38.0,32.0
1000,2.16,73.0,0.0,862.0,4.63,4.69,4.37,4.01,14.4,6.0,2009.0,38.0,34.0
1001,2.55,87.4,0.0,1091.0,4.8,3.16,4.51,4.94,11.1,13.8,2011.0,38.0,36.0
1002,3.23,84.3,0.0,882.0,4.6,3.35,4.36,4.99,12.7,3.5,2013.0,38.0,38.0
1003,2.34,71.5,0.0,1095.0,4.58,3.28,3.89,4.35,16.0,9.7,2015.0,38.0,40.0
1004,2.08,76.6,0.0,1037.0,3.58,3.91,4.61,4.34,17.7,14.0,2017.0,38.0,42.0
1005,2.24,87.0,0.0,986.0,4.22,3.94,3.47,4.22,13.8,11.9,2019.0,38.0,44.0
1006,3.32,85.4,0.0,804.0,4.81,4.73,3.79,3.29,9.9,16.6,2022.0,38.0,47.0
1007,2.65,93.4,0.0,1075.0,4.52,3.03,3.86,4.21,7.3,13.0,2024.0,38.0,49.0
1008,2.98,94.4,0.0,825.0,4.11,3.18,3.92,3.01,4.6,9.4,2026.0,38.0,51.0
1009,2.51,74.6,0.0,885.0,3.44,3.79,4.59,4.54,14.9,8.8,2028.0,39.0,1.0
1010,2.84,75.7,0.0,907.0,3.29,4.29,3.33,4.69,11.2,13.3,2030.0,39.0,3.0
1011,3.34,91.6,0.0,1070.0,3.2,3.23,3.84,3.87,9.6,7.8,2032.0,39.0,5.0
1012,2.99,74.9,0.0,854.0,4.67,3.41,3.94,3.14,10.5,16.7,2034.0,39.0,7.0
1013,2.44,71.7,0.0,1062.0,3.31,3.29,4.87,3.52,14.1,13.2,2036.0,39.0,9.0
1014,2.21,82.2,0.0,858.0,4.73,4.49,3.06,4.83,10.1,14.6,2038.0,39.0,11.0
1015,2.42,98.5,0.0,1030.0,3.5,4.7,3.9,4.66,5.6,15.5,2040.0,39.0,13.0
1016,2.47,83.9,0.0,991.0,3.7,3.52,3.25,3.24,10.0,3.4,2042.0,39.0,15.0
1017,2.68,78.1,0.0,1072.0,4.27,3.14,3.64,4.62,15.4,4.4,2044.0,39.0,17.0
1018,3.38,97.3,0.0,977.0,4.41,4.78,4.59,3.9,16.8,8.2,2046.0,39.0,19.0
1019,2.65,74.8,0.0,1047.0,3.9,3.8,3.4,4.85,10.2,12.1,2048.0,39.0,21.0
1020,2.38,93.8,0.0,822.0,3.62,3.92,4.68,4.35,17.1,14.3,2050.0,39.0,23.0
1021,2.37,93.5,0.0,808.0,3.8,4.99,3.87,4.08,10.6,6.4,2052.0,39.0,25.0
1022,3.42,88.7,0.0,1024.0,3.94,3.36,3.95,3.85,3.5,12.7,2054.0,39.0,27.0
1023,2.26,75.1,0.0,1005.0,4.92,3.72,3.34,3.61,16.0,6.3,2056.0,39.0,29.0
1024,2.27,97.3,0.0,1086.0,3.06,3.66,3.08,3.77,8.9,7.2,2058.0,39.0,31.0
1025,3.01,84.6,0.0,1010.0,3.15,3.34,3.62,3.54,12.3,5.6,2060.0,39.0,33.0
1026,3.3,83.7,0.0,1066.0,4.52,3.8,4.9,4.32,3.9,4.8,2062.0,39.0,35.0
1027,2.41,70.2,0.0,889.0,4.86,4.47,4.01,4.63,5.9,12.4,2064.0,39.0,37.0
1028,2.43,98.4,0.0,1093.0,3.12,4.29,3.51,4.73,3.9,9.5,2066.0,39.0,39.0
1029,2.94,90.3,0.0,811.0,3.24,3.29,3.45,3.42,7.8,12.1,2068.0,39.0,41.0
1030,2.39,76.9,0.0,899.0,4.33,4.13,3.22,4.55,13.9,16.7,2070.0,39.0,43.0
1031,3.08,97.4,0.0,943.0,3.34,4.84,4.72,4.95,5.1,12.9,2072.0,39.0,45.0
1032,3.36,91.1,0.0,870.0,3.77,4.09,3.69,3.98,15.8,10.0,2074.0,39.0,47.0
1033,3.42,91.3,0.0,862.0,3.4,3.7,3.16,4.69,9.1,7.3,2076.0,39.0,49.0
1034,3.43,94.2,0.0,1011.0,4.19,3.92,4.56,4.05,12.8,7.0,2078.0,39.0,51.0
1035,2.2,80.9,0.0,800.0,3.93,4.87,4.91,3.99,3.5,6.1,2080.0,40.0,1.0
1036,2.78,81.1,0.0,1076.0,4.64,4.46,4.06,3.66,8.1,7.6,2082.0,40.0,3.0
1037,2.65,86.3,0.0,913.0,3.14,4.95,4.63,4.95,13.1,17.8,2084.0,40.0,5.0
1038,2.06,98.2,0.0,1042.0,3.3,3.15,4.88,4.84,16.2,3.4,2086.0,40.0,7.0
1039,3.04,78.0,0.0,812.0,3.29,3.82,4.21,4.35,16.5,16.4,2088.0,40.0,9.0
1040,2.12,90.2,0.0,886.0,3.88,3.86,3.15,4.22,7.8,8.9,2090.0,40.0,11.0
1041,3.26,89.9,0.0,916.0,4.77,3.86,4.57,4.32,9.8,14.5,2092.0,40.0,13.0
1042,2.25,85.9,0.0,941.0,3.5,3.68,3.97,3.76,4.4,5.8,2094.0,40.0,15.0
1043,2.43,99.6,0.0,805.0,4.97,3.3,4.94,3.07,3.9,13.8,2096.0,40.0,17.0
1044,3.07,75.9,0.0,1022.0,4.14,4.84,3.11,3.8,5.5,6.0,2098.0,40.0,19.0
1045,2.04,87.7,0.0,1008.0,4.93,3.08,3.43,4.57,9.5,8.5,2100.0,40.0,21.0
1046,2.9,81.5,0.0,927.0,3.05,3.31,4.27,3.62,4.1,6.9,2102.0,40.0,23.0
1047,2.4,79.7,0.0,904.0,4.68,3.07,4.97,4.19,9.5,9.2,2104.0,40.0,25.0
1048,2.93,98.6,0.0,947.0,3.34,4.9,3.38,3.06,15.9,5.4,2106.0,40.0,27.0
1049,2.11,70.8,0.0,1059.0,3.36,3.7,3.54,3.02,6.4,3.3,2108.0,40.0,29.0
1050,3.22,91.7,0.0,999.0,4.47,3.2,4.51,4.73,16.0,12.1,2110.0,40.0,31.0
1051,2.02,81.3,0.0,988.0,4.5,3.57,3.79,3.72,14.6,16.1,2112.0,40.0,33.0
1052,2.81,94.3,0.0,824.0,3.67,4.37,3.55,3.45,17.1,17.4,2114.0,40.0,35.0
1053,3.44,72.8,0.0,1084.0,4.63,3.58,4.23,4.24,16.7,9.0,2116.0,40.0,37.0
1054,2.75,74.2,0.0,909.0,4.54,4.97,3.46,3.91,8.8,7.6,2118.0,40.0,39.0
1055,2.16,93.5,0.0,970.0,4.09,3.4,4.84,4.71,4.6,7.5,2120.0,40.0,41.0
1056,2.24,77.8,0.0,1032.0,4.21,4.36,4.43,4.79,12.5,8.5,2122.0,40.0,43.0
1057,2.53,84.7,0.0,1081.0,3.13,4.14,4.66,3.75,17.9,15.8,2124.0,40.0,45.0
1058,2.65,94.7,0.0,1023.0,3.63,4.73,4.0,3.37,8.8,11.7,2126.0,40.0,47.0
1059,2.95,83.9,0.0,940.0,4.7,3.65,4.53,3.86,8.3,10.3,2128.0,40.0,49.0
1060,2.77,77.5,0.0,978.0,3.91,3.41,4.34,4.85,16.6,12.3,2130.0,40.0,51.0
1061,3.27,98.1,0.0,1045.0,3.05,3.44,4.58,3.7,13.4,16.2,2132.0,41.0,1.0
1062,2.35,93.6,0.0,1033.0,3.79,4.48,3.46,3.33,4.4,13.7,2134.0,41.0,3.0
1063,2.11,82.1,0.0,1043.0,4.15,3.93,3.11,4.78,12.9,3.0,2136.0,41.0,5.0
1064,2.1,91.2,0.0,891.0,4.49,3.28,4.2,4.48,5.4,4.1,2138.0,41.0,7.0
1065,2.19,70.5,0.0,1002.0,3.75,3.63,3.76,4.6,4.3,16.5,2140.0,41.0,9.0
1066,3.26,89.4,0.0,959.0,3.88,3.59,3.98,4.2,5.5,9.4,2142.0,41.0,11.0
1067,2.02,70.1,0.0,890.0,3.44,4.6,4.39,3.88,3.9,3.5,2144.0,41.0,13.0
1068,3.21,88.9,0.0,861.0,3.54,3.12,3.23,4.53,10.9,11.8,2146.0,41.0,15.0
1069,3.03,99.8,0.0,1054.0,4.89,3.93,3.1,4.42,15.3,11.5,2148.0,41.0,17.0
1070,2.56,89.3,0.0,1055.0,3.46,3.08,3.67,3.58,17.8,13.3,2150.0,41.0,19.0
1071,2.09,85.3,0.0,1023.0,3.26,4.88,3.32,4.06,6.3,11.7,2152.0,41.0,21.0
1072,2.65,81.4,0.0,1042.0,3.93,4.44,3.92,4.98,6.6,10.8,2154.0,41.0,23.0
1073,2.97,81.8,0.0,949.0,4.37,3.46,3.85,3.28,17.4,12.1,2156.0,41.0,25.0
1074,2.7,90.9,0.0,1018.0,3.26,3.58,4.08,4.99,6.9,9.1,2158.0,41.0,27.0
1075,3.16,98.1,0.0,854.0,4.64,4.78,3.11,4.79,7.9,10.2,2160.0,41.0,29.0
1076,2.7,76.5,0.0,1075.0,4.67,4.83,3.04,4.28,3.5,16.3,2162.0,41.0,31.0
1077,3.08,79.9,0.0,1054.0,4.61,4.46,4.38,3.14,10.1,9.6,2164.0,41.0,33.0
1078,3.17,75.5,0.0,889.0,3.56,3.91,3.04,4.35,4.8,3.7,2166.0,41.0,35.0
1079,3.48,75.3,0.0,953.0,4.74,3.85,3.57,4.51,5.7,9.6,2168.0,41.0,37.0
1080,2.68,83.3,0.0,962.0,4.46,4.7,4.47,3.67,8.7,9.8,2170.0,41.0,39.0
1081,2.7,76.2,0.0,1030.0,4.37,4.2,3.06,4.26,9.4,10.8,2172.0,41.0,41.0
1082,2.16,72.5,0.0,1023.0,4.31,3.04,3.09,4.98,7.4,5.5,2174.0,41.0,43.0
1083,2.08,78.9,0.0,888.0,3.41,3.82,4.76,4.68,16.6,6.7,2176.0,41.0,45.0
1084,2.33,79.3,0.0,939.0,4.98,4.65,3.98,3.77,4.4,16.0,2178.0,41.0,47.0
1085,2.23,90.6,0.0,1007.0,4.17,3.0,3.96,4.16,16.2,8.3,2180.0,41.0,49.0
1086,2.99,80.8,0.0,1013.0,4.91,4.07,3.22,4.77,5.5,6.1,2182.0,41.0,51.0
1087,3.37,89.1,0.0,982.0,4.24,3.55,4.98,3.99,7.6,12.9,2184.0,42.0,1.0
1088,3.2,89.7,0.0,895.0,3.58,3.98,3.73,4.01,15.4,14.9,2186.0,42.0,3.0
1089,3.01,80.8,0.0,941.0,3.81,4.37,3.02,3.04,9.9,14.9,2188.0,42.0,5.0
1090,2.29,81.2,0.0,1095.0,4.23,4.74,4.73,3.07,4.9,12.8,2190.0,42.0,7.0
1091,2.04,90.3,0.0,989.0,4.54,3.68,4.51,4.21,6.6,5.8,2192.0,42.0,9.0
1092,2.04,93.1,0.0,1034.0,4.61,4.52,3.96,4.69,3.0,6.7,2194.0,42.0,11.0
1093,2.56,94.3,0.0,853.0,3.99,3.78,4.01,4.78,16.9,9.0,2196.0,42.0,13.0
1094,2.93,80.7,0.0,827.0,3.08,4.69,3.55,3.19,15.4,14.2,2198.0,42.0,15.0
1095,2.49,74.7,0.0,913.0,4.74,3.78,4.58,3.74,9.4,6.7,2200.0,42.0,17.0
1096,2.56,77.5,0.0,1099.0,3.36,3.1,3.38,4.49,10.7,6.3,2202.0,42.0,19.0
1097,2.96,95.8,0.0,839.0,3.85,3.2,4.13,4.35,12.7,6.5,2204.0,42.0,21.0
1098,3.29,95.0,0.0,1092.0,3.95,4.83,4.7,4.35,16.5,10.1,2206.0,42.0,23.0
1099,2.29,84.6,0.0,1009.0,4.41,4.62,3.13,4.48,14.7,8.4,2208.0,42.0,25.0
1100,3.41,78.4,0.0,1027.0,3.16,3.67,3.08,4.09,16.2,7.4,2210.0,42.0,27.0
1101,2.56,98.8,0.0,954.0,4.39,3.08,4.95,4.6,8.1,7.3,2212.0,42.0,29.0
1102,2.95,84.9,0.0,905.0,4.48,4.92,3.32,4.65,5.2,10.9,2214.0,42.0,31.0
1103,2.36,94.4,0.0,1055.0,4.47,3.33,4.53,3.1,11.1,13.5,2216.0,42.0,33.0
1104,3.41,89.6,0.0,933.0,4.62,4.24,4.37,3.56,6.7,8.0,2218.0,42.0,35.0
1105,3.49,84.8,0.0,1098.0,3.63,3.16,4.73,4.73,3.8,17.4,2220.0,42.0,37.0
1106,2.17,91.4,0.0,1002.0,3.27,4.79,4.38,3.6,13.3,3.4,2222.0,42.0,39.0
1107,2.24,96.0,0.0,1097.0,3.61,3.62,3.04,3.41,7.1,10.1,2224.0,42.0,41.0
1108,3.02,96.5,0.0,1074.0,3.08,4.02,3.83,4.04,13.2,8.7,2226.0,42.0,43.0
1109,3.27,98.3,0.0,1025.0,4.27,3.94,3.22,3.88,13.6,14.4,2228.0,42.0,45.0
1110,2.57,82.1,0.0,1051.0,3.34,4.77,4.24,4.07,7.4,13.8,2230.0,42.0,47.0
1111,3.01,97.1,0.0,913.0,4.21,4.55,3.3,3.55,16.4,5.8,2232.0,42.0,49.0
1112,2.44,89.3,0.0,995.0,3.52,3.92,3.26,4.4,15.1,3.0,2234.0,42.0,51.0
1113,2.84,71.7,0.0,1041.0,4.48,3.99,3.8,4.2,5.3,8.6,2236.0,43.0,1.0
1114,2.58,71.8,0.0,845.0,3.93,3.38,4.42,3.16,6.4,3.0,2238.0,43.0,3.0
1115,2.74,78.8,0.0,828.0,3.73,4.71,4.84,3.44,16.7,15.2,2240.0,43.0,5.0
1116,2.78,90.9,0.0,966.0,4.73,4.89,4.16,3.2,11.7,3.1,2242.0,43.0,7.0
1117,3.34,88.7,0.0,806.0,4.66,3.29,4.87,3.5,14.8,17.2,2244.0,43.0,9.0
1118,2.34,89.8,0.0,1043.0,4.23,3.57,3.3,4.38,13.5,12.5,2246.0,43.0,11.0
1119,2.83,87.2,0.0,1093.0,3.38,3.16,3.71,3.09,3.6,15.4,2248.0,43.0,13.0
1120,2.43,75.6,0.0,1062.0,3.16,3.42,4.2,3.15,14.5,8.6,2250.0,43.0,15.0
1121,3.48,84.8,0.0,854.0,4.97,4.88,3.57,4.02,4.3,7.0,2252.0,43.0,17.0
1122,3.12,92.0,0.0,881.0,3.36,4.8,3.51,3.64,5.3,7.6,2254.0,43.0,19.0
1123,2.44,93.7,0.0,805.0,3.67,3.47,4.34,3.82,16.7,17.9,2256.0,43.0,21.0
1124,3.08,93.8,0.0,901.0,3.23,3.36,3.23,4.94,4.1,10.7,2258.0,43.0,23.0
1125,3.19,91.2,0.0,1004.0,3.6,4.7,4.01,3.73,13.9,12.2,2260.0,43.0,25.0
1126,2.42,96.4,0.0,940.0,4.42,3.6,4.64,4.55,14.5,8.6,2262.0,43.0,27.0
1127,2.31,98.1,0.0,879.0,4.57,3.68,4.31,4.98,16.5,12.2,2264.0,43.0,29.0
1128,2.08,90.0,0.0,1017.0,4.84,4.04,4.98,3.98,8.7,4.2,2266.0,43.0,31.0
1129,2.24,73.5,0.0,939.0,4.99,3.22,4.08,4.26,9.1,16.0,2268.0,43.0,33.0
1130,3.46,76.9,0.0,988.0,4.82,3.56,3.07,4.04,4.5,13.5,2270.0,43.0,35.0
1131,2.86,74.2,0.0,930.0,4.74,3.45,4.84,3.74,8.5,14.9,2272.0,43.0,37.0
1132,3.32,86.0,0.0,959.0,3.59,3.75,4.78,4.54,14.4,12.0,2274.0,43.0,39.0
1133,3.34,90.3,0.0,1042.0,3.87,3.32,4.53,4.83,7.4,7.5,2276.0,43.0,41.0
1134,2.58,94.0,0.0,844.0,3.9,4.0,4.44,4.65,6.1,13.8,2278.0,43.0,43.0
1135,2.01,81.2,0.0,978.0,3.76,4.75,3.23,3.42,11.5,10.6,2280.0,43.0,45.0
1136,2.03,95.3,0.0,1020.0,4.93,4.68,4.97,4.1,16.1,6.6,2282.0,43.0,47.0
1137,2.18,87.1,0.0,945.0,3.64,3.02,4.69,3.02,7.0,15.4,2284.0,43.0,49.0
1138,3.39,88.4,0.0,973.0,3.48,3.4,4.73,3.55,14.7,5.7,2286.0,43.0,51.0
1139,3.05,93.4,0.0,1002.0,4.02,4.23,4.16,3.79,4.2,13.2,2288.0,44.0,1.0
1140,2.4,71.0,0.0,894.0,4.97,4.31,3.87,4.06,6.5,6.1,2290.0,44.0,3.0
1141,2.77,87.9,0.0,921.0,3.03,4.39,4.65,4.48,17.3,7.8,2292.0,44.0,5.0
1142,2.43,77.9,0.0,1001.0,4.03,3.26,3.07,3.05,6.0,10.3,2294.0,44.0,7.0
1143,3.45,75.8,0.0,1098.0,4.02,3.18,4.04,3.81,8.0,5.0,2296.0,44.0,9.0
1144,2.57,70.0,0.0,869.0,4.96,4.47,4.76,4.53,6.9,6.8,2298.0,44.0,11.0
1145,2.53,90.9,0.0,1058.0,3.52,3.82,3.67,4.86,4.9,17.2,2300.0,44.0,13.0
1146,2.14,98.7,0.0,975.0,3.88,4.06,4.61,4.44,5.6,6.3,2302.0,44.0,15.0
1147,2.75,72.3,0.0,977.0,4.61,3.05,4.22,3.1,15.3,3.8,2304.0,44.0,17.0
1148,3.45,92.6,0.0,1000.0,4.85,3.91,3.56,4.08,9.3,12.0,2306.0,44.0,19.0
1149,2.36,72.4,0.0,834.0,3.21,3.86,3.29,3.27,14.6,6.2,2308.0,44.0,21.0
1150,2.25,72.2,0.0,1059.0,3.54,3.18,3.11,3.5,6.0,13.0,2310.0,44.0,23.0
1151,2.27,99.3,0.0,829.0,4.22,4.29,3.64,3.61,9.9,17.0,2312.0,44.0,25.0
1152,2.7,70.8,0.0,1046.0,4.74,3.19,4.2,4.58,16.5,14.7,2314.0,44.0,27.0
1153,2.81,70.9,0.0,1019.0,4.21,3.43,3.13,4.54,11.1,8.5,2316.0,44.0,29.0
1154,2.89,72.0,0.0,1065.0,4.69,4.71,3.65,4.05,7.2,15.4,2318.0,44.0,31.0
1155,2.89,80.2,0.0,1042.0,3.98,3.43,3.28,4.88,17.4,16.0,2320.0,44.0,33.0
1156,3.14,76.4,0.0,1056.0,4.43,4.99,3.69,4.39,16.9,17.0,2322.0,44.0,35.0
1157,2.55,94.5,0.0,826.0,3.89,4.52,4.63,4.97,6.0,16.0,2324.0,44.0,37.0
1158,2.28,79.6,0.0,811.0,4.39,4.55,4.89,4.93,14.5,12.5,2326.0,44.0,39.0
1159,2.82,92.0,0.0,800.0,4.57,3.25,4.15,4.24,14.9,10.9,2328.0,44.0,41.0
1160,2.73,93.5,0.0,982.0,4.73,4.18,3.98,3.36,11.8,11.3,2330.0,44.0,43.0
1161,2.24,80.6,0.0,959.0,3.72,4.44,3.38,3.95,12.7,17.9,2332.0,44.0,45.0
1162,2.79,84.9,0.0,904.0,3.3,3.05,3.04,3.59,14.6,7.8,2334.0,44.0,47.0
1163,2.46,99.2,0.0,879.0,4.5,3.62,4.48,3.26,12.6,8.4,2336.0,44.0,49.0
1164,3.14,93.5,0.0,1093.0,4.61,3.69,3.87,4.52,6.4,6.4,2338.0,44.0,51.0
1165,3.03,71.0,0.0,813.0,3.65,3.07,4.85,4.38,10.6,14.3,2340.0,45.0,1.0
1166,3.42,89.1,0.0,942.0,4.1,3.11,4.05,4.9,8.9,6.0,2342.0,45.0,3.0
1167,2.48,99.2,0.0,814.0,4.67,4.32,3.39,3.24,10.5,5.0,2344.0,45.0,5.0
1168,2.81,87.2,0.0,897.0,4.9,4.52,4.43,3.66,16.6,16.7,2346.0,45.0,7.0
1169,2.33,78.7,0.0,953.0,4.21,3.19,3.28,4.13,10.3,9.3,2348.0,45.0,9.0
1170,3.18,89.6,0.0,857.0,4.71,4.22,4.83,3.41,9.3,17.9,2350.0,45.0,11.0
1171,2.43,73.2,0.0,845.0,3.18,3.17,4.63,4.63,11.8,7.2,2352.0,45.0,13.0
1172,2.27,98.5,0.0,1009.0,4.47,4.8,3.74,4.41,9.1,17.3,2354.0,45.0,15.0
1173,2.23,81.6,0.0,1023.0,4.05,4.55,3.58,3.49,14.8,12.8,2356.0,45.0,17.0
1174,3.38,87.8,0.0,806.0,3.94,3.22,3.66,3.39,11.9,8.7,2358.0,45.0,19.0
1175,2.02,86.3,0.0,899.0,4.26,4.85,4.59,4.43,5.2,16.9,2360.0,45.0,21.0
1176,3.2,96.6,0.0,1040.0,3.63,4.17,4.71,3.78,10.5,17.4,2362.0,45.0,23.0
1177,2.43,75.8,0.0,989.0,4.8,4.78,3.42,3.86,9.0,11.4,2364.0,45.0,25.0
1178,2.72,85.6,0.0,1075.0,4.03,4.01,4.31,3.23,17.1,13.0,2366.0,45.0,27.0
1179,3.25,87.5,0.0,1086.0,4.19,4.04,4.89,4.62,10.6,11.1,2368.0,45.0,29.0
1180,3.28,95.4,0.0,819.0,4.13,3.19,3.2,3.86,7.1,6.0,2370.0,45.0,31.0
1181,2.92,97.8,0.0,845.0,3.77,4.16,4.23,3.84,12.2,4.9,2372.0,45.0,33.0
1182,2.9,86.5,0.0,1087.0,4.4,3.21,3.55,3.64,4.6,12.0,2374.0,45.0,35.0
1183,2.41,86.3,0.0,904.0,3.18,4.06,3.08,4.55,5.8,17.6,2376.0,45.0,37.0
1184,3.35,90.1,0.0,934.0,4.46,4.25,4.51,3.85,13.9,12.9,2378.0,45.0,39.0
1185,2.76,79.6,0.0,996.0,4.47,3.81,3.23,4.42,4.7,14.6,2380.0,45.0,41.0
1186,2.63,80.2,0.0,892.0,3.86,4.2,4.15,3.79,7.1,4.9,2382.0,45.0,43.0
1187,3.29,90.3,0.0,1003.0,3.01,4.7,4.71,4.73,6.7,8.5,2384.0,45.0,45.0
1188,2.05,99.9,0.0,810.0,3.11,3.32,4.36,4.15,7.7,5.8,2386.0,45.0,47.0
1189,3.15,91.9,0.0,1091.0,3.56,3.02,4.76,4.19,3.8,9.4,2388.0,45.0,49.0
1190,2.45,91.7,0.0,987.0,3.41,3.28,3.22,3.56,6.5,3.7,2390.0,45.0,51.0
1191,3.13,97.2,0.0,914.0,3.93,3.86,3.96,4.77,6.1,12.7,2392.0,46.0,1.0
1192,3.47,86.7,0.0,913.0,4.88,4.45,3.96,4.65,15.0,9.0,2394.0,46.0,3.0
1193,3.07,74.5,0.0,877.0,4.88,4.89,3.04,4.22,7.2,4.6,2396.0,46.0,5.0
1194,2.48,81.5,0.0,1059.0,3.57,4.15,3.03,4.58,5.1,8.6,2398.0,46.0,7.0
1195,2.7,94.0,0.0,854.0,4.27,4.29,4.09,4.27,5.5,17.4,2400.0,46.0,9.0
1196,2.32,74.5,0.0,922.0,4.81,4.73,4.81,4.7,10.1,17.7,2402.0,46.0,11.0
1197,2.37,88.2,0.0,833.0,4.48,3.26,4.25,3.39,8.7,14.5,2404.0,46.0,13.0
1198,2.81,72.9,0.0,925.0,4.89,4.66,4.74,4.56,7.6,6.2,2406.0,46.0,15.0
1199,2.33,86.7,0.0,1078.0,3.18,3.57,3.98,3.18,7.5,3.4,2408.0,46.0,17.0
1200,3.45,93.8,0.0,862.0,4.71,4.49,4.51,4.09,6.5,10.3,2410.0,46.0,19.0
1201,2.88,92.4,0.0,1044.0,3.78,4.05,4.72,3.04,4.9,12.6,2412.0,46.0,21.0
1202,2.76,77.6,0.0,889.0,3.63,4.59,4.74,3.93,6.4,12.2,2414.0,46.0,23.0
1203,2.21,89.8,0.0,1077.0,3.87,4.26,4.93,4.88,6.3,12.0,2416.0,46.0,25.0
1204,2.51,87.9,0.0,885.0,4.2,4.22,4.13,4.85,3.6,16.5,2418.0,46.0,27.0
1205,2.18,93.2,0.0,863.0,3.04,3.31,3.4,3.11,4.3,4.9,2420.0,46.0,29.0
1206,2.51,97.5,0.0,907.0,3.73,4.64,4.98,4.26,6.4,17.4,2422.0,46.0,31.0
1207,2.39,89.9,0.0,876.0,3.7,3.5,4.66,4.99,4.5,14.7,2424.0,46.0,33.0
1208,3.31,90.3,0.0,1047.0,3.21,4.26,3.96,3.54,16.9,10.9,2426.0,46.0,35.0
1209,2.68,74.9,0.0,988.0,4.33,3.85,3.11,4.53,9.8,10.9,2428.0,46.0,37.0
1210,2.94,88.8,0.0,938.0,4.51,4.24,4.32,3.97,11.9,13.7,2430.0,46.0,39.0
1211,2.93,80.6,0.0,914.0,4.45,4.08,4.45,3.43,13.5,7.6,2432.0,46.0,41.0
1212,2.64,98.3,0.0,816.0,4.83,3.5,3.85,4.71,6.6,11.0,2434.0,46.0,43.0
1213,2.73,89.3,0.0,1008.0,4.45,4.86,3.26,4.53,9.8,17.2,2436.0,46.0,45.0
1214,2.04,96.4,0.0,982.0,4.81,4.97,4.79,4.06,6.9,5.4,2438.0,46.0,47.0
1215,3.1,76.6,0.0,898.0,3.14,3.57,4.66,3.77,16.2,3.3,2440.0,46.0,49.0
1216,2.65,90.3,0.0,1097.0,3.12,4.47,3.15,3.77,15.5,10.3,2442.0,46.0,51.0
1217,2.46,88.0,0.0,816.0,3.04,4.19,4.19,4.75,7.3,5.5,2444.0,47.0,1.0
