Muestra,Tiempo,Temp,Hum,Pres,Den,DP,Ref,VelFrec,PWM,Control,Error,ESTADOvariador,ERRORvariador,TiempoRel,ControlAutomatico
0,563.0,270.207,43.74,1018.3903,1.2158,0.0,14.0,0.0,270.0,0.0,796.34,0.0,0.0,563.0,0.0
1,613.0,270.207,43.717,1018.3982,1.2158,0.0,14.0,0.0,270.0,0.0,796.34,0.0,0.0,613.0,0.0
2,664.0,270.207,43.717,1018.36194,1.2158,0.0,14.0,0.0,270.0,0.0,796.34,0.0,0.0,664.0,0.0
3,714.0,270.207,43.74,1018.36194,1.2156,0.0,14.0,0.0,270.0,0.0,796.34,0.0,0.0,714.0,0.0
4,765.0,270.207,43.717,1018.37036,1.2157,0.0,14.0,0.0,270.0,0.0,796.34,0.0,0.0,765.0,0.0
5,817.0,270.207,43.717,1018.4414,1.2158,0.0,14.0,0.0,270.0,0.0,796.34,0.0,0.0,817.0,0.0
6,867.0,270.207,43.717,1018.39667,1.2157,0.0,14.0,0.0,270.0,0.0,796.34,0.0,0.0,867.0,0.0
7,918.0,270.207,43.717,1018.39667,1.2158,0.0,14.0,0.0,270.0,0.0,796.34,0.0,0.0,918.0,0.0
8,969.0,270.207,43.74,1018.3962,1.2158,0.0,14.0,0.0,270.0,0.0,796.34,0.0,0.0,969.0,0.0
9,1019.0,270.207,43.74,1018.41406,1.2158,0.0,14.0,0.0,270.0,0.0,796.34,0.0,0.0,1019.0,0.0
10,1071.0,270.207,43.732,1018.4319,1.2158,0.0,14.0,0.0,270.0,0.0,796.34,0.0,0.0,1071.0,0.0
11,1122.0,270.207,43.732,1018.4319,1.2158,0.0,14.0,0.0,270.0,0.0,796.34,0.0,0.0,1122.0,0.0
12,1172.0,270.207,43.725,1018.3823,1.2157,0.0,14.0,0.0,270.0,0.0,796.34,0.0,0.0,1172.0,0.0
13,1223.0,270.207,43.74,1018.45374,1.2158,0.0,14.0,0.0,270.0,0.0,796.34,0.0,0.0,1223.0,0.0
14,1274.0,270.207,43.74,1018.45374,1.2158,0.0,14.0,0.0,270.0,0.0,796.34,0.0,0.0,1274.0,0.0
15,1325.0,270.207,43.732,1018.3912,1.2157,0.0,14.0,0.0,270.0,0.0,796.34,0.0,0.0,1325.0,0.0
16,1376.0,270.207,43.74,1018.4224,1.2158,0.0,14.0,0.0,270.0,0.0,796.34,0.0,0.0,1376.0,0.0
17,1427.0,270.207,43.74,1018.43585,1.2158,0.0,14.0,0.0,270.0,0.0,796.34,0.0,0.0,1427.0,0.0
18,1477.0,270.207,43.747,1018.43585,1.2158,0.0,14.0,0.0,270.0,0.0,796.34,0.0,0.0,1477.0,0.0
19,1528.0,270.207,43.74,1018.46265,1.2159,0.0,14.0,0.0,270.0,0.0,796.34,0.0,0.0,1528.0,0.0
20,1580.0,270.207,43.74,1018.4444,1.2157,0.0,14.0,0.0,270.0,0.0,796.34,0.0,0.0,1580.0,0.0
21,1630.0,270.207,43.725,1018.4224,1.2158,0.0,14.0,0.0,270.0,0.0,796.34,0.0,0.0,1630.0,0.0
22,1681.0,270.207,43.74,1018.4224,1.2157,0.0,14.0,0.0,270.0,0.0,796.34,0.0,0.0,1681.0,0.0
23,1732.0,270.207,43.717,1018.40906,1.2157,0.0,14.0,0.0,270.0,0.0,796.34,0.0,0.0,1732.0,0.0
24,1782.0,270.207,43.74,1018.4309,1.2158,0.0,14.0,0.0,270.0,0.0,796.34,0.0,0.0,1782.0,0.0
25,1833.0,270.207,43.732,1018.43994,1.2158,0.0,14.0,0.0,270.0,0.0,796.34,0.0,0.0,1833.0,0.0
26,1885.0,270.207,43.725,1018.43994,1.2158,0.0,14.0,0.0,270.0,0.0,796.34,0.0,0.0,1885.0,0.0
27,1935.0,270.207,43.725,1018.4224,1.2158,0.0,14.0,0.0,270.0,0.0,796.34,0.0,0.0,1935.0,0.0
28,1986.0,270.207,43.74,1018.4444,1.2157,0.0,14.0,0.0,270.0,0.0,796.34,0.0,0.0,1986.0,0.0
29,2037.0,270.207,43.747,1018.35956,1.2157,0.0,14.0,0.0,270.0,0.0,796.34,0.0,0.0,2037.0,0.0
30,2087.0,270.207,43.725,1018.35956,1.2157,0.0,14.0,0.0,270.0,0.0,796.34,0.0,0.0,2087.0,0.0
31,2139.0,270.207,43.747,1018.3908,1.2158,0.0,14.0,0.0,270.0,0.0,796.34,0.0,0.0,2139.0,0.0
32,2190.0,270.207,43.725,1018.43536,1.2159,0.0,14.0,0.0,270.0,0.0,796.34,0.0,0.0,2190.0,0.0
33,2240.0,270.207,43.725,1018.43536,1.2158,0.0,14.0,0.0,270.0,0.0,796.34,0.0,0.0,2240.0,0.0
34,2291.0,270.207,43.725,1018.3237,1.2156,0.0,14.0,0.0,270.0,0.0,796.34,0.0,0.0,2291.0,0.0
35,2342.0,270.207,43.709,1018.39966,1.2157,0.0,14.0,0.0,270.0,0.0,796.34,0.0,0.0,2342.0,0.0
36,2393.0,270.207,43.74,1018.39514,1.2158,0.0,14.0,0.0,270.0,0.0,796.34,0.0,0.0,2393.0,0.0
37,2444.0,270.207,43.725,1018.39514,1.2158,0.0,14.0,0.0,270.0,0.0,796.34,0.0,0.0,2444.0,0.0
38,2495.0,270.207,43.747,1018.3908,1.2157,0.0,14.0,0.0,270.0,0.0,796.34,0.0,0.0,2495.0,0.0
39,2545.0,270.207,43.725,1018.40857,1.2157,0.0,14.0,0.0,270.0,0.0,796.34,0.0,0.0,2545.0,0.0
40,2596.0,270.207,43.725,1018.37286,1.2157,0.0,14.0,0.0,270.0,0.0,796.34,0.0,0.0,2596.0,0.0
41,2648.0,270.207,43.74,1018.37286,1.2157,0.25,14.0,0.641,270.0,0.0,759.86,0.0,0.0,2648.0,0.0
42,2698.0,270.207,43.747,1018.4041,1.2157,0.25,14.0,0.641,270.0,0.0,759.86,0.0,0.0,2698.0,0.0
43,2749.0,270.207,43.74,1018.40857,1.2157,0.25,14.0,0.641,270.0,0.0,759.86,0.0,0.0,2749.0,0.0
44,2800.0,270.207,43.74,1018.40906,1.2158,0.25,14.0,0.641,270.0,0.0,759.86,0.0,0.0,2800.0,0.0
45,2851.0,270.207,43.74,1018.40906,1.2157,0.25,14.0,0.641,270.0,0.0,759.86,0.0,0.0,2851.0,0.0
46,2902.0,270.207,43.74,1018.4041,1.2158,0.25,14.0,0.641,270.0,0.0,759.86,0.0,0.0,2902.0,0.0
47,2953.0,270.207,43.74,1018.4175,1.2158,0.25,14.0,0.641,270.0,0.0,759.86,0.0,0.0,2953.0,0.0
48,3004.0,270.207,43.74,1018.4444,1.2158,0.25,14.0,0.641,270.0,0.0,759.86,0.0,0.0,3004.0,0.0
49,3055.0,270.207,43.725,1018.4444,1.2157,0.25,14.0,0.641,270.0,0.0,759.86,0.0,0.0,3055.0,0.0
50,3106.0,270.207,43.732,1018.46674,1.2158,0.125,14.0,0.454,270.0,0.0,770.53,0.0,0.0,3106.0,0.0
51,3156.0,270.207,43.74,1018.4487,1.2157,0.125,14.0,0.454,270.0,0.0,770.53,0.0,0.0,3156.0,0.0
52,3208.0,270.207,43.717,1018.4487,1.2158,0.125,14.0,0.454,270.0,0.0,770.53,0.0,0.0,3208.0,0.0
53,3259.0,270.207,43.747,1018.4487,1.2157,0.125,14.0,0.454,270.0,0.0,770.53,0.0,0.0,3259.0,0.0
54,3310.0,270.207,43.732,1018.47565,1.2159,0.125,14.0,0.454,270.0,0.0,770.53,0.0,0.0,3310.0,0.0
55,3360.0,270.207,43.725,1018.4891,1.2158,0.25,14.0,0.641,270.0,0.0,759.86,0.0,0.0,3360.0,0.0
56,3411.0,270.207,43.74,1018.4891,1.2159,0.25,14.0,0.641,270.0,0.0,759.86,0.0,0.0,3411.0,0.0
57,3463.0,270.207,43.732,1018.4444,1.2158,0.25,14.0,0.641,270.0,0.0,759.86,0.0,0.0,3463.0,0.0
58,3514.0,270.207,43.74,1018.4533,1.2158,0.25,14.0,0.641,270.0,0.0,759.86,0.0,0.0,3514.0,0.0
59,3565.0,270.207,43.725,1018.4444,1.2157,0.25,14.0,0.641,270.0,0.0,759.86,0.0,0.0,3565.0,0.0
60,3615.0,270.207,43.732,1018.4444,1.2158,0.25,14.0,0.641,270.0,0.0,759.86,0.0,0.0,3615.0,0.0
61,3666.0,270.207,43.74,1018.498,1.2158,0.25,14.0,0.641,270.0,0.0,759.86,0.0,0.0,3666.0,0.0
62,3718.0,270.207,43.74,1018.4712,1.2158,0.25,14.0,0.641,270.0,0.0,759.86,0.0,0.0,3718.0,0.0
63,3769.0,270.207,43.74,1018.4041,1.2158,0.25,14.0,0.641,270.0,0.0,759.86,0.0,0.0,3769.0,0.0
64,3820.0,270.207,43.709,1018.4041,1.2157,0.25,14.0,0.641,270.0,0.0,759.86,0.0,0.0,3820.0,0.0
65,3870.0,270.207,43.725,1018.4444,1.2158,0.25,14.0,0.641,270.0,0.0,759.86,0.0,0.0,3870.0,0.0
66,3921.0,270.207,43.732,1018.4398,1.2158,0.25,14.0,0.641,270.0,0.0,759.86,0.0,0.0,3921.0,0.0
67,3973.0,270.207,43.74,1018.4533,1.2158,0.25,14.0,0.641,270.0,0.0,759.86,0.0,0.0,3973.0,0.0
68,4024.0,270.207,43.732,1018.4444,1.2158,0.25,14.0,0.641,270.0,0.0,759.86,0.0,0.0,4024.0,0.0
69,4074.0,270.207,43.732,1018.4398,1.2157,0.25,14.0,0.641,270.0,0.0,759.86,0.0,0.0,4074.0,0.0
70,4125.0,270.207,43.747,1018.42206,1.2158,0.25,14.0,0.641,270.0,0.0,759.86,0.0,0.0,4125.0,0.0
71,4176.0,270.207,43.74,1018.42206,1.2157,0.25,14.0,0.641,270.0,0.0,759.86,0.0,0.0,4176.0,0.0
72,4228.0,270.207,43.74,1018.3903,1.2157,0.25,14.0,0.641,270.0,0.0,759.86,0.0,0.0,4228.0,0.0
73,4279.0,270.207,43.747,1018.44836,1.2157,0.25,14.0,0.641,270.0,0.0,759.86,0.0,0.0,4279.0,0.0
74,4329.0,270.207,43.74,1018.3549,1.2157,0.25,14.0,0.641,270.0,0.0,759.86,0.0,0.0,4329.0,0.0
75,4380.0,270.207,43.755,1018.3549,1.2157,0.25,14.0,0.641,270.0,0.0,759.86,0.0,0.0,4380.0,0.0
76,4431.0,270.207,43.732,1018.38617,1.2157,0.25,14.0,0.641,270.0,0.0,759.86,0.0,0.0,4431.0,0.0
77,4483.0,270.207,43.74,1018.4305,1.2158,0.25,14.0,0.641,270.0,0.0,759.86,0.0,0.0,4483.0,0.0
78,4533.0,270.207,43.747,1018.3996,1.2157,0.25,14.0,0.641,270.0,0.0,759.86,0.0,0.0,4533.0,0.0
79,4584.0,270.207,43.732,1018.3996,1.2156,0.25,14.0,0.641,270.0,0.0,759.85,0.0,0.0,4584.0,0.0
80,4635.0,270.207,43.747,1018.4398,1.2158,0.25,14.0,0.641,270.0,0.0,759.86,0.0,0.0,4635.0,0.0
81,4686.0,270.207,43.732,1018.44836,1.2158,0.25,14.0,0.641,270.0,0.0,759.86,0.0,0.0,4686.0,0.0
82,4738.0,270.207,43.732,1018.4171,1.2157,0.25,14.0,0.641,270.0,0.0,759.86,0.0,0.0,4738.0,0.0
83,4788.0,270.207,43.74,1018.4171,1.2158,0.25,14.0,0.641,270.0,0.0,759.86,0.0,0.0,4788.0,0.0
84,4839.0,270.207,43.74,1018.4037,1.2157,0.25,14.0,0.641,270.0,0.0,759.86,0.0,0.0,4839.0,0.0
85,4890.0,270.207,43.74,1018.45734,1.2158,0.25,14.0,0.641,270.0,0.0,759.86,0.0,0.0,4890.0,0.0
86,4941.0,270.207,43.732,1018.4305,1.2158,0.25,14.0,0.641,270.0,0.0,759.86,0.0,0.0,4941.0,0.0
87,4992.0,270.207,43.74,1018.42206,1.2157,0.25,14.0,0.641,270.0,0.0,759.85,0.0,0.0,4992.0,0.0
88,5043.0,270.207,43.747,1018.41296,1.2157,0.25,14.0,0.641,270.0,0.0,759.85,0.0,0.0,5043.0,0.0
89,5094.0,270.207,43.74,1018.40814,1.2157,0.25,14.0,0.641,270.0,0.0,759.86,0.0,0.0,5094.0,0.0
90,5145.0,270.207,43.74,1018.40814,1.2157,0.25,14.0,0.641,270.0,0.0,759.86,0.0,0.0,5145.0,0.0
91,5195.0,270.207,43.74,1018.41296,1.2157,0.25,14.0,0.641,270.0,0.0,759.85,0.0,0.0,5195.0,0.0
92,5246.0,270.207,43.747,1018.4125,1.2158,0.25,14.0,0.641,270.0,0.0,759.86,0.0,0.0,5246.0,0.0
93,5298.0,270.207,43.74,1018.4171,1.2157,0.25,14.0,0.641,270.0,0.0,759.86,0.0,0.0,5298.0,0.0
94,5349.0,270.207,43.732,1018.4171,1.2157,0.25,14.0,0.641,270.0,0.0,759.86,0.0,0.0,5349.0,0.0
95,5399.0,270.207,43.763,1018.4037,1.2157,1.0,14.0,1.283,270.0,0.0,723.39,0.0,0.0,5399.0,0.0
96,5450.0,270.207,43.725,1018.40814,1.2157,0.0,14.0,0.0,270.0,0.0,796.34,0.0,0.0,5450.0,0.0
97,5501.0,270.207,43.74,1018.47516,1.2158,0.0,14.0,0.0,270.0,0.0,796.34,0.0,0.0,5501.0,0.0
98,5553.0,270.207,43.74,1018.47516,1.2159,0.0,14.0,0.0,270.0,0.0,796.34,0.0,0.0,5553.0,0.0
99,5603.0,270.207,43.74,1018.3947,1.2157,0.0,14.0,0.0,270.0,0.0,796.34,0.0,0.0,5603.0,0.0
100,5654.0,270.207,43.747,1018.44836,1.2158,0.0,14.0,0.0,270.0,0.0,796.34,0.0,0.0,5654.0,0.0
101,5705.0,270.207,43.74,1018.4533,1.2158,0.0,14.0,0.0,270.0,0.0,796.34,0.0,0.0,5705.0,0.0
102,5755.0,270.207,43.74,1018.4533,1.2158,0.0,14.0,0.0,270.0,0.0,796.34,0.0,0.0,5755.0,0.0
103,5807.0,270.207,43.74,1018.3903,1.2156,0.0,14.0,0.0,270.0,0.0,796.34,0.0,0.0,5807.0,0.0
104,5858.0,270.207,43.74,1018.46173,1.2157,0.0,14.0,0.0,270.0,0.0,796.34,0.0,0.0,5858.0,0.0
105,5908.0,270.207,43.74,1018.46173,1.2157,0.0,14.0,0.0,270.0,0.0,796.34,0.0,0.0,5908.0,0.0
106,5959.0,270.207,43.74,1018.39514,1.2157,0.0,14.0,0.0,270.0,0.0,796.34,0.0,0.0,5959.0,0.0
107,6010.0,270.207,43.74,1018.40814,1.2156,0.0,14.0,0.0,270.0,0.0,796.34,0.0,0.0,6010.0,0.0
108,6061.0,270.207,43.74,1018.3594,1.2157,0.0,14.0,0.0,270.0,0.0,796.34,0.0,0.0,6061.0,0.0
109,6112.0,270.207,43.74,1018.3594,1.2156,0.0,14.0,0.0,270.0,0.0,796.34,0.0,0.0,6112.0,0.0
110,6163.0,270.207,43.74,1018.4487,1.2157,0.0,14.0,0.0,270.0,0.0,796.34,0.0,0.0,6163.0,0.0
111,6213.0,270.207,43.74,1018.43494,1.2157,0.0,14.0,0.0,270.0,0.0,796.34,0.0,0.0,6213.0,0.0
112,6267.0,270.207,43.74,1018.3501,1.2156,0.0,14.0,0.0,270.0,0.0,796.34,0.0,0.0,6267.0,0.0
113,6318.0,270.207,43.747,1018.3501,1.2156,0.125,14.0,0.454,270.0,0.0,770.53,0.0,0.0,6318.0,0.0
114,6369.0,270.207,43.747,1018.4439,1.2157,0.125,14.0,0.454,270.0,0.0,770.53,0.0,0.0,6369.0,0.0
115,6420.0,270.207,43.755,1018.41296,1.2158,0.125,14.0,0.454,270.0,0.0,770.53,0.0,0.0,6420.0,0.0
116,6471.0,270.207,43.747,1018.3903,1.2156,0.125,14.0,0.454,270.0,0.0,770.53,0.0,0.0,6471.0,0.0
117,6521.0,270.207,43.747,1018.3903,1.2157,0.125,14.0,0.454,270.0,0.0,770.53,0.0,0.0,6521.0,0.0
118,6573.0,270.207,43.74,1018.3903,1.2157,0.125,14.0,0.454,270.0,0.0,770.53,0.0,0.0,6573.0,0.0
119,6624.0,270.207,43.747,1018.3769,1.2157,0.125,14.0,0.454,270.0,0.0,770.53,0.0,0.0,6624.0,0.0
120,6675.0,270.207,43.747,1018.36835,1.2157,0.125,14.0,0.454,270.0,0.0,770.53,0.0,0.0,6675.0,0.0
121,6726.0,270.207,43.755,1018.36835,1.2156,0.125,14.0,0.454,270.0,0.0,770.53,0.0,0.0,6726.0,0.0
122,6776.0,270.207,43.74,1018.4264,1.2158,0.125,14.0,0.454,270.0,0.0,770.53,0.0,0.0,6776.0,0.0
123,6828.0,270.207,43.747,1018.3769,1.2156,0.125,14.0,0.454,270.0,0.0,770.53,0.0,0.0,6828.0,0.0
124,6879.0,270.207,43.74,1018.4037,1.2157,0.125,14.0,0.454,270.0,0.0,770.53,0.0,0.0,6879.0,0.0
125,6930.0,270.207,43.747,1018.4037,1.2158,0.125,14.0,0.454,270.0,0.0,770.53,0.0,0.0,6930.0,0.0
126,6980.0,270.207,43.755,1018.3858,1.2156,0.125,14.0,0.454,270.0,0.0,770.53,0.0,0.0,6980.0,0.0
127,7031.0,270.207,43.74,1018.41296,1.2158,0.125,14.0,0.454,270.0,0.0,770.53,0.0,0.0,7031.0,0.0
128,7083.0,270.207,43.732,1018.41296,1.2157,0.125,14.0,0.454,270.0,0.0,770.53,0.0,0.0,7083.0,0.0
129,7134.0,270.207,43.74,1018.3903,1.2156,0.125,14.0,0.454,270.0,0.0,770.53,0.0,0.0,7134.0,0.0
130,7185.0,270.207,43.74,1018.4171,1.2157,0.125,14.0,0.454,270.0,0.0,770.53,0.0,0.0,7185.0,0.0
131,7235.0,270.207,43.747,1018.4037,1.2157,0.125,14.0,0.454,270.0,0.0,770.53,0.0,0.0,7235.0,0.0
132,7286.0,270.207,43.747,1018.4037,1.2157,0.125,14.0,0.454,270.0,0.0,770.53,0.0,0.0,7286.0,0.0
133,7337.0,270.207,43.74,1018.4439,1.2157,0.125,14.0,0.454,270.0,0.0,770.53,0.0,0.0,7337.0,0.0
134,7389.0,270.207,43.747,1018.4171,1.2157,0.125,14.0,0.454,270.0,0.0,770.53,0.0,0.0,7389.0,0.0
135,7440.0,270.207,43.747,1018.34106,1.2157,0.125,14.0,0.454,270.0,0.0,770.53,0.0,0.0,7440.0,0.0
136,7490.0,270.207,43.74,1018.34106,1.2156,1.0,14.0,1.283,270.0,0.0,723.38,0.0,0.0,7490.0,0.0
137,7541.0,270.207,43.74,1018.4037,1.2157,0.125,14.0,0.454,270.0,0.0,770.53,0.0,0.0,7541.0,0.0
138,7592.0,270.207,43.747,1018.46173,1.2157,0.125,14.0,0.454,270.0,0.0,770.53,0.0,0.0,7592.0,0.0
139,7644.0,270.207,43.747,1018.4305,1.2157,0.125,14.0,0.454,270.0,0.0,770.53,0.0,0.0,7644.0,0.0
140,7695.0,270.207,43.732,1018.4305,1.2157,0.125,14.0,0.454,270.0,0.0,770.53,0.0,0.0,7695.0,0.0
141,7745.0,270.207,43.74,1018.4216,1.2157,0.125,14.0,0.454,270.0,0.0,770.53,0.0,0.0,7745.0,0.0
142,7796.0,270.207,43.747,1018.3947,1.2157,0.125,14.0,0.454,270.0,0.0,770.53,0.0,0.0,7796.0,0.0
143,7847.0,270.207,43.755,1018.44836,1.2157,1.0,14.0,1.283,270.0,0.0,723.39,0.0,0.0,7847.0,0.0
144,7899.0,270.207,43.732,1018.44836,1.2157,1.0,14.0,1.283,270.0,0.0,723.39,0.0,0.0,7899.0,0.0
145,7950.0,270.207,43.747,1018.47516,1.2157,1.0,14.0,1.283,270.0,0.0,723.39,0.0,0.0,7950.0,0.0
146,8001.0,270.207,43.74,1018.43494,1.2157,0.25,14.0,0.641,270.0,0.0,759.86,0.0,0.0,8001.0,0.0
147,8051.0,270.207,43.747,1018.43494,1.2157,1.0,14.0,1.283,270.0,0.0,723.39,0.0,0.0,8051.0,0.0
148,8102.0,270.207,43.747,1018.34595,1.2155,1.0,14.0,1.283,270.0,0.0,723.38,0.0,0.0,8102.0,0.0
149,8154.0,270.207,43.747,1018.46173,1.2157,1.0,14.0,1.283,270.0,0.0,723.39,0.0,0.0,8154.0,0.0
150,8205.0,270.207,43.747,1018.42596,1.2156,1.0,14.0,1.283,270.0,0.0,723.38,0.0,0.0,8205.0,0.0
151,8256.0,270.207,43.755,1018.42596,1.2157,1.0,14.0,1.283,270.0,0.0,723.38,0.0,0.0,8256.0,0.0
152,8306.0,270.207,43.74,1018.4216,1.2157,1.0,14.0,1.283,270.0,0.0,723.39,0.0,0.0,8306.0,0.0
153,8357.0,270.207,43.74,1018.43494,1.2157,1.0,14.0,1.283,270.0,0.0,723.38,0.0,0.0,8357.0,0.0
154,8409.0,270.207,43.74,1018.4125,1.2157,1.0,14.0,1.283,270.0,0.0,723.38,0.0,0.0,8409.0,0.0
155,8460.0,270.207,43.74,1018.4125,1.2157,1.0,14.0,1.283,270.0,0.0,723.38,0.0,0.0,8460.0,0.0
156,8511.0,270.207,43.747,1018.4171,1.2157,1.0,14.0,1.283,270.0,0.0,723.38,0.0,0.0,8511.0,0.0
157,8561.0,270.207,43.747,1018.43494,1.2157,1.0,14.0,1.283,270.0,0.0,723.39,0.0,0.0,8561.0,0.0
158,8612.0,270.207,43.74,1018.4216,1.2157,1.0,14.0,1.283,270.0,0.0,723.39,0.0,0.0,8612.0,0.0
159,8664.0,270.207,43.747,1018.4216,1.2157,1.0,14.0,1.283,270.0,0.0,723.39,0.0,0.0,8664.0,0.0
160,8715.0,270.207,43.747,1018.44836,1.2157,1.0,14.0,1.283,270.0,0.0,723.39,0.0,0.0,8715.0,0.0
161,8766.0,270.207,43.747,1018.3947,1.2157,1.0,14.0,1.283,270.0,0.0,723.38,0.0,0.0,8766.0,0.0
162,8817.0,270.207,43.747,1018.4305,1.2158,1.0,14.0,1.283,270.0,0.0,723.39,0.0,0.0,8817.0,0.0
163,8867.0,270.207,43.747,1018.4305,1.2156,1.0,14.0,1.283,270.0,0.0,723.38,0.0,0.0,8867.0,0.0
164,8919.0,270.207,43.747,1018.3769,1.2157,1.0,14.0,1.283,270.0,0.0,723.38,0.0,0.0,8919.0,0.0
165,8970.0,270.207,43.74,1018.40814,1.2157,1.0,14.0,1.283,270.0,0.0,723.39,0.0,0.0,8970.0,0.0
166,9021.0,270.207,43.755,1018.40814,1.2157,1.0,14.0,1.283,270.0,0.0,723.38,0.0,0.0,9021.0,0.0
167,9072.0,270.207,43.747,1018.44836,1.2157,1.0,14.0,1.283,270.0,0.0,723.39,0.0,0.0,9072.0,0.0
168,9122.0,270.207,43.74,1018.4216,1.2158,1.0,14.0,1.283,270.0,0.0,723.39,0.0,0.0,9122.0,0.0
169,9174.0,270.207,43.747,1018.4037,1.2157,1.0,14.0,1.283,270.0,0.0,723.38,0.0,0.0,9174.0,0.0
170,9225.0,270.207,43.747,1018.4037,1.2157,1.0,14.0,1.283,270.0,0.0,723.38,0.0,0.0,9225.0,0.0
171,9276.0,270.207,43.755,1018.3908,1.2157,1.0,14.0,1.283,270.0,0.0,723.38,0.0,0.0,9276.0,0.0
172,9327.0,270.207,43.74,1018.3773,1.2157,1.0,14.0,1.283,270.0,0.0,723.38,0.0,0.0,9327.0,0.0
173,9377.0,270.207,43.755,1018.3639,1.2156,1.0,14.0,1.283,270.0,0.0,723.38,0.0,0.0,9377.0,0.0
174,9428.0,270.207,43.755,1018.3639,1.2156,1.0,14.0,1.283,270.0,0.0,723.38,0.0,0.0,9428.0,0.0
175,9480.0,270.207,43.755,1018.35046,1.2157,1.0,14.0,1.283,270.0,0.0,723.38,0.0,0.0,9480.0,0.0
176,9531.0,270.207,43.747,1018.3639,1.2156,0.375,14.0,0.786,270.0,0.0,751.66,0.0,0.0,9531.0,0.0
177,9581.0,270.207,43.74,1018.3549,1.2156,0.375,14.0,0.786,270.0,0.0,751.66,0.0,0.0,9581.0,0.0
178,9632.0,270.207,43.747,1018.3549,1.2156,0.375,14.0,0.786,270.0,0.0,751.66,0.0,0.0,9632.0,0.0
179,9683.0,270.207,43.747,1018.3773,1.2157,0.375,14.0,0.785,270.0,0.0,751.66,0.0,0.0,9683.0,0.0
180,9735.0,270.207,43.755,1018.40857,1.2157,0.375,14.0,0.785,270.0,0.0,751.66,0.0,0.0,9735.0,0.0
181,9786.0,270.207,43.747,1018.3773,1.2157,0.375,14.0,0.785,270.0,0.0,751.66,0.0,0.0,9786.0,0.0
182,9836.0,270.207,43.732,1018.3773,1.2156,0.375,14.0,0.786,270.0,0.0,751.66,0.0,0.0,9836.0,0.0
183,9887.0,270.207,43.755,1018.3773,1.2156,0.375,14.0,0.786,270.0,0.0,751.66,0.0,0.0,9887.0,0.0
184,9938.0,270.207,43.755,1018.39514,1.2156,0.375,14.0,0.786,270.0,0.0,751.66,0.0,0.0,9938.0,0.0
185,9990.0,270.207,43.747,1018.39514,1.2156,0.375,14.0,0.786,270.0,0.0,751.66,0.0,0.0,9990.0,0.0
186,10041.0,270.207,43.755,1018.4533,1.2157,0.375,14.0,0.785,270.0,0.0,751.66,0.0,0.0,10041.0,0.0
187,10092.0,270.207,43.747,1018.43536,1.2157,0.375,14.0,0.785,270.0,0.0,751.66,0.0,0.0,10092.0,0.0
188,10142.0,270.207,43.747,1018.37286,1.2157,0.375,14.0,0.785,270.0,0.0,751.66,0.0,0.0,10142.0,0.0
189,10193.0,270.207,43.747,1018.37286,1.2156,0.375,14.0,0.786,270.0,0.0,751.66,0.0,0.0,10193.0,0.0
190,10245.0,270.207,43.747,1018.41296,1.2158,0.375,14.0,0.785,270.0,0.0,751.66,0.0,0.0,10245.0,0.0
191,10296.0,270.207,43.74,1018.3817,1.2156,0.375,14.0,0.786,270.0,0.0,751.66,0.0,0.0,10296.0,0.0
192,10347.0,270.207,43.747,1018.41296,1.2157,0.375,14.0,0.785,270.0,0.0,751.66,0.0,0.0,10347.0,0.0
193,10398.0,270.207,43.747,1018.41296,1.2157,0.375,14.0,0.785,270.0,0.0,751.66,0.0,0.0,10398.0,0.0
194,10448.0,270.207,43.747,1018.4041,1.2157,0.375,14.0,0.785,270.0,0.0,751.66,0.0,0.0,10448.0,0.0
195,10500.0,270.207,43.747,1018.39514,1.2157,0.375,14.0,0.785,270.0,0.0,751.66,0.0,0.0,10500.0,0.0
196,10551.0,270.207,43.747,1018.40857,1.2157,0.375,14.0,0.785,270.0,0.0,751.66,0.0,0.0,10551.0,0.0
197,10602.0,270.207,43.747,1018.40857,1.2157,0.375,14.0,0.785,270.0,0.0,751.66,0.0,0.0,10602.0,0.0
198,10653.0,270.207,43.74,1018.3723,1.2156,0.375,14.0,0.786,270.0,0.0,751.66,0.0,0.0,10653.0,0.0
199,10704.0,270.207,43.755,1018.44836,1.2157,0.375,14.0,0.785,270.0,0.0,751.66,0.0,0.0,10704.0,0.0
200,10755.0,270.207,43.755,1018.4037,1.2157,0.375,14.0,0.785,270.0,0.0,751.66,0.0,0.0,10755.0,0.0
201,10806.0,270.207,43.747,1018.4037,1.2157,0.375,14.0,0.785,270.0,0.0,751.66,0.0,0.0,10806.0,0.0
202,10857.0,270.207,43.74,1018.4037,1.2157,0.375,14.0,0.785,270.0,0.0,751.66,0.0,0.0,10857.0,0.0
203,10908.0,270.207,43.74,1018.3947,1.2156,0.375,14.0,0.786,270.0,0.0,751.66,0.0,0.0,10908.0,0.0
204,10959.0,270.207,43.763,1018.4171,1.2157,0.375,14.0,0.785,270.0,0.0,751.66,0.0,0.0,10959.0,0.0
205,11011.0,270.207,43.747,1018.4171,1.2156,0.375,14.0,0.786,270.0,0.0,751.66,0.0,0.0,11011.0,0.0
206,11061.0,270.207,43.747,1018.4216,1.2157,0.375,14.0,0.785,270.0,0.0,751.66,0.0,0.0,11061.0,0.0
207,11112.0,270.207,43.755,1018.4037,1.2157,0.375,14.0,0.785,270.0,0.0,751.66,0.0,0.0,11112.0,0.0
208,11163.0,270.207,43.747,1018.4037,1.2156,0.375,14.0,0.786,270.0,0.0,751.66,0.0,0.0,11163.0,0.0
209,11214.0,270.207,43.747,1018.3769,1.2156,0.375,14.0,0.786,270.0,0.0,751.66,0.0,0.0,11214.0,0.0
210,11266.0,270.207,43.763,1018.43494,1.2157,0.375,14.0,0.785,270.0,0.0,751.66,0.0,0.0,11266.0,0.0
211,11317.0,270.207,43.747,1018.3679,1.2156,0.375,14.0,0.786,270.0,0.0,751.66,0.0,0.0,11317.0,0.0
212,11367.0,270.207,43.755,1018.3679,1.2156,0.375,14.0,0.786,270.0,0.0,751.66,0.0,0.0,11367.0,0.0
213,11418.0,270.207,43.755,1018.4037,1.2157,0.375,14.0,0.785,270.0,0.0,751.66,0.0,0.0,11418.0,0.0
214,11469.0,270.207,43.747,1018.4528,1.2158,0.375,14.0,0.785,270.0,0.0,751.66,0.0,0.0,11469.0,0.0
215,11521.0,270.207,43.763,1018.42596,1.2157,0.375,14.0,0.785,270.0,0.0,751.66,0.0,0.0,11521.0,0.0
216,11572.0,270.207,43.755,1018.42596,1.2157,0.375,14.0,0.785,270.0,0.0,751.66,0.0,0.0,11572.0,0.0
217,11623.0,270.207,43.747,1018.43494,1.2157,0.375,14.0,0.785,270.0,0.0,751.66,0.0,0.0,11623.0,0.0
218,11673.0,270.207,43.74,1018.4528,1.2157,0.375,14.0,0.785,270.0,0.0,751.66,0.0,0.0,11673.0,0.0
219,11724.0,270.207,43.747,1018.3812,1.2156,0.375,14.0,0.786,270.0,0.0,751.66,0.0,0.0,11724.0,0.0
220,11776.0,270.207,43.747,1018.3812,1.2157,0.375,14.0,0.785,270.0,0.0,751.66,0.0,0.0,11776.0,0.0
221,11827.0,270.207,43.755,1018.3947,1.2156,0.375,14.0,0.786,270.0,0.0,751.66,0.0,0.0,11827.0,0.0
222,11878.0,270.207,43.747,1018.4171,1.2157,0.375,14.0,0.785,270.0,0.0,751.66,0.0,0.0,11878.0,0.0
223,11928.0,270.207,43.755,1018.35455,1.2156,0.375,14.0,0.786,270.0,0.0,751.66,0.0,0.0,11928.0,0.0
224,11979.0,270.207,43.755,1018.35455,1.2156,0.0,14.0,0.0,270.0,0.0,796.34,0.0,0.0,11979.0,0.0
225,12030.0,270.207,43.747,1018.4216,1.2157,0.0,14.0,0.0,270.0,0.0,796.34,0.0,0.0,12030.0,0.0
226,12082.0,270.207,43.763,1018.42596,1.2156,0.0,14.0,0.0,270.0,0.0,796.34,0.0,0.0,12082.0,0.0
227,12132.0,270.207,43.763,1018.42596,1.2157,0.0,14.0,0.0,270.0,0.0,796.34,0.0,0.0,12132.0,0.0
228,12183.0,270.207,43.763,1018.4305,1.2157,0.0,14.0,0.0,270.0,0.0,796.34,0.0,0.0,12183.0,0.0
229,12234.0,270.207,43.747,1018.41705,1.2157,0.0,14.0,0.0,270.0,0.0,796.34,0.0,0.0,12234.0,0.0
230,12285.0,270.207,43.755,1018.3947,1.2156,1.0,14.0,1.283,270.0,0.0,723.38,0.0,0.0,12285.0,0.0
231,12336.0,270.207,43.74,1018.3947,1.2156,1.0,14.0,1.283,270.0,0.0,723.38,0.0,0.0,12336.0,0.0
232,12387.0,270.207,43.755,1018.42596,1.2157,1.0,14.0,1.283,270.0,0.0,723.39,0.0,0.0,12387.0,0.0
233,12438.0,270.207,43.74,1018.4304,1.2157,1.0,14.0,1.283,270.0,0.0,723.38,0.0,0.0,12438.0,0.0
234,12489.0,270.207,43.755,1018.3992,1.2157,1.0,14.0,1.283,270.0,0.0,723.39,0.0,0.0,12489.0,0.0
235,12540.0,270.207,43.732,1018.3992,1.2157,0.125,14.0,0.454,270.0,0.0,770.53,0.0,0.0,12540.0,0.0
236,12592.0,270.207,43.747,1018.4394,1.2157,0.125,14.0,0.454,270.0,0.0,770.53,0.0,0.0,12592.0,0.0
237,12642.0,270.207,43.747,1018.47064,1.2157,0.125,14.0,0.454,270.0,0.0,770.53,0.0,0.0,12642.0,0.0
238,12693.0,270.207,43.763,1018.4394,1.2157,0.125,14.0,0.454,270.0,0.0,770.53,0.0,0.0,12693.0,0.0
239,12744.0,270.207,43.755,1018.4394,1.2156,0.125,14.0,0.454,270.0,0.0,770.53,0.0,0.0,12744.0,0.0
240,12795.0,270.207,43.74,1018.43494,1.2157,0.125,14.0,0.454,270.0,0.0,770.53,0.0,0.0,12795.0,0.0
241,12847.0,270.207,43.747,1018.4791,1.2157,0.125,14.0,0.454,270.0,0.0,770.53,0.0,0.0,12847.0,0.0
242,12898.0,270.207,43.763,1018.46173,1.2157,0.125,14.0,0.454,270.0,0.0,770.53,0.0,0.0,12898.0,0.0
243,12948.0,270.207,43.747,1018.46173,1.2158,0.125,14.0,0.454,270.0,0.0,770.53,0.0,0.0,12948.0,0.0
244,12999.0,270.207,43.74,1018.4437,1.2157,0.125,14.0,0.454,270.0,0.0,770.53,0.0,0.0,12999.0,0.0
245,13050.0,270.207,43.755,1018.4437,1.2157,0.125,14.0,0.454,270.0,0.0,770.53,0.0,0.0,13050.0,0.0
246,13102.0,270.207,43.74,1018.4437,1.2157,0.125,14.0,0.454,270.0,0.0,770.53,0.0,0.0,13102.0,0.0
247,13153.0,270.207,43.763,1018.4304,1.2157,0.125,14.0,0.454,270.0,0.0,770.53,0.0,0.0,13153.0,0.0
248,13204.0,270.207,43.747,1018.3767,1.2156,0.125,14.0,0.454,270.0,0.0,770.53,0.0,0.0,13204.0,0.0
249,13254.0,270.207,43.747,1018.40814,1.2156,0.125,14.0,0.454,270.0,0.0,770.53,0.0,0.0,13254.0,0.0
250,13305.0,270.207,43.747,1018.40814,1.2156,0.125,14.0,0.454,270.0,0.0,770.53,0.0,0.0,13305.0,0.0
251,13357.0,270.207,43.763,1018.3767,1.2156,0.125,14.0,0.454,270.0,0.0,770.53,0.0,0.0,13357.0,0.0
252,13408.0,270.207,43.763,1018.40356,1.2157,0.125,14.0,0.454,270.0,0.0,770.53,0.0,0.0,13408.0,0.0
253,13459.0,270.207,43.763,1018.42596,1.2156,0.125,14.0,0.454,270.0,0.0,770.53,0.0,0.0,13459.0,0.0
254,13510.0,270.207,43.755,1018.42596,1.2157,0.125,14.0,0.454,270.0,0.0,770.53,0.0,0.0,13510.0,0.0
255,13560.0,270.207,43.74,1018.4304,1.2157,0.125,14.0,0.454,270.0,0.0,770.53,0.0,0.0,13560.0,0.0
256,13612.0,270.207,43.747,1018.4345,1.2157,0.125,14.0,0.454,270.0,0.0,770.53,0.0,0.0,13612.0,0.0
257,13663.0,270.207,43.747,1018.4533,1.2157,0.125,14.0,0.454,270.0,0.0,770.53,0.0,0.0,13663.0,0.0
258,13714.0,270.207,43.755,1018.4533,1.2158,0.125,14.0,0.454,270.0,0.0,770.53,0.0,0.0,13714.0,0.0
259,13765.0,270.207,43.747,1018.3996,1.2156,0.125,14.0,0.454,270.0,0.0,770.53,0.0,0.0,13765.0,0.0
260,13816.0,270.207,43.747,1018.4528,1.2157,0.125,14.0,0.454,270.0,0.0,770.53,0.0,0.0,13816.0,0.0
261,13867.0,270.207,43.755,1018.3858,1.2156,0.125,14.0,0.454,270.0,0.0,770.53,0.0,0.0,13867.0,0.0
262,13918.0,270.207,43.755,1018.3858,1.2155,0.125,14.0,0.454,270.0,0.0,770.53,0.0,0.0,13918.0,0.0
263,13969.0,270.207,43.74,1018.40356,1.2156,0.125,14.0,0.454,270.0,0.0,770.53,0.0,0.0,13969.0,0.0
264,14020.0,270.207,43.747,1018.4255,1.2157,0.125,14.0,0.454,270.0,0.0,770.53,0.0,0.0,14020.0,0.0
265,14071.0,270.207,43.747,1018.4255,1.2157,0.125,14.0,0.454,270.0,0.0,770.53,0.0,0.0,14071.0,0.0
266,14123.0,270.207,43.755,1018.41705,1.2157,0.125,14.0,0.454,270.0,0.0,770.53,0.0,0.0,14123.0,0.0
267,14173.0,270.207,43.747,1018.40356,1.2156,0.125,14.0,0.454,270.0,0.0,770.53,0.0,0.0,14173.0,0.0
268,14224.0,270.207,43.763,1018.41705,1.2156,0.125,14.0,0.454,270.0,0.0,770.53,0.0,0.0,14224.0,0.0
269,14275.0,270.207,43.747,1018.41705,1.2157,0.125,14.0,0.454,270.0,0.0,770.53,0.0,0.0,14275.0,0.0
270,14326.0,270.207,43.732,1018.3589,1.2156,0.125,14.0,0.454,270.0,0.0,770.53,0.0,0.0,14326.0,0.0
271,14377.0,270.207,43.747,1018.41705,1.2156,0.125,14.0,0.454,270.0,0.0,770.53,0.0,0.0,14377.0,0.0
272,14429.0,270.207,43.747,1018.40356,1.2156,0.125,14.0,0.454,270.0,0.0,770.53,0.0,0.0,14429.0,0.0
273,14479.0,270.207,43.74,1018.40356,1.2156,0.125,14.0,0.454,270.0,0.0,770.53,0.0,0.0,14479.0,0.0
274,14530.0,270.207,43.747,1018.39014,1.2156,0.0,14.0,0.0,270.0,0.0,796.34,0.0,0.0,14530.0,0.0
275,14581.0,270.207,43.747,1018.4125,1.2157,0.0,14.0,0.0,270.0,0.0,796.34,0.0,0.0,14581.0,0.0
276,14632.0,270.207,43.747,1018.4125,1.2157,0.0,14.0,0.0,270.0,0.0,796.34,0.0,0.0,14632.0,0.0
277,14683.0,270.207,43.747,1018.4125,1.2157,0.0,14.0,0.0,270.0,0.0,796.34,0.0,0.0,14683.0,0.0
278,14734.0,270.207,43.763,1018.3992,1.2156,0.0,14.0,0.0,270.0,0.0,796.34,0.0,0.0,14734.0,0.0
279,14785.0,270.207,43.74,1018.3942,1.2156,0.0,14.0,0.0,270.0,0.0,796.34,0.0,0.0,14785.0,0.0
280,14835.0,270.207,43.747,1018.39014,1.2157,1.0,14.0,1.283,270.0,0.0,723.38,0.0,0.0,14835.0,0.0
281,14886.0,270.207,43.747,1018.39014,1.2156,1.0,14.0,1.283,270.0,0.0,723.38,0.0,0.0,14886.0,0.0
282,14938.0,270.207,43.74,1018.3942,1.2156,1.0,14.0,1.283,270.0,0.0,723.38,0.0,0.0,14938.0,0.0
283,14989.0,270.207,43.755,1018.3942,1.2156,1.0,14.0,1.283,270.0,0.0,723.38,0.0,0.0,14989.0,0.0
284,15040.0,270.207,43.763,1018.3992,1.2156,1.0,14.0,1.283,270.0,0.0,723.38,0.0,0.0,15040.0,0.0
285,15091.0,270.207,43.747,1018.3992,1.2156,1.0,14.0,1.283,270.0,0.0,723.38,0.0,0.0,15091.0,0.0
286,15141.0,270.207,43.74,1018.3992,1.2156,1.0,14.0,1.283,270.0,0.0,723.38,0.0,0.0,15141.0,0.0
287,15193.0,270.207,43.747,1018.39014,1.2157,1.0,14.0,1.283,270.0,0.0,723.38,0.0,0.0,15193.0,0.0
288,15244.0,270.207,43.755,1018.39014,1.2157,1.0,14.0,1.283,270.0,0.0,723.38,0.0,0.0,15244.0,0.0
289,15295.0,270.207,43.732,1018.3767,1.2156,1.0,14.0,1.283,270.0,0.0,723.38,0.0,0.0,15295.0,0.0
290,15346.0,270.207,43.763,1018.4304,1.2156,1.0,14.0,1.283,270.0,0.0,723.38,0.0,0.0,15346.0,0.0
291,15397.0,270.207,43.763,1018.41705,1.2157,1.0,14.0,1.283,270.0,0.0,723.38,0.0,0.0,15397.0,0.0
292,15448.0,270.207,43.747,1018.41705,1.2157,1.0,14.0,1.283,270.0,0.0,723.38,0.0,0.0,15448.0,0.0
293,15499.0,270.207,43.755,1018.4125,1.2157,1.0,14.0,1.283,270.0,0.0,723.38,0.0,0.0,15499.0,0.0
294,15550.0,270.207,43.747,1018.39014,1.2157,1.0,14.0,1.283,270.0,0.0,723.38,0.0,0.0,15550.0,0.0
295,15601.0,270.207,43.755,1018.40356,1.2156,1.0,14.0,1.283,270.0,0.0,723.38,0.0,0.0,15601.0,0.0
296,15652.0,270.207,43.755,1018.40356,1.2156,1.0,14.0,1.283,270.0,0.0,723.38,0.0,0.0,15652.0,0.0
297,15704.0,270.207,43.755,1018.4662,1.2158,1.0,14.0,1.283,270.0,0.0,723.39,0.0,0.0,15704.0,0.0
298,15754.0,270.207,43.747,1018.40765,1.2156,1.0,14.0,1.283,270.0,0.0,723.38,0.0,0.0,15754.0,0.0
299,15805.0,270.207,43.763,1018.4345,1.2157,1.0,14.0,1.283,270.0,0.0,723.39,0.0,0.0,15805.0,0.0
300,15856.0,270.207,43.747,1018.4345,1.2157,1.0,14.0,1.283,270.0,0.0,723.39,0.0,0.0,15856.0,0.0
301,15907.0,270.207,43.755,1018.4437,1.2157,1.0,14.0,1.283,270.0,0.0,723.39,0.0,0.0,15907.0,0.0
302,15959.0,270.207,43.747,1018.4211,1.2157,1.0,14.0,1.283,270.0,0.0,723.39,0.0,0.0,15959.0,0.0
303,16010.0,270.207,43.755,1018.4572,1.2157,1.0,14.0,1.283,270.0,0.0,723.38,0.0,0.0,16010.0,0.0
304,16060.0,270.207,43.747,1018.4572,1.2157,1.0,14.0,1.283,270.0,0.0,723.38,0.0,0.0,16060.0,0.0
305,16111.0,270.207,43.74,1018.4528,1.2158,1.0,14.0,1.283,270.0,0.0,723.39,0.0,0.0,16111.0,0.0
306,16162.0,270.207,43.747,1018.43494,1.2157,1.0,14.0,1.283,270.0,0.0,723.39,0.0,0.0,16162.0,0.0
307,16214.0,270.207,43.74,1018.43494,1.2157,1.0,14.0,1.283,270.0,0.0,723.38,0.0,0.0,16214.0,0.0
308,16265.0,270.207,43.755,1018.40765,1.2156,1.0,14.0,1.283,270.0,0.0,723.38,0.0,0.0,16265.0,0.0
309,16315.0,270.207,43.74,1018.3853,1.2156,1.0,14.0,1.283,270.0,0.0,723.38,0.0,0.0,16315.0,0.0
310,16366.0,270.207,43.747,1018.3589,1.2156,1.0,14.0,1.283,270.0,0.0,723.38,0.0,0.0,16366.0,0.0
311,16417.0,270.207,43.725,1018.3589,1.2155,1.0,14.0,1.283,270.0,0.0,723.38,0.0,0.0,16417.0,0.0
312,16468.0,270.207,43.747,1018.40356,1.2157,1.0,14.0,1.283,270.0,0.0,723.39,0.0,0.0,16468.0,0.0
313,16520.0,270.207,43.763,1018.3942,1.2156,1.0,14.0,1.283,270.0,0.0,723.38,0.0,0.0,16520.0,0.0
314,16571.0,270.207,43.74,1018.40814,1.2156,1.0,14.0,1.283,270.0,0.0,723.38,0.0,0.0,16571.0,0.0
315,16621.0,270.207,43.747,1018.40814,1.2156,1.0,14.0,1.283,270.0,0.0,723.38,0.0,0.0,16621.0,0.0
316,16672.0,270.207,43.755,1018.3947,1.2156,1.0,14.0,1.283,270.0,0.0,723.38,0.0,0.0,16672.0,0.0
317,16723.0,270.207,43.747,1018.40356,1.2156,1.0,14.0,1.283,270.0,0.0,723.38,0.0,0.0,16723.0,0.0
318,16775.0,270.207,43.755,1018.39514,1.2157,1.0,14.0,1.283,270.0,0.0,723.38,0.0,0.0,16775.0,0.0
319,16826.0,270.207,43.755,1018.39514,1.2156,1.0,14.0,1.283,270.0,0.0,723.38,0.0,0.0,16826.0,0.0
320,16877.0,270.207,43.747,1018.36835,1.2156,1.0,14.0,1.283,270.0,0.0,723.38,0.0,0.0,16877.0,0.0
321,16928.0,270.207,43.755,1018.3594,1.2156,1.0,14.0,1.283,270.0,0.0,723.38,0.0,0.0,16928.0,0.0
322,16978.0,270.207,43.747,1018.3769,1.2156,0.125,14.0,0.454,270.0,0.0,770.53,0.0,0.0,16978.0,0.0
323,17030.0,270.207,43.747,1018.3769,1.2155,0.125,14.0,0.454,270.0,0.0,770.53,0.0,0.0,17030.0,0.0
324,17081.0,270.207,43.755,1018.3769,1.2156,0.125,14.0,0.454,270.0,0.0,770.53,0.0,0.0,17081.0,0.0
325,17132.0,270.207,43.747,1018.3501,1.2156,0.125,14.0,0.454,270.0,0.0,770.53,0.0,0.0,17132.0,0.0
326,17183.0,270.207,43.747,1018.3501,1.2156,0.125,14.0,0.454,270.0,0.0,770.53,0.0,0.0,17183.0,0.0
327,17233.0,270.207,43.747,1018.38617,1.2156,0.125,14.0,0.454,270.0,0.0,770.53,0.0,0.0,17233.0,0.0
328,17285.0,270.207,43.747,1018.3903,1.2155,0.125,14.0,0.454,270.0,0.0,770.53,0.0,0.0,17285.0,0.0
329,17336.0,270.207,43.747,1018.4171,1.2157,0.125,14.0,0.454,270.0,0.0,770.53,0.0,0.0,17336.0,0.0
330,17387.0,270.207,43.74,1018.4171,1.2156,0.125,14.0,0.454,270.0,0.0,770.53,0.0,0.0,17387.0,0.0
331,17438.0,270.207,43.747,1018.3594,1.2156,0.125,14.0,0.454,270.0,0.0,770.53,0.0,0.0,17438.0,0.0
332,17489.0,270.207,43.747,1018.3679,1.2156,0.125,14.0,0.454,270.0,0.0,770.53,0.0,0.0,17489.0,0.0
333,17541.0,270.207,43.747,1018.3769,1.2157,0.25,14.0,0.641,270.0,0.0,759.85,0.0,0.0,17541.0,0.0
334,17591.0,270.207,43.747,1018.3769,1.2156,0.25,14.0,0.641,270.0,0.0,759.85,0.0,0.0,17591.0,0.0
335,17642.0,270.207,43.747,1018.4037,1.2157,0.25,14.0,0.641,270.0,0.0,759.86,0.0,0.0,17642.0,0.0
336,17693.0,270.207,43.755,1018.36346,1.2156,0.25,14.0,0.641,270.0,0.0,759.85,0.0,0.0,17693.0,0.0
337,17744.0,270.207,43.74,1018.40814,1.2156,0.25,14.0,0.641,270.0,0.0,759.85,0.0,0.0,17744.0,0.0
338,17796.0,270.207,43.74,1018.40814,1.2156,0.25,14.0,0.641,270.0,0.0,759.85,0.0,0.0,17796.0,0.0
339,17846.0,270.207,43.77,1018.3728,1.2156,0.25,14.0,0.641,270.0,0.0,759.85,0.0,0.0,17846.0,0.0
340,17897.0,270.207,43.77,1018.4528,1.2157,0.25,14.0,0.641,270.0,0.0,759.86,0.0,0.0,17897.0,0.0
341,17948.0,270.207,43.763,1018.3903,1.2156,0.25,14.0,0.641,270.0,0.0,759.85,0.0,0.0,17948.0,0.0
342,17999.0,270.207,43.763,1018.3903,1.2157,0.25,14.0,0.641,270.0,0.0,759.85,0.0,0.0,17999.0,0.0
343,18051.0,270.207,43.755,1018.43494,1.2157,1.0,14.0,1.283,270.0,0.0,723.39,0.0,0.0,18051.0,0.0
344,18102.0,270.207,43.747,1018.4255,1.2157,0.25,14.0,0.641,270.0,0.0,759.85,0.0,0.0,18102.0,0.0
345,18152.0,270.207,43.747,1018.3858,1.2156,0.25,14.0,0.641,270.0,0.0,759.85,0.0,0.0,18152.0,0.0
346,18203.0,270.207,43.747,1018.3858,1.2156,0.25,14.0,0.641,270.0,0.0,759.85,0.0,0.0,18203.0,0.0
347,18254.0,270.207,43.747,1018.4255,1.2157,1.0,14.0,1.283,270.0,0.0,723.38,0.0,0.0,18254.0,0.0
348,18306.0,270.207,43.747,1018.41705,1.2157,1.0,14.0,1.283,270.0,0.0,723.38,0.0,0.0,18306.0,0.0
349,18357.0,270.207,43.755,1018.41705,1.2157,0.25,14.0,0.641,270.0,0.0,759.86,0.0,0.0,18357.0,0.0
350,18408.0,270.207,43.747,1018.41705,1.2156,0.375,14.0,0.786,270.0,0.0,751.66,0.0,0.0,18408.0,0.0
351,18459.0,270.207,43.763,1018.3942,1.2156,0.375,14.0,0.786,270.0,0.0,751.66,0.0,0.0,18459.0,0.0
352,18509.0,270.207,43.763,1018.41705,1.2158,0.375,14.0,0.785,270.0,0.0,751.66,0.0,0.0,18509.0,0.0
353,18561.0,270.207,43.747,1018.41705,1.2156,0.375,14.0,0.786,270.0,0.0,751.66,0.0,0.0,18561.0,0.0
354,18612.0,270.207,43.763,1018.4389,1.2157,0.375,14.0,0.785,270.0,0.0,751.66,0.0,0.0,18612.0,0.0
355,18663.0,270.207,43.77,1018.4479,1.2157,0.375,14.0,0.785,270.0,0.0,751.66,0.0,0.0,18663.0,0.0
356,18714.0,270.207,43.755,1018.4211,1.2157,0.375,14.0,0.785,270.0,0.0,751.66,0.0,0.0,18714.0,0.0
357,18765.0,270.207,43.755,1018.4211,1.2156,0.375,14.0,0.786,270.0,0.0,751.66,0.0,0.0,18765.0,0.0
358,18817.0,270.207,43.747,1018.4211,1.2156,0.375,14.0,0.786,270.0,0.0,751.66,0.0,0.0,18817.0,0.0
359,18867.0,270.207,43.747,1018.4389,1.2157,1.0,14.0,1.283,270.0,0.0,723.38,0.0,0.0,18867.0,0.0
360,18918.0,270.207,43.747,1018.39014,1.2156,0.375,14.0,0.786,270.0,0.0,751.66,0.0,0.0,18918.0,0.0
361,18969.0,270.207,43.755,1018.39014,1.2156,0.375,14.0,0.786,270.0,0.0,751.66,0.0,0.0,18969.0,0.0
362,19020.0,270.207,43.763,1018.46124,1.2157,0.375,14.0,0.785,270.0,0.0,751.66,0.0,0.0,19020.0,0.0
363,19072.0,270.207,43.77,1018.4657,1.2158,0.375,14.0,0.785,270.0,0.0,751.66,0.0,0.0,19072.0,0.0
364,19123.0,270.207,43.763,1018.4255,1.2157,0.375,14.0,0.785,270.0,0.0,751.66,0.0,0.0,19123.0,0.0
365,19174.0,270.207,43.747,1018.4255,1.2156,0.375,14.0,0.786,270.0,0.0,751.66,0.0,0.0,19174.0,0.0
366,19225.0,270.207,43.763,1018.36334,1.2155,0.375,14.0,0.786,270.0,0.0,751.66,0.0,0.0,19225.0,0.0
367,19275.0,270.207,43.763,1018.4121,1.2157,0.375,14.0,0.785,270.0,0.0,751.66,0.0,0.0,19275.0,0.0
368,19326.0,270.207,43.763,1018.4121,1.2157,0.5,14.0,0.907,270.0,0.0,744.74,0.0,0.0,19326.0,0.0
369,19378.0,270.207,43.747,1018.4437,1.2156,0.375,14.0,0.785,270.0,0.0,751.66,0.0,0.0,19378.0,0.0
370,19429.0,270.207,43.755,1018.39014,1.2156,0.375,14.0,0.786,270.0,0.0,751.66,0.0,0.0,19429.0,0.0
371,19480.0,270.207,43.763,1018.4437,1.2157,0.375,14.0,0.785,270.0,0.0,751.66,0.0,0.0,19480.0,0.0
372,19531.0,270.207,43.755,1018.4437,1.2156,0.375,14.0,0.786,270.0,0.0,751.66,0.0,0.0,19531.0,0.0
373,19582.0,270.207,43.74,1018.4796,1.2157,0.5,14.0,0.907,270.0,0.0,744.74,0.0,0.0,19582.0,0.0
374,19634.0,270.207,43.755,1018.4437,1.2157,0.5,14.0,0.907,270.0,0.0,744.74,0.0,0.0,19634.0,0.0
375,19684.0,270.207,43.74,1018.4394,1.2157,1.0,14.0,1.283,270.0,0.0,723.38,0.0,0.0,19684.0,0.0
376,19735.0,270.207,43.755,1018.4394,1.2157,0.5,14.0,0.907,270.0,0.0,744.74,0.0,0.0,19735.0,0.0
377,19786.0,270.207,43.747,1018.40356,1.2156,0.5,14.0,0.907,270.0,0.0,744.74,0.0,0.0,19786.0,0.0
378,19837.0,270.207,43.755,1018.40765,1.2156,0.5,14.0,0.907,270.0,0.0,744.74,0.0,0.0,19837.0,0.0
379,19889.0,270.207,43.763,1018.41705,1.2156,0.5,14.0,0.907,270.0,0.0,744.74,0.0,0.0,19889.0,0.0
380,19940.0,270.207,43.755,1018.41705,1.2157,0.5,14.0,0.907,270.0,0.0,744.74,0.0,0.0,19940.0,0.0
381,19991.0,270.207,43.747,1018.4437,1.2156,0.5,14.0,0.907,270.0,0.0,744.74,0.0,0.0,19991.0,0.0
382,20042.0,270.207,43.747,1018.3987,1.2156,0.5,14.0,0.907,270.0,0.0,744.74,0.0,0.0,20042.0,0.0
383,20092.0,270.207,43.763,1018.3992,1.2155,0.375,14.0,0.786,270.0,0.0,751.66,0.0,0.0,20092.0,0.0
384,20144.0,270.207,43.747,1018.3992,1.2157,0.375,14.0,0.785,270.0,0.0,751.66,0.0,0.0,20144.0,0.0
385,20195.0,270.207,43.755,1018.38086,1.2156,0.5,14.0,0.907,270.0,0.0,744.74,0.0,0.0,20195.0,0.0
386,20246.0,270.207,43.755,1018.3942,1.2156,0.5,14.0,0.907,270.0,0.0,744.74,0.0,0.0,20246.0,0.0
387,20300.0,270.207,43.763,1018.4389,1.2157,0.375,14.0,0.785,270.0,0.0,751.66,0.0,0.0,20300.0,0.0
388,20352.0,270.207,43.747,1018.4389,1.2156,0.5,14.0,0.907,270.0,0.0,744.74,0.0,0.0,20352.0,0.0
389,20403.0,270.207,43.77,1018.4662,1.2157,0.5,14.0,0.907,270.0,0.0,744.74,0.0,0.0,20403.0,0.0
390,20453.0,270.207,43.763,1018.4567,1.2157,0.5,14.0,0.907,270.0,0.0,744.74,0.0,0.0,20453.0,0.0
391,20504.0,270.207,43.747,1018.4479,1.2157,1.0,14.0,1.283,270.0,0.0,723.39,0.0,0.0,20504.0,0.0
392,20555.0,270.207,43.747,1018.4479,1.2157,0.5,14.0,0.907,270.0,0.0,744.74,0.0,0.0,20555.0,0.0
393,20606.0,270.207,43.77,1018.40765,1.2156,0.5,14.0,0.907,270.0,0.0,744.74,0.0,0.0,20606.0,0.0
394,20658.0,270.207,43.763,1018.3942,1.2155,0.5,14.0,0.907,270.0,0.0,744.74,0.0,0.0,20658.0,0.0
395,20709.0,270.207,43.763,1018.3942,1.2156,0.5,14.0,0.907,270.0,0.0,744.74,0.0,0.0,20709.0,0.0
396,20760.0,270.207,43.755,1018.3853,1.2157,0.5,14.0,0.907,270.0,0.0,744.74,0.0,0.0,20760.0,0.0
397,20810.0,270.207,43.755,1018.4657,1.2157,0.5,14.0,0.907,270.0,0.0,744.74,0.0,0.0,20810.0,0.0
398,20861.0,270.207,43.755,1018.40356,1.2156,0.5,14.0,0.907,270.0,0.0,744.74,0.0,0.0,20861.0,0.0
399,20913.0,270.207,43.763,1018.40356,1.2156,0.5,14.0,0.907,270.0,0.0,744.74,1.0,0.0,20913.0,0.0
400,20964.0,270.207,43.74,1018.36743,1.2155,0.5,14.0,0.907,270.0,0.0,744.74,1.0,0.0,20964.0,0.0
401,21015.0,270.207,43.763,1018.4255,1.2158,0.5,14.0,0.907,270.0,0.0,744.74,1.0,0.0,21015.0,0.0
402,21066.0,270.207,43.763,1018.3942,1.2156,0.5,14.0,0.907,270.0,0.0,744.74,1.0,0.0,21066.0,0.0
403,21117.0,270.207,43.747,1018.3942,1.2156,0.25,14.0,0.641,270.0,0.0,759.85,1.0,0.0,21117.0,0.0
404,21168.0,270.207,43.763,1018.4211,1.2156,0.25,14.0,0.641,270.0,0.0,759.85,1.0,0.0,21168.0,0.0
405,21219.0,270.207,43.763,1018.3853,1.2157,0.25,14.0,0.641,270.0,0.0,759.85,1.0,0.0,21219.0,0.0
406,21270.0,270.207,43.747,1018.4211,1.2156,0.375,14.0,0.786,270.0,0.0,751.66,1.0,0.0,21270.0,0.0
407,21321.0,270.207,43.755,1018.4211,1.2157,0.5,14.0,0.907,270.0,0.0,744.74,1.0,0.0,21321.0,0.0
408,21372.0,270.207,43.763,1018.4211,1.2156,0.375,14.0,0.786,270.0,0.0,751.66,1.0,0.0,21372.0,0.0
409,21424.0,270.207,43.74,1018.4479,1.2156,0.375,14.0,0.786,270.0,0.0,751.66,1.0,0.0,21424.0,0.0
410,21475.0,270.207,43.74,1018.41705,1.2157,0.25,14.0,0.641,270.0,0.0,759.85,1.0,0.0,21475.0,0.0
411,21526.0,270.207,43.747,1018.41705,1.2156,0.25,14.0,0.641,270.0,0.0,759.85,1.0,0.0,21526.0,0.0
412,21576.0,270.207,43.755,1018.4479,1.2157,0.25,14.0,0.641,270.0,0.0,759.86,1.0,0.0,21576.0,0.0
413,21627.0,270.207,43.747,1018.3719,1.2156,0.25,14.0,0.641,270.0,0.0,759.85,1.0,0.0,21627.0,0.0
414,21679.0,270.207,43.747,1018.45233,1.2157,0.25,14.0,0.641,270.0,0.0,759.86,1.0,0.0,21679.0,0.0
415,21730.0,270.207,43.747,1018.4437,1.2157,0.25,14.0,0.641,270.0,0.0,759.86,1.0,0.0,21730.0,0.0
416,21781.0,270.207,43.74,1018.46124,1.2157,0.25,14.0,0.641,270.0,0.0,759.85,1.0,0.0,21781.0,0.0
417,21832.0,270.207,43.763,1018.4747,1.2157,0.25,14.0,0.641,270.0,0.0,759.86,1.0,0.0,21832.0,0.0
418,21883.0,270.207,43.763,1018.4747,1.2157,0.25,14.0,0.641,270.0,0.0,759.86,1.0,0.0,21883.0,0.0
419,21935.0,270.207,43.747,1018.4437,1.2156,0.25,14.0,0.641,270.0,0.0,759.85,1.0,0.0,21935.0,0.0
420,21985.0,270.207,43.763,1018.4836,1.2157,0.25,14.0,0.641,270.0,0.0,759.86,1.0,0.0,21985.0,0.0
421,22036.0,270.207,43.747,1018.4211,1.2156,0.25,14.0,0.641,270.0,0.0,759.85,1.0,0.0,22036.0,0.0
422,22087.0,270.207,43.763,1018.4211,1.2157,0.375,14.0,0.785,270.0,0.0,751.66,1.0,0.0,22087.0,0.0
423,22138.0,270.207,43.755,1018.40765,1.2155,0.25,14.0,0.641,270.0,0.0,759.85,1.0,0.0,22138.0,0.0
424,22190.0,270.207,43.763,1018.4747,1.2157,0.25,14.0,0.641,270.0,0.0,759.86,1.0,0.0,22190.0,0.0
425,22241.0,270.207,43.763,1018.40765,1.2156,0.25,14.0,0.641,270.0,0.0,759.85,1.0,0.0,22241.0,0.0
426,22292.0,270.207,43.747,1018.40765,1.2156,0.25,14.0,0.641,270.0,0.0,759.85,1.0,0.0,22292.0,0.0
427,22343.0,270.207,43.755,1018.4437,1.2156,0.25,14.0,0.641,270.0,0.0,759.85,1.0,0.0,22343.0,0.0
428,22394.0,270.207,43.74,1018.40765,1.2156,0.375,14.0,0.786,270.0,0.0,751.66,1.0,0.0,22394.0,0.0
429,22445.0,270.207,43.747,1018.4121,1.2157,0.375,14.0,0.785,270.0,0.0,751.66,1.0,0.0,22445.0,0.0
430,22496.0,270.207,43.755,1018.4121,1.2157,0.5,14.0,0.907,270.0,0.0,744.74,1.0,0.0,22496.0,0.0
431,22547.0,270.207,43.755,1018.3942,1.2156,0.375,14.0,0.786,270.0,0.0,751.66,1.0,0.0,22547.0,0.0
432,22598.0,270.207,43.747,1018.42096,1.2157,0.5,14.0,0.907,270.0,0.0,744.74,1.0,0.0,22598.0,0.0
433,22649.0,270.207,43.755,1018.4211,1.2157,0.5,14.0,0.907,270.0,0.0,744.74,1.0,0.0,22649.0,0.0
434,22701.0,270.207,43.747,1018.4211,1.2157,0.5,14.0,0.907,270.0,0.0,744.74,1.0,0.0,22701.0,0.0
435,22752.0,270.207,43.755,1018.41656,1.2156,0.5,14.0,0.907,270.0,0.0,744.74,1.0,0.0,22752.0,0.0
436,22803.0,270.207,43.747,1018.41656,1.2156,0.5,14.0,0.907,270.0,0.0,744.74,1.0,0.0,22803.0,0.0
437,22854.0,270.207,43.747,1018.41656,1.2157,0.5,14.0,0.907,270.0,0.0,744.74,1.0,0.0,22854.0,0.0
438,22905.0,270.207,43.755,1018.4657,1.2157,0.5,14.0,0.907,270.0,0.0,744.74,1.0,0.0,22905.0,0.0
439,22957.0,270.207,43.755,1018.3767,1.2156,0.5,14.0,0.907,270.0,0.0,744.74,1.0,0.0,22957.0,0.0
440,23008.0,270.207,43.77,1018.45233,1.2157,0.5,14.0,0.907,270.0,0.0,744.74,1.0,0.0,23008.0,0.0
441,23059.0,270.207,43.747,1018.45233,1.2157,0.5,14.0,0.907,270.0,0.0,744.74,1.0,0.0,23059.0,0.0
442,23109.0,270.207,43.747,1018.40765,1.2156,0.625,14.0,1.014,270.0,0.0,738.66,1.0,0.0,23109.0,0.0
443,23160.0,270.207,43.763,1018.4345,1.2157,0.625,14.0,1.014,270.0,0.0,738.66,1.0,0.0,23160.0,0.0
444,23212.0,270.207,43.747,1018.4304,1.2157,0.625,14.0,1.014,270.0,0.0,738.66,1.0,0.0,23212.0,0.0
445,23263.0,270.207,43.763,1018.4304,1.2157,0.625,14.0,1.014,270.0,0.0,738.66,1.0,0.0,23263.0,0.0
446,23314.0,270.207,43.763,1018.4747,1.2156,0.75,14.0,1.111,270.0,0.0,733.15,1.0,0.0,23314.0,0.0
447,23365.0,270.207,43.763,1018.46124,1.2157,0.75,14.0,1.111,270.0,0.0,733.16,1.0,0.0,23365.0,0.0
448,23416.0,270.207,43.763,1018.45233,1.2157,0.75,14.0,1.111,270.0,0.0,733.16,1.0,0.0,23416.0,0.0
449,23468.0,270.207,43.747,1018.45233,1.2157,0.75,14.0,1.111,270.0,0.0,733.16,1.0,0.0,23468.0,0.0
450,23519.0,270.207,43.763,1018.49695,1.2157,0.875,14.0,1.2,270.0,0.0,728.09,1.0,0.0,23519.0,0.0
451,23570.0,270.207,43.763,1018.44336,1.2156,0.875,14.0,1.2,270.0,0.0,728.09,1.0,0.0,23570.0,0.0
452,23621.0,270.207,43.763,1018.41656,1.2157,0.875,14.0,1.2,270.0,0.0,728.09,1.0,0.0,23621.0,0.0
453,23672.0,270.207,43.763,1018.41656,1.2156,0.875,14.0,1.2,270.0,0.0,728.08,1.0,0.0,23672.0,0.0
454,23724.0,270.207,43.755,1018.3987,1.2156,0.875,14.0,1.2,270.0,0.0,728.09,1.0,0.0,23724.0,0.0
455,23775.0,270.207,43.763,1018.4389,1.2157,0.875,14.0,1.2,270.0,0.0,728.09,1.0,0.0,23775.0,0.0
456,23826.0,270.207,43.74,1018.4344,1.2157,1.0,14.0,1.283,270.0,0.0,723.38,1.0,0.0,23826.0,0.0
457,23877.0,270.207,43.747,1018.4344,1.2157,1.0,14.0,1.283,270.0,0.0,723.39,1.0,0.0,23877.0,0.0
458,23928.0,270.207,43.747,1018.4389,1.2156,1.0,14.0,1.283,270.0,0.0,723.38,1.0,0.0,23928.0,0.0
459,23980.0,270.207,43.755,1018.4389,1.2157,1.0,14.0,1.283,270.0,0.0,723.38,1.0,0.0,23980.0,0.0
460,24031.0,270.207,43.755,1018.4255,1.2157,1.0,14.0,1.283,270.0,0.0,723.38,1.0,0.0,24031.0,0.0
461,24082.0,270.207,43.763,1018.4255,1.2157,1.25,14.0,1.434,270.0,0.0,714.77,1.0,0.0,24082.0,0.0
462,24133.0,270.207,43.747,1018.45233,1.2157,1.75,14.0,1.697,270.0,0.0,699.82,1.0,0.0,24133.0,0.0
463,24185.0,270.207,43.763,1018.4572,1.2157,1.75,14.0,1.697,270.0,0.0,699.82,1.0,0.0,24185.0,0.0
464,24237.0,270.207,43.755,1018.4572,1.2157,1.875,14.0,1.756,270.0,0.0,696.44,1.0,0.0,24237.0,0.0
465,24288.0,270.207,43.755,1018.4389,1.2157,2.25,14.0,1.924,270.0,0.0,686.9,1.0,0.0,24288.0,0.0
466,24339.0,270.207,43.747,1018.4389,1.2157,2.75,14.0,2.127,270.0,0.0,675.35,1.0,0.0,24339.0,0.0
467,24390.0,270.207,43.74,1018.4121,1.2157,3.5,14.0,2.4,270.0,0.0,659.85,1.0,0.0,24390.0,0.0
468,24441.0,270.207,43.763,1018.4121,1.2156,4.25,14.0,2.644,270.0,0.0,645.93,1.0,0.0,24441.0,0.0
469,24493.0,270.207,43.747,1018.46124,1.2157,4.375,14.0,2.683,270.0,0.0,643.74,1.0,0.0,24493.0,0.0
470,24544.0,270.207,43.747,1018.3987,1.2155,4.625,14.0,2.759,270.0,0.0,639.43,1.0,0.0,24544.0,0.0
471,24595.0,270.207,43.74,1018.40765,1.2156,5.5,14.0,3.008,270.0,0.0,625.23,1.0,0.0,24595.0,0.0
472,24646.0,270.207,43.755,1018.40765,1.2156,6.375,14.0,3.239,270.0,0.0,612.13,1.0,0.0,24646.0,0.0
473,24697.0,270.207,43.763,1018.4389,1.2157,6.5,14.0,3.27,270.0,0.0,610.34,1.0,0.0,24697.0,0.0
474,24749.0,270.207,43.763,1018.4389,1.2157,7.0,14.0,3.394,270.0,0.0,603.31,1.0,0.0,24749.0,0.0
475,24800.0,270.207,43.747,1018.4304,1.2156,7.25,14.0,3.454,270.0,0.0,599.89,1.0,0.0,24800.0,0.0
476,24851.0,270.207,43.763,1018.4304,1.2156,7.5,14.0,3.513,270.0,0.0,596.53,1.0,0.0,24851.0,0.0
477,24902.0,270.207,43.74,1018.3987,1.2156,7.625,14.0,3.542,270.0,0.0,594.87,1.0,0.0,24902.0,0.0
478,24953.0,270.207,43.747,1018.44336,1.2157,8.625,14.0,3.767,270.0,0.0,582.08,1.0,0.0,24953.0,0.0
479,25005.0,270.207,43.747,1018.45233,1.2157,10.0,14.0,4.056,270.0,0.0,565.63,1.0,0.0,25005.0,0.0
480,25056.0,270.207,43.755,1018.45233,1.2157,10.125,14.0,4.081,270.0,0.0,564.19,1.0,0.0,25056.0,0.0
481,25107.0,270.207,43.755,1018.4211,1.2157,10.625,14.0,4.181,270.0,0.0,558.53,1.0,0.0,25107.0,0.0
482,25158.0,270.207,43.747,1018.3987,1.2156,12.75,14.0,4.58,270.0,0.0,535.82,1.0,0.0,25158.0,0.0
483,25209.0,270.207,43.755,1018.4121,1.2156,12.875,14.0,4.602,270.0,0.0,534.55,1.0,0.0,25209.0,0.0
484,25262.0,270.207,43.747,1018.4121,1.2156,13.375,14.0,4.691,270.0,0.0,529.52,1.0,0.0,25262.0,0.0
485,25313.0,270.207,43.755,1018.3987,1.2157,13.375,14.0,4.691,270.0,0.0,529.52,1.0,0.0,25313.0,0.0
486,25364.0,270.207,43.755,1018.4121,1.2156,13.5,14.0,4.713,270.0,0.0,528.27,1.0,0.0,25364.0,0.0
487,25415.0,270.207,43.755,1018.4389,1.2156,13.625,14.0,4.735,270.0,0.0,527.04,1.0,0.0,25415.0,0.0
488,25466.0,270.207,43.763,1018.4389,1.2156,13.75,14.0,4.756,270.0,0.0,525.8,1.0,0.0,25466.0,0.0
489,25518.0,270.207,43.747,1018.4567,1.2156,13.75,14.0,4.756,270.0,0.0,525.8,1.0,0.0,25518.0,0.0
490,25569.0,270.207,43.755,1018.3942,1.2156,14.625,14.0,4.905,270.0,0.0,517.32,1.0,0.0,25569.0,0.0
491,25620.0,270.207,43.755,1018.3942,1.2156,15.375,14.0,5.029,270.0,0.0,510.26,1.0,0.0,25620.0,0.0
492,25671.0,270.207,43.747,1018.3942,1.2156,15.75,14.0,5.09,270.0,0.0,506.8,1.0,0.0,25671.0,0.0
493,25722.0,270.207,43.747,1018.4479,1.2156,16.25,14.0,5.171,270.0,0.0,502.24,1.0,0.0,25722.0,0.0
494,25774.0,270.207,43.763,1018.4121,1.2156,16.375,14.0,5.191,270.0,0.0,501.1,1.0,0.0,25774.0,0.0
495,25825.0,270.207,43.747,1018.4121,1.2156,16.625,14.0,5.23,270.0,0.0,498.86,1.0,0.0,25825.0,0.0
496,25876.0,270.207,43.747,1018.47015,1.2157,16.875,14.0,5.269,270.0,0.0,496.64,1.0,0.0,25876.0,0.0
497,25928.0,270.207,43.747,1018.46124,1.2157,16.875,14.0,5.269,270.0,0.0,496.64,1.0,0.0,25928.0,0.0
498,25979.0,270.207,43.755,1018.4389,1.2156,17.0,14.0,5.289,270.0,0.0,495.52,1.0,0.0,25979.0,0.0
499,26031.0,270.207,43.747,1018.4389,1.2156,17.75,14.0,5.404,270.0,0.0,488.96,1.0,0.0,26031.0,0.0
500,26082.0,270.207,43.763,1018.42096,1.2156,18.875,14.0,5.573,270.0,0.0,479.36,1.0,0.0,26082.0,0.0
501,26133.0,270.207,43.74,1018.4384,1.2156,19.125,14.0,5.609,270.0,0.0,477.28,1.0,0.0,26133.0,0.0
502,26184.0,270.207,43.747,1018.4121,1.2157,19.5,14.0,5.664,270.0,0.0,474.17,1.0,0.0,26184.0,0.0
503,26235.0,270.207,43.77,1018.4121,1.2156,19.5,14.0,5.664,270.0,0.0,474.16,1.0,0.0,26235.0,0.0
504,26287.0,270.207,43.755,1018.4345,1.2156,19.625,14.0,5.682,270.0,0.0,473.13,1.0,0.0,26287.0,0.0
505,26338.0,270.207,43.74,1018.4255,1.2156,19.875,14.0,5.718,270.0,0.0,471.08,1.0,0.0,26338.0,0.0
506,26389.0,270.207,43.747,1018.4344,1.2156,20.0,14.0,5.736,270.0,0.0,470.06,1.0,0.0,26389.0,0.0
507,26440.0,270.207,43.747,1018.4344,1.2157,20.125,14.0,5.754,270.0,0.0,469.05,1.0,0.0,26440.0,0.0
508,26491.0,270.207,43.74,1018.4567,1.2157,20.375,14.0,5.79,270.0,0.0,467.03,1.0,0.0,26491.0,0.0
509,26544.0,270.207,43.74,1018.3808,1.2156,20.5,14.0,5.808,270.0,0.0,466.0,1.0,0.0,26544.0,0.0
510,26595.0,270.207,43.74,1018.4479,1.2156,20.75,14.0,5.843,270.0,0.0,464.0,1.0,0.0,26595.0,0.0
511,26646.0,270.207,43.74,1018.4479,1.2157,20.75,14.0,5.843,270.0,0.0,464.01,1.0,0.0,26646.0,0.0
512,26697.0,270.207,43.74,1018.3942,1.2156,20.75,14.0,5.843,270.0,0.0,463.99,1.0,0.0,26697.0,0.0
513,26748.0,270.207,43.747,1018.4121,1.2157,20.875,14.0,5.86,270.0,0.0,463.0,1.0,0.0,26748.0,0.0
514,26800.0,270.207,43.747,1018.4255,1.2156,21.125,14.0,5.895,270.0,0.0,461.01,1.0,0.0,26800.0,0.0
515,26851.0,270.207,43.755,1018.4255,1.2157,21.125,14.0,5.895,270.0,0.0,461.02,1.0,0.0,26851.0,0.0
516,26902.0,270.207,43.77,1018.4075,1.2156,21.5,14.0,5.948,270.0,0.0,458.04,1.0,0.0,26902.0,0.0
517,26953.0,270.207,43.763,1018.47015,1.2157,21.5,14.0,5.947,270.0,0.0,458.05,1.0,0.0,26953.0,0.0
518,27004.0,270.207,43.747,1018.47015,1.2157,21.5,14.0,5.947,270.0,0.0,458.06,1.0,0.0,27004.0,0.0
519,27056.0,270.207,43.755,1018.47015,1.2157,21.5,14.0,5.947,270.0,0.0,458.06,1.0,0.0,27056.0,0.0
520,27107.0,270.207,43.747,1018.4211,1.2156,21.5,14.0,5.948,270.0,0.0,458.04,1.0,0.0,27107.0,0.0
521,27158.0,270.207,43.747,1018.4255,1.2157,21.75,14.0,5.982,270.0,0.0,456.09,1.0,0.0,27158.0,0.0
522,27209.0,270.207,43.74,1018.4255,1.2157,21.75,14.0,5.982,270.0,0.0,456.09,1.0,0.0,27209.0,0.0
523,27261.0,270.207,43.755,1018.42993,1.2157,21.75,14.0,5.982,270.0,0.0,456.09,1.0,0.0,27261.0,0.0
524,27313.0,270.207,43.763,1018.42096,1.2157,21.75,14.0,5.982,270.0,0.0,456.1,1.0,0.0,27313.0,0.0
525,27364.0,270.207,43.747,1018.4389,1.2157,21.75,14.0,5.982,270.0,0.0,456.09,1.0,0.0,27364.0,0.0
526,27415.0,270.207,43.747,1018.4389,1.2157,21.75,14.0,5.982,270.0,0.0,456.09,1.0,0.0,27415.0,0.0
527,27466.0,270.207,43.755,1018.4255,1.2155,21.75,14.0,5.982,270.0,0.0,456.07,1.0,0.0,27466.0,0.0
528,27517.0,270.207,43.747,1018.41656,1.2157,21.75,14.0,5.982,270.0,0.0,456.09,1.0,0.0,27517.0,0.0
529,27569.0,270.207,43.755,1018.4389,1.2156,21.75,14.0,5.982,270.0,0.0,456.09,1.0,0.0,27569.0,0.0
530,27620.0,270.207,43.732,1018.4389,1.2157,21.75,14.0,5.982,270.0,0.0,456.09,1.0,0.0,27620.0,0.0
531,27671.0,270.207,43.755,1018.4344,1.2157,21.75,14.0,5.982,270.0,0.0,456.09,1.0,0.0,27671.0,0.0
532,27722.0,270.207,43.747,1018.4389,1.2157,21.5,14.0,5.947,270.0,0.0,458.05,1.0,0.0,27722.0,0.0
533,27773.0,270.207,43.74,1018.40356,1.2156,21.5,14.0,5.947,270.0,0.0,458.05,1.0,0.0,27773.0,0.0
534,27825.0,270.207,43.755,1018.40356,1.2156,21.5,14.0,5.947,270.0,0.0,458.05,1.0,0.0,27825.0,0.0
535,27876.0,270.207,43.732,1018.4125,1.2157,21.5,14.0,5.947,270.0,0.0,458.05,1.0,0.0,27876.0,0.0
536,27927.0,270.207,43.747,1018.41705,1.2156,21.875,14.0,5.999,270.0,0.0,455.11,1.0,0.0,27927.0,0.0
537,27979.0,270.207,43.755,1018.4121,1.2156,21.5,14.0,5.948,270.0,0.0,458.04,1.0,0.0,27979.0,0.0
538,28030.0,270.207,43.74,1018.4121,1.2156,21.5,14.0,5.948,270.0,0.0,458.04,1.0,0.0,28030.0,0.0
539,28082.0,270.207,43.755,1018.38086,1.2157,21.5,14.0,5.947,270.0,0.0,458.05,1.0,0.0,28082.0,0.0
540,28133.0,270.207,43.747,1018.4657,1.2157,21.5,14.0,5.947,270.0,0.0,458.05,1.0,0.0,28133.0,0.0
541,28184.0,270.207,43.755,1018.4567,1.2157,21.5,14.0,5.947,270.0,0.0,458.06,1.0,0.0,28184.0,0.0
542,28235.0,270.207,43.747,1018.4567,1.2157,21.5,14.0,5.947,270.0,0.0,458.06,1.0,0.0,28235.0,0.0
543,28286.0,270.207,43.755,1018.4389,1.2156,21.5,14.0,5.947,270.0,0.0,458.05,1.0,0.0,28286.0,0.0
544,28338.0,270.207,43.74,1018.4389,1.2156,21.5,14.0,5.947,270.0,0.0,458.05,1.0,0.0,28338.0,0.0
545,28389.0,270.207,43.747,1018.4345,1.2157,21.5,14.0,5.947,270.0,0.0,458.05,1.0,0.0,28389.0,0.0
546,28440.0,270.207,43.732,1018.4345,1.2157,21.5,14.0,5.947,270.0,0.0,458.05,1.0,0.0,28440.0,0.0
547,28491.0,270.207,43.747,1018.4389,1.2156,21.5,14.0,5.947,270.0,0.0,458.05,1.0,0.0,28491.0,0.0
548,28542.0,270.207,43.747,1018.3767,1.2155,21.5,14.0,5.948,270.0,0.0,458.02,1.0,0.0,28542.0,0.0
549,28594.0,270.207,43.747,1018.3767,1.2156,21.5,14.0,5.948,270.0,0.0,458.04,1.0,0.0,28594.0,0.0
550,28645.0,270.207,43.747,1018.4211,1.2157,21.375,14.0,5.93,270.0,0.0,459.04,1.0,0.0,28645.0,0.0
551,28697.0,270.207,43.755,1018.4572,1.2157,21.25,14.0,5.913,270.0,0.0,460.02,1.0,0.0,28697.0,0.0
552,28748.0,270.207,43.763,1018.40765,1.2156,21.25,14.0,5.913,270.0,0.0,460.02,1.0,0.0,28748.0,0.0
553,28800.0,270.207,43.747,1018.40765,1.2156,21.25,14.0,5.913,270.0,0.0,460.02,1.0,0.0,28800.0,0.0
554,28851.0,270.207,43.763,1018.4572,1.2157,21.25,14.0,5.913,270.0,0.0,460.03,1.0,0.0,28851.0,0.0
555,28902.0,270.207,43.755,1018.4479,1.2157,21.25,14.0,5.913,270.0,0.0,460.03,1.0,0.0,28902.0,0.0
556,28953.0,270.207,43.755,1018.4437,1.2156,21.25,14.0,5.913,270.0,0.0,460.02,1.0,0.0,28953.0,0.0
557,29004.0,270.207,43.755,1018.4437,1.2156,21.25,14.0,5.913,270.0,0.0,460.02,1.0,0.0,29004.0,0.0
558,29056.0,270.207,43.763,1018.4125,1.2156,21.125,14.0,5.896,270.0,0.0,461.0,1.0,0.0,29056.0,0.0
559,29107.0,270.207,43.763,1018.3987,1.2155,21.25,14.0,5.913,270.0,0.0,460.01,1.0,0.0,29107.0,0.0
560,29158.0,270.207,43.763,1018.40356,1.2156,21.25,14.0,5.913,270.0,0.0,460.02,1.0,0.0,29158.0,0.0
561,29209.0,270.207,43.747,1018.40356,1.2157,21.25,14.0,5.913,270.0,0.0,460.03,1.0,0.0,29209.0,0.0
562,29260.0,270.207,43.74,1018.4572,1.2157,21.25,14.0,5.913,270.0,0.0,460.02,1.0,0.0,29260.0,0.0
563,29313.0,270.207,43.763,1018.4121,1.2157,21.25,14.0,5.913,270.0,0.0,460.02,1.0,0.0,29313.0,0.0
564,29364.0,270.207,43.763,1018.36334,1.2155,21.25,14.0,5.913,270.0,0.0,460.0,1.0,0.0,29364.0,0.0
565,29415.0,270.207,43.747,1018.36334,1.2155,21.25,14.0,5.913,270.0,0.0,460.0,1.0,0.0,29415.0,0.0
566,29466.0,270.207,43.747,1018.4437,1.2156,21.25,14.0,5.913,270.0,0.0,460.02,1.0,0.0,29466.0,0.0
567,29517.0,270.207,43.755,1018.41705,1.2157,21.25,14.0,5.913,270.0,0.0,460.02,1.0,0.0,29517.0,0.0
568,29569.0,270.207,43.755,1018.3767,1.2156,21.25,14.0,5.913,270.0,0.0,460.01,1.0,0.0,29569.0,0.0
569,29620.0,270.207,43.747,1018.3767,1.2156,21.25,14.0,5.913,270.0,0.0,460.02,1.0,0.0,29620.0,0.0
570,29671.0,270.207,43.747,1018.3767,1.2155,21.25,14.0,5.913,270.0,0.0,460.0,1.0,0.0,29671.0,0.0
571,29722.0,270.207,43.747,1018.41705,1.2157,21.375,14.0,5.93,270.0,0.0,459.04,1.0,0.0,29722.0,0.0
572,29773.0,270.207,43.747,1018.39014,1.2156,21.375,14.0,5.93,270.0,0.0,459.03,1.0,0.0,29773.0,0.0
573,29825.0,270.207,43.74,1018.39014,1.2155,21.5,14.0,5.948,270.0,0.0,458.03,1.0,0.0,29825.0,0.0
574,29877.0,270.207,43.747,1018.4389,1.2156,21.5,14.0,5.947,270.0,0.0,458.05,1.0,0.0,29877.0,0.0
575,29928.0,270.207,43.763,1018.45233,1.2156,21.5,14.0,5.948,270.0,0.0,458.04,1.0,0.0,29928.0,0.0
576,29979.0,270.207,43.747,1018.4389,1.2156,21.5,14.0,5.948,270.0,0.0,458.04,1.0,0.0,29979.0,0.0
577,30030.0,270.207,43.747,1018.4304,1.2156,21.5,14.0,5.948,270.0,0.0,458.04,1.0,0.0,30030.0,0.0
578,30082.0,270.207,43.74,1018.40765,1.2156,21.5,14.0,5.947,270.0,0.0,458.05,1.0,0.0,30082.0,0.0
579,30133.0,270.207,43.763,1018.42596,1.2156,21.5,14.0,5.948,270.0,0.0,458.04,1.0,0.0,30133.0,0.0
580,30184.0,270.207,43.763,1018.42596,1.2155,21.5,14.0,5.948,270.0,0.0,458.03,1.0,0.0,30184.0,0.0
581,30235.0,270.207,43.747,1018.3767,1.2156,21.625,14.0,5.965,270.0,0.0,457.06,1.0,0.0,30235.0,0.0
582,30286.0,270.207,43.74,1018.4121,1.2157,21.75,14.0,5.982,270.0,0.0,456.09,1.0,0.0,30286.0,0.0
583,30338.0,270.207,43.74,1018.4567,1.2156,21.75,14.0,5.982,270.0,0.0,456.08,1.0,0.0,30338.0,0.0
584,30389.0,270.207,43.763,1018.4567,1.2156,21.75,14.0,5.982,270.0,0.0,456.08,1.0,0.0,30389.0,0.0
585,30440.0,270.207,43.755,1018.41705,1.2156,21.875,14.0,5.999,270.0,0.0,455.1,1.0,0.0,30440.0,0.0
586,30492.0,270.207,43.74,1018.40765,1.2156,21.875,14.0,5.999,270.0,0.0,455.1,1.0,0.0,30492.0,0.0
587,30543.0,270.207,43.732,1018.4437,1.2156,21.875,14.0,5.999,270.0,0.0,455.1,1.0,0.0,30543.0,0.0
588,30595.0,270.207,43.74,1018.4437,1.2156,22.125,14.0,6.033,270.0,0.0,453.17,1.0,0.0,30595.0,0.0
589,30646.0,270.207,43.747,1018.38086,1.2156,22.125,14.0,6.033,270.0,0.0,453.16,1.0,0.0,30646.0,0.0
590,30697.0,270.207,43.747,1018.41705,1.2156,22.125,14.0,6.033,270.0,0.0,453.16,1.0,0.0,30697.0,0.0
591,30748.0,270.207,43.74,1018.4437,1.2157,22.125,14.0,6.033,270.0,0.0,453.18,1.0,0.0,30748.0,0.0
592,30802.0,270.207,43.74,1018.4437,1.2157,22.0,14.0,6.016,270.0,0.0,454.14,1.0,0.0,30802.0,0.0
593,30854.0,270.207,43.763,1018.3992,1.2155,21.875,14.0,5.999,270.0,0.0,455.09,1.0,0.0,30854.0,0.0
594,30905.0,270.207,43.747,1018.38086,1.2156,21.875,14.0,5.999,270.0,0.0,455.11,1.0,0.0,30905.0,0.0
595,30956.0,270.207,43.763,1018.40356,1.2155,22.0,14.0,6.016,270.0,0.0,454.12,1.0,0.0,30956.0,0.0
596,31007.0,270.207,43.747,1018.40356,1.2156,21.875,14.0,5.999,270.0,0.0,455.11,1.0,0.0,31007.0,0.0
597,31058.0,270.207,43.747,1018.42596,1.2157,21.875,14.0,5.999,270.0,0.0,455.11,1.0,0.0,31058.0,0.0
598,31110.0,270.207,43.747,1018.3858,1.2156,21.875,14.0,5.999,270.0,0.0,455.1,1.0,0.0,31110.0,0.0
599,31161.0,270.207,43.747,1018.4125,1.2157,21.75,14.0,5.982,270.0,0.0,456.09,1.0,0.0,31161.0,0.0
600,31213.0,270.207,43.747,1018.4125,1.2156,21.75,14.0,5.982,270.0,0.0,456.08,1.0,0.0,31213.0,0.0
601,31264.0,270.207,43.755,1018.3723,1.2156,21.75,14.0,5.982,270.0,0.0,456.08,1.0,0.0,31264.0,0.0
602,31315.0,270.207,43.74,1018.4394,1.2156,21.75,14.0,5.982,270.0,0.0,456.08,1.0,0.0,31315.0,0.0
603,31367.0,270.207,43.747,1018.3858,1.2156,21.625,14.0,5.965,270.0,0.0,457.06,1.0,0.0,31367.0,0.0
604,31418.0,270.207,43.747,1018.3858,1.2155,21.625,14.0,5.965,270.0,0.0,457.05,1.0,0.0,31418.0,0.0
605,31469.0,270.207,43.74,1018.4394,1.2155,21.625,14.0,5.965,270.0,0.0,457.05,1.0,0.0,31469.0,0.0
606,31520.0,270.207,43.74,1018.3992,1.2156,21.625,14.0,5.965,270.0,0.0,457.07,1.0,0.0,31520.0,0.0
607,31571.0,270.207,43.747,1018.3992,1.2156,21.5,14.0,5.948,270.0,0.0,458.04,1.0,0.0,31571.0,0.0
608,31623.0,270.207,43.747,1018.3992,1.2156,21.5,14.0,5.947,270.0,0.0,458.05,1.0,0.0,31623.0,0.0
609,31674.0,270.207,43.747,1018.40814,1.2156,21.625,14.0,5.965,270.0,0.0,457.06,1.0,0.0,31674.0,0.0
610,31725.0,270.207,43.747,1018.40356,1.2156,21.5,14.0,5.947,270.0,0.0,458.05,1.0,0.0,31725.0,0.0
611,31776.0,270.207,43.747,1018.41705,1.2156,21.375,14.0,5.93,270.0,0.0,459.02,1.0,0.0,31776.0,0.0
612,31828.0,270.207,43.747,1018.41705,1.2156,21.25,14.0,5.913,270.0,0.0,460.02,1.0,0.0,31828.0,0.0
613,31880.0,270.207,43.747,1018.45233,1.2157,21.25,14.0,5.913,270.0,0.0,460.03,1.0,0.0,31880.0,0.0
614,31931.0,270.207,43.763,1018.40356,1.2156,21.125,14.0,5.895,270.0,0.0,461.01,1.0,0.0,31931.0,0.0
615,31982.0,270.207,43.747,1018.40356,1.2156,21.125,14.0,5.895,270.0,0.0,461.01,1.0,0.0,31982.0,0.0
616,32033.0,270.207,43.763,1018.4125,1.2157,21.125,14.0,5.895,270.0,0.0,461.01,1.0,0.0,32033.0,0.0
617,32084.0,270.207,43.74,1018.44836,1.2157,20.875,14.0,5.86,270.0,0.0,463.0,1.0,0.0,32084.0,0.0
618,32136.0,270.207,43.747,1018.4394,1.2157,20.875,14.0,5.86,270.0,0.0,463.01,1.0,0.0,32136.0,0.0
619,32187.0,270.207,43.732,1018.4394,1.2156,20.875,14.0,5.86,270.0,0.0,463.0,1.0,0.0,32187.0,0.0
620,32238.0,270.207,43.747,1018.46173,1.2157,20.75,14.0,5.843,270.0,0.0,464.01,1.0,0.0,32238.0,0.0
621,32289.0,270.207,43.747,1018.4304,1.2156,20.75,14.0,5.843,270.0,0.0,464.0,1.0,0.0,32289.0,0.0
622,32340.0,270.207,43.74,1018.46173,1.2156,20.75,14.0,5.843,270.0,0.0,464.0,1.0,0.0,32340.0,0.0
623,32392.0,270.207,43.747,1018.46173,1.2156,20.75,14.0,5.843,270.0,0.0,464.0,1.0,0.0,32392.0,0.0
624,32444.0,270.207,43.755,1018.4796,1.2157,20.75,14.0,5.843,270.0,0.0,464.01,1.0,0.0,32444.0,0.0
625,32495.0,270.207,43.747,1018.44836,1.2156,20.625,14.0,5.825,270.0,0.0,465.0,1.0,0.0,32495.0,0.0
626,32546.0,270.207,43.732,1018.4171,1.2156,20.5,14.0,5.808,270.0,0.0,466.0,1.0,0.0,32546.0,0.0
627,32598.0,270.207,43.732,1018.4171,1.2156,20.5,14.0,5.808,270.0,0.0,466.0,1.0,0.0,32598.0,0.0
628,32649.0,270.207,43.763,1018.4394,1.2157,20.5,14.0,5.807,270.0,0.0,466.01,1.0,0.0,32649.0,0.0
629,32700.0,270.207,43.747,1018.43494,1.2156,20.5,14.0,5.808,270.0,0.0,466.01,1.0,0.0,32700.0,0.0
630,32751.0,270.207,43.755,1018.42596,1.2156,20.25,14.0,5.772,270.0,0.0,468.03,1.0,0.0,32751.0,0.0
631,32802.0,270.207,43.755,1018.42596,1.2156,20.0,14.0,5.736,270.0,0.0,470.05,1.0,0.0,32802.0,0.0
632,32854.0,270.207,43.747,1018.47064,1.2156,19.875,14.0,5.718,270.0,0.0,471.08,1.0,0.0,32854.0,0.0
633,32905.0,270.207,43.74,1018.42596,1.2156,19.875,14.0,5.718,270.0,0.0,471.08,1.0,0.0,32905.0,0.0
634,32956.0,270.207,43.74,1018.48413,1.2157,19.5,14.0,5.664,270.0,0.0,474.17,1.0,0.0,32956.0,0.0
635,33007.0,270.207,43.74,1018.48413,1.2156,19.25,14.0,5.628,270.0,0.0,476.24,1.0,0.0,33007.0,0.0
636,33058.0,270.207,43.747,1018.4304,1.2157,19.125,14.0,5.609,270.0,0.0,477.28,1.0,0.0,33058.0,0.0
637,33111.0,270.207,43.747,1018.40356,1.2155,17.875,14.0,5.423,270.0,0.0,487.87,1.0,0.0,33111.0,0.0
638,33162.0,270.207,43.74,1018.4304,1.2157,17.875,14.0,5.423,270.0,0.0,487.89,1.0,0.0,33162.0,0.0
639,33213.0,270.207,43.747,1018.4304,1.2156,17.875,14.0,5.423,270.0,0.0,487.87,1.0,0.0,33213.0,0.0
640,33264.0,270.207,43.755,1018.41705,1.2155,17.5,14.0,5.366,270.0,0.0,491.12,1.0,0.0,33264.0,0.0
641,33315.0,270.207,43.74,1018.4304,1.2156,17.375,14.0,5.347,270.0,0.0,492.22,1.0,0.0,33315.0,0.0
642,33367.0,270.207,43.755,1018.4304,1.2156,17.25,14.0,5.327,270.0,0.0,493.32,1.0,0.0,33367.0,0.0
643,33418.0,270.207,43.74,1018.42596,1.2155,17.0,14.0,5.289,270.0,0.0,495.51,1.0,0.0,33418.0,0.0
644,33469.0,270.207,43.74,1018.4125,1.2157,16.125,14.0,5.151,270.0,0.0,503.37,1.0,0.0,33469.0,0.0
645,33520.0,270.207,43.74,1018.3992,1.2156,16.0,14.0,5.131,270.0,0.0,504.5,1.0,0.0,33520.0,0.0
646,33571.0,270.207,43.747,1018.3992,1.2156,15.25,14.0,5.009,270.0,0.0,511.42,1.0,0.0,33571.0,0.0
647,33623.0,270.207,43.74,1018.4171,1.2156,14.875,14.0,4.947,270.0,0.0,514.95,1.0,0.0,33623.0,0.0
648,33675.0,270.207,43.74,1018.4304,1.2157,14.25,14.0,4.842,270.0,0.0,520.93,1.0,0.0,33675.0,0.0
649,33726.0,270.207,43.747,1018.40356,1.2155,14.125,14.0,4.821,270.0,0.0,522.12,1.0,0.0,33726.0,0.0
650,33777.0,270.207,43.74,1018.40356,1.2155,13.75,14.0,4.756,270.0,0.0,525.79,1.0,0.0,33777.0,0.0
651,33828.0,270.207,43.74,1018.40814,1.2156,13.75,14.0,4.756,270.0,0.0,525.8,1.0,0.0,33828.0,0.0
652,33880.0,270.207,43.747,1018.42596,1.2157,13.0,14.0,4.625,270.0,0.0,533.29,1.0,0.0,33880.0,0.0
653,33931.0,270.207,43.74,1018.43494,1.2156,12.875,14.0,4.602,270.0,0.0,534.55,1.0,0.0,33931.0,0.0
654,33982.0,270.207,43.74,1018.43494,1.2156,12.5,14.0,4.535,270.0,0.0,538.39,1.0,0.0,33982.0,0.0
655,34033.0,270.207,43.74,1018.43494,1.2156,12.25,14.0,4.489,270.0,0.0,540.99,1.0,0.0,34033.0,0.0
656,34084.0,270.207,43.747,1018.46173,1.2157,11.75,14.0,4.397,270.0,0.0,546.25,1.0,0.0,34084.0,0.0
657,34136.0,270.207,43.725,1018.3947,1.2155,11.625,14.0,4.373,270.0,0.0,547.58,1.0,0.0,34136.0,0.0
658,34187.0,270.207,43.732,1018.3947,1.2155,11.625,14.0,4.373,270.0,0.0,547.58,1.0,0.0,34187.0,0.0
659,34239.0,270.207,43.725,1018.4216,1.2156,11.625,14.0,4.373,270.0,0.0,547.59,1.0,0.0,34239.0,0.0
660,34290.0,270.207,43.747,1018.47064,1.2157,11.5,14.0,4.35,270.0,0.0,548.94,1.0,0.0,34290.0,0.0
661,34341.0,270.207,43.74,1018.47064,1.2157,11.5,14.0,4.35,270.0,0.0,548.94,1.0,0.0,34341.0,0.0
662,34393.0,270.207,43.755,1018.47064,1.2156,10.75,14.0,4.206,270.0,0.0,557.13,1.0,0.0,34393.0,0.0
663,34444.0,270.207,43.74,1018.4572,1.2157,10.75,14.0,4.205,270.0,0.0,557.14,1.0,0.0,34444.0,0.0
664,34495.0,270.207,43.74,1018.4394,1.2156,10.625,14.0,4.181,270.0,0.0,558.52,1.0,0.0,34495.0,0.0
665,34546.0,270.207,43.74,1018.39014,1.2155,10.375,14.0,4.132,270.0,0.0,561.33,1.0,0.0,34546.0,0.0
666,34597.0,270.207,43.755,1018.39014,1.2156,10.0,14.0,4.056,270.0,0.0,565.62,1.0,0.0,34597.0,0.0
667,34649.0,270.207,43.732,1018.3723,1.2155,9.875,14.0,4.031,270.0,0.0,567.06,1.0,0.0,34649.0,0.0
668,34700.0,270.207,43.755,1018.4662,1.2157,9.875,14.0,4.031,270.0,0.0,567.08,1.0,0.0,34700.0,0.0
669,34751.0,270.207,43.763,1018.41705,1.2155,9.5,14.0,3.954,270.0,0.0,571.46,1.0,0.0,34751.0,0.0
670,34802.0,270.207,43.755,1018.41705,1.2157,9.375,14.0,3.927,270.0,0.0,572.95,1.0,0.0,34802.0,0.0
671,34853.0,270.207,43.755,1018.4304,1.2156,9.125,14.0,3.875,270.0,0.0,575.95,1.0,0.0,34853.0,0.0
672,34905.0,270.207,43.747,1018.41705,1.2157,9.0,14.0,3.848,270.0,0.0,577.47,1.0,0.0,34905.0,0.0
673,34957.0,270.207,43.747,1018.41705,1.2156,9.0,14.0,3.848,270.0,0.0,577.46,1.0,0.0,34957.0,0.0
674,35008.0,270.207,43.747,1018.4528,1.2157,8.25,14.0,3.684,270.0,0.0,586.79,1.0,0.0,35008.0,0.0
675,35059.0,270.207,43.74,1018.4125,1.2156,7.875,14.0,3.6,270.0,0.0,591.59,1.0,0.0,35059.0,0.0
676,35110.0,270.207,43.747,1018.4796,1.2157,7.875,14.0,3.599,270.0,0.0,591.6,1.0,0.0,35110.0,0.0
677,35162.0,270.207,43.74,1018.4796,1.2157,7.75,14.0,3.571,270.0,0.0,593.24,1.0,0.0,35162.0,0.0
678,35213.0,270.207,43.732,1018.4437,1.2156,7.75,14.0,3.571,270.0,0.0,593.23,1.0,0.0,35213.0,0.0
679,35264.0,270.207,43.747,1018.4304,1.2157,7.375,14.0,3.483,270.0,0.0,598.22,1.0,0.0,35264.0,0.0
680,35315.0,270.207,43.747,1018.493,1.2156,7.25,14.0,3.454,270.0,0.0,599.89,1.0,0.0,35315.0,0.0
681,35366.0,270.207,43.732,1018.493,1.2157,7.25,14.0,3.454,270.0,0.0,599.9,1.0,0.0,35366.0,0.0
682,35418.0,270.207,43.74,1018.41705,1.2156,7.0,14.0,3.394,270.0,0.0,603.3,1.0,0.0,35418.0,0.0
683,35469.0,270.207,43.74,1018.4394,1.2156,7.0,14.0,3.394,270.0,0.0,603.31,0.0,0.0,35469.0,0.0
684,35520.0,270.207,43.74,1018.4216,1.2156,6.75,14.0,3.333,270.0,0.0,606.79,0.0,0.0,35520.0,0.0
685,35571.0,270.207,43.747,1018.4216,1.2157,6.75,14.0,3.332,270.0,0.0,606.79,0.0,0.0,35571.0,0.0
686,35622.0,270.207,43.74,1018.4171,1.2156,6.625,14.0,3.302,270.0,0.0,608.55,0.0,0.0,35622.0,0.0
687,35674.0,270.207,43.74,1018.4394,1.2156,6.375,14.0,3.239,270.0,0.0,612.13,0.0,0.0,35674.0,0.0
688,35725.0,270.207,43.732,1018.3992,1.2156,6.375,14.0,3.239,270.0,0.0,612.13,0.0,0.0,35725.0,0.0
689,35776.0,270.207,43.732,1018.3992,1.2156,6.125,14.0,3.174,270.0,0.0,615.78,0.0,0.0,35776.0,0.0
690,35827.0,270.207,43.725,1018.4211,1.2156,5.875,14.0,3.109,270.0,0.0,619.5,0.0,0.0,35827.0,0.0
691,35878.0,270.207,43.732,1018.40814,1.2156,5.625,14.0,3.042,270.0,0.0,623.3,0.0,0.0,35878.0,0.0
692,35930.0,270.207,43.74,1018.4125,1.2157,5.625,14.0,3.042,270.0,0.0,623.31,0.0,0.0,35930.0,0.0
693,35981.0,270.207,43.74,1018.4125,1.2155,5.375,14.0,2.974,270.0,0.0,627.18,0.0,0.0,35981.0,0.0
694,36032.0,270.207,43.747,1018.47064,1.2157,5.0,14.0,2.868,270.0,0.0,633.21,0.0,0.0,36032.0,0.0
695,36083.0,270.207,43.74,1018.42596,1.2156,5.0,14.0,2.868,270.0,0.0,633.2,0.0,0.0,36083.0,0.0
696,36135.0,270.207,43.732,1018.47516,1.2157,4.875,14.0,2.832,270.0,0.0,635.25,0.0,0.0,36135.0,0.0
697,36187.0,270.207,43.74,1018.47516,1.2157,4.75,14.0,2.795,270.0,0.0,637.34,0.0,0.0,36187.0,0.0
698,36238.0,270.207,43.732,1018.4437,1.2156,4.75,14.0,2.795,270.0,0.0,637.33,0.0,0.0,36238.0,0.0
699,36289.0,270.207,43.747,1018.3992,1.2156,4.625,14.0,2.758,270.0,0.0,639.44,0.0,0.0,36289.0,0.0
700,36340.0,270.207,43.74,1018.3992,1.2156,4.125,14.0,2.605,270.0,0.0,648.16,0.0,0.0,36340.0,0.0
701,36391.0,270.207,43.74,1018.4881,1.2157,4.0,14.0,2.565,270.0,0.0,650.43,0.0,0.0,36391.0,0.0
702,36443.0,270.207,43.74,1018.4304,1.2156,4.0,14.0,2.565,270.0,0.0,650.42,0.0,0.0,36443.0,0.0
703,36494.0,270.207,43.74,1018.3947,1.2156,3.875,14.0,2.525,270.0,0.0,652.72,0.0,0.0,36494.0,0.0
704,36545.0,270.207,43.74,1018.3947,1.2156,3.625,14.0,2.442,270.0,0.0,657.43,0.0,0.0,36545.0,0.0
705,36596.0,270.207,43.74,1018.4528,1.2157,3.5,14.0,2.4,270.0,0.0,659.85,0.0,0.0,36596.0,0.0
706,36647.0,270.207,43.74,1018.4389,1.2157,3.375,14.0,2.356,270.0,0.0,662.31,0.0,0.0,36647.0,0.0
707,36699.0,270.207,43.74,1018.47064,1.2157,3.375,14.0,2.356,270.0,0.0,662.31,0.0,0.0,36699.0,0.0
708,36750.0,270.207,43.74,1018.47064,1.2156,3.25,14.0,2.312,270.0,0.0,664.81,0.0,0.0,36750.0,0.0
709,36801.0,270.207,43.747,1018.42596,1.2156,3.25,14.0,2.312,270.0,0.0,664.81,0.0,0.0,36801.0,0.0
710,36852.0,270.207,43.74,1018.47064,1.2157,3.125,14.0,2.267,270.0,0.0,667.37,0.0,0.0,36852.0,0.0
711,36903.0,270.207,43.725,1018.4304,1.2156,3.125,14.0,2.268,270.0,0.0,667.36,0.0,0.0,36903.0,0.0
712,36955.0,270.207,43.755,1018.4304,1.2156,3.125,14.0,2.268,270.0,0.0,667.36,0.0,0.0,36955.0,0.0
713,37006.0,270.207,43.747,1018.4211,1.2156,3.125,14.0,2.268,270.0,0.0,667.36,0.0,0.0,37006.0,0.0
714,37057.0,270.207,43.74,1018.47064,1.2157,3.0,14.0,2.222,270.0,0.0,669.98,0.0,0.0,37057.0,0.0
715,37108.0,270.207,43.755,1018.4528,1.2157,2.875,14.0,2.175,270.0,0.0,672.63,0.0,0.0,37108.0,0.0
716,37159.0,270.207,43.763,1018.4528,1.2156,2.875,14.0,2.175,270.0,0.0,672.63,0.0,0.0,37159.0,0.0
717,37211.0,270.207,43.732,1018.4304,1.2156,2.75,14.0,2.127,270.0,0.0,675.35,0.0,0.0,37211.0,0.0
718,37262.0,270.207,43.747,1018.46124,1.2157,2.625,14.0,2.078,270.0,0.0,678.13,0.0,0.0,37262.0,0.0
719,37313.0,270.207,43.74,1018.44836,1.2156,2.625,14.0,2.078,270.0,0.0,678.13,0.0,0.0,37313.0,0.0
720,37364.0,270.207,43.732,1018.44836,1.2157,2.625,14.0,2.078,270.0,0.0,678.13,0.0,0.0,37364.0,0.0
721,37416.0,270.207,43.747,1018.4394,1.2156,2.625,14.0,2.078,270.0,0.0,678.13,0.0,0.0,37416.0,0.0
722,37468.0,270.207,43.755,1018.4528,1.2156,2.625,14.0,2.078,270.0,0.0,678.13,0.0,0.0,37468.0,0.0
723,37519.0,270.207,43.763,1018.4037,1.2155,2.5,14.0,2.028,270.0,0.0,680.98,0.0,0.0,37519.0,0.0
724,37570.0,270.207,43.74,1018.4037,1.2156,2.5,14.0,2.028,270.0,0.0,680.98,0.0,0.0,37570.0,0.0
725,37621.0,270.207,43.74,1018.44836,1.2156,2.5,14.0,2.028,270.0,0.0,680.98,0.0,0.0,37621.0,0.0
726,37672.0,270.207,43.763,1018.4216,1.2155,2.5,14.0,2.028,270.0,0.0,680.98,0.0,0.0,37672.0,0.0
727,37724.0,270.207,43.747,1018.4216,1.2156,2.5,14.0,2.028,270.0,0.0,680.98,0.0,0.0,37724.0,0.0
728,37775.0,270.207,43.747,1018.34546,1.2155,2.5,14.0,2.028,270.0,0.0,680.98,0.0,0.0,37775.0,0.0
729,37826.0,270.207,43.755,1018.3942,1.2156,2.375,14.0,1.977,270.0,0.0,683.9,0.0,0.0,37826.0,0.0
730,37877.0,270.207,43.747,1018.42596,1.2156,2.375,14.0,1.977,270.0,0.0,683.9,0.0,0.0,37877.0,0.0
731,37928.0,270.207,43.747,1018.42596,1.2156,2.375,14.0,1.977,270.0,0.0,683.9,0.0,0.0,37928.0,0.0
732,37980.0,270.207,43.74,1018.44836,1.2157,2.375,14.0,1.977,270.0,0.0,683.9,0.0,0.0,37980.0,0.0
733,38031.0,270.207,43.732,1018.3992,1.2156,2.25,14.0,1.924,270.0,0.0,686.9,0.0,0.0,38031.0,0.0
734,38082.0,270.207,43.755,1018.41705,1.2156,2.25,14.0,1.924,270.0,0.0,686.9,0.0,0.0,38082.0,0.0
735,38133.0,270.207,43.755,1018.41705,1.2156,2.25,14.0,1.924,270.0,0.0,686.9,0.0,0.0,38133.0,0.0
736,38184.0,270.207,43.732,1018.40814,1.2157,2.25,14.0,1.924,270.0,0.0,686.9,0.0,0.0,38184.0,0.0
737,38236.0,270.207,43.747,1018.40814,1.2156,2.25,14.0,1.924,270.0,0.0,686.9,0.0,0.0,38236.0,0.0
738,38287.0,270.207,43.732,1018.4841,1.2157,2.125,14.0,1.87,270.0,0.0,689.99,0.0,0.0,38287.0,0.0
739,38338.0,270.207,43.747,1018.4841,1.2157,2.125,14.0,1.87,270.0,0.0,689.99,0.0,0.0,38338.0,0.0
740,38389.0,270.207,43.74,1018.40356,1.2156,2.125,14.0,1.87,270.0,0.0,689.98,0.0,0.0,38389.0,0.0
741,38440.0,270.207,43.74,1018.4528,1.2157,2.125,14.0,1.87,270.0,0.0,689.99,0.0,0.0,38440.0,0.0
742,38492.0,270.207,43.74,1018.4125,1.2155,2.0,14.0,1.814,270.0,0.0,693.15,0.0,0.0,38492.0,0.0
743,38543.0,270.207,43.74,1018.4125,1.2155,2.0,14.0,1.814,270.0,0.0,693.15,0.0,0.0,38543.0,0.0
744,38595.0,270.207,43.747,1018.4304,1.2156,1.875,14.0,1.756,270.0,0.0,696.43,0.0,0.0,38595.0,0.0
745,38646.0,270.207,43.732,1018.42596,1.2156,1.875,14.0,1.756,270.0,0.0,696.43,0.0,0.0,38646.0,0.0
746,38697.0,270.207,43.732,1018.4747,1.2156,1.875,14.0,1.756,270.0,0.0,696.43,0.0,0.0,38697.0,0.0
747,38749.0,270.207,43.732,1018.4747,1.2157,1.875,14.0,1.756,270.0,0.0,696.44,0.0,0.0,38749.0,0.0
748,38800.0,270.207,43.74,1018.4345,1.2155,1.875,14.0,1.757,270.0,0.0,696.43,0.0,0.0,38800.0,0.0
749,38851.0,270.207,43.747,1018.4255,1.2156,1.875,14.0,1.756,270.0,0.0,696.43,0.0,0.0,38851.0,0.0
750,38902.0,270.207,43.763,1018.4437,1.2156,1.875,14.0,1.756,270.0,0.0,696.43,0.0,0.0,38902.0,0.0
751,38953.0,270.207,43.74,1018.4437,1.2156,1.875,14.0,1.756,270.0,0.0,696.43,0.0,0.0,38953.0,0.0
752,39005.0,270.207,43.74,1018.41705,1.2156,1.875,14.0,1.756,270.0,0.0,696.43,0.0,0.0,39005.0,0.0
753,39056.0,270.207,43.74,1018.4304,1.2157,1.875,14.0,1.756,270.0,0.0,696.44,0.0,0.0,39056.0,0.0
754,39107.0,270.207,43.747,1018.4304,1.2156,1.875,14.0,1.756,270.0,0.0,696.43,0.0,0.0,39107.0,0.0
755,39158.0,270.207,43.747,1018.42596,1.2156,1.875,14.0,1.756,270.0,0.0,696.43,0.0,0.0,39158.0,0.0
756,39209.0,270.207,43.755,1018.4975,1.2157,1.875,14.0,1.756,270.0,0.0,696.44,0.0,0.0,39209.0,0.0
757,39261.0,270.207,43.74,1018.40356,1.2155,1.75,14.0,1.697,270.0,0.0,699.82,0.0,0.0,39261.0,0.0
758,39312.0,270.207,43.755,1018.40356,1.2156,1.75,14.0,1.697,270.0,0.0,699.82,0.0,0.0,39312.0,0.0
759,39363.0,270.207,43.74,1018.4125,1.2157,1.625,14.0,1.635,270.0,0.0,703.34,0.0,0.0,39363.0,0.0
760,39414.0,270.207,43.747,1018.4528,1.2156,1.625,14.0,1.635,270.0,0.0,703.33,0.0,0.0,39414.0,0.0
761,39465.0,270.207,43.74,1018.42596,1.2155,1.625,14.0,1.635,270.0,0.0,703.33,0.0,0.0,39465.0,0.0
762,39517.0,270.207,43.747,1018.42596,1.2156,1.625,14.0,1.635,270.0,0.0,703.33,0.0,0.0,39517.0,0.0
763,39568.0,270.207,43.747,1018.4662,1.2157,1.625,14.0,1.635,270.0,0.0,703.34,0.0,0.0,39568.0,0.0
764,39619.0,270.207,43.747,1018.4304,1.2155,1.625,14.0,1.635,270.0,0.0,703.33,0.0,0.0,39619.0,0.0
765,39671.0,270.207,43.74,1018.42596,1.2156,1.625,14.0,1.635,270.0,0.0,703.33,0.0,0.0,39671.0,0.0
766,39723.0,270.207,43.74,1018.42596,1.2156,1.625,14.0,1.635,270.0,0.0,703.34,0.0,0.0,39723.0,0.0
767,39774.0,270.207,43.747,1018.4662,1.2157,1.625,14.0,1.635,270.0,0.0,703.34,0.0,0.0,39774.0,0.0
768,39825.0,270.207,43.755,1018.3942,1.2156,1.625,14.0,1.635,270.0,0.0,703.34,0.0,0.0,39825.0,0.0
769,39876.0,270.207,43.747,1018.3992,1.2155,1.625,14.0,1.635,270.0,0.0,703.33,0.0,0.0,39876.0,0.0
770,39927.0,270.207,43.755,1018.3992,1.2155,1.625,14.0,1.635,270.0,0.0,703.33,0.0,0.0,39927.0,0.0
771,39979.0,270.207,43.747,1018.42596,1.2156,1.625,14.0,1.635,270.0,0.0,703.33,0.0,0.0,39979.0,0.0
772,40030.0,270.207,43.747,1018.4121,1.2156,1.5,14.0,1.571,270.0,0.0,706.98,0.0,0.0,40030.0,0.0
773,40081.0,270.207,43.732,1018.41705,1.2156,1.5,14.0,1.571,270.0,0.0,706.98,0.0,0.0,40081.0,0.0
774,40132.0,270.207,43.747,1018.41705,1.2156,1.5,14.0,1.571,270.0,0.0,706.98,0.0,0.0,40132.0,0.0
775,40183.0,270.207,43.747,1018.42596,1.2156,1.5,14.0,1.571,270.0,0.0,706.98,0.0,0.0,40183.0,0.0
776,40235.0,270.207,43.74,1018.4394,1.2156,1.5,14.0,1.571,270.0,0.0,706.98,0.0,0.0,40235.0,0.0
777,40286.0,270.207,43.755,1018.4394,1.2156,1.375,14.0,1.504,270.0,0.0,710.78,0.0,0.0,40286.0,0.0
778,40337.0,270.207,43.74,1018.4394,1.2157,1.375,14.0,1.504,270.0,0.0,710.79,0.0,0.0,40337.0,0.0
779,40388.0,270.207,43.74,1018.4528,1.2156,1.375,14.0,1.504,270.0,0.0,710.78,0.0,0.0,40388.0,0.0
780,40439.0,270.207,43.74,1018.4572,1.2156,1.375,14.0,1.504,270.0,0.0,710.78,0.0,0.0,40439.0,0.0
781,40491.0,270.207,43.74,1018.4572,1.2157,1.375,14.0,1.504,270.0,0.0,710.79,0.0,0.0,40491.0,0.0
782,40542.0,270.207,43.74,1018.42596,1.2156,1.375,14.0,1.504,270.0,0.0,710.78,0.0,0.0,40542.0,0.0
783,40593.0,270.207,43.732,1018.41705,1.2157,1.375,14.0,1.504,270.0,0.0,710.78,0.0,0.0,40593.0,0.0
784,40644.0,270.207,43.732,1018.3858,1.2156,1.25,14.0,1.434,270.0,0.0,714.77,0.0,0.0,40644.0,0.0
785,40695.0,270.207,43.732,1018.3858,1.2156,1.25,14.0,1.434,270.0,0.0,714.77,0.0,0.0,40695.0,0.0
786,40748.0,270.207,43.732,1018.4125,1.2155,1.25,14.0,1.434,270.0,0.0,714.77,0.0,0.0,40748.0,0.0
787,40799.0,270.207,43.74,1018.36835,1.2156,1.25,14.0,1.434,270.0,0.0,714.77,0.0,0.0,40799.0,0.0
788,40850.0,270.207,43.725,1018.43536,1.2157,1.25,14.0,1.434,270.0,0.0,714.77,0.0,0.0,40850.0,0.0
789,40901.0,270.207,43.74,1018.43536,1.2156,1.25,14.0,1.434,270.0,0.0,714.77,0.0,0.0,40901.0,0.0
790,40952.0,270.207,43.74,1018.4487,1.2156,1.125,14.0,1.361,270.0,0.0,718.95,0.0,0.0,40952.0,0.0
791,41004.0,270.207,43.74,1018.3996,1.2155,1.125,14.0,1.361,270.0,0.0,718.95,0.0,0.0,41004.0,0.0
792,41055.0,270.207,43.74,1018.4264,1.2157,1.125,14.0,1.361,270.0,0.0,718.95,0.0,0.0,41055.0,0.0
793,41106.0,270.207,43.747,1018.4264,1.2157,1.0,14.0,1.283,270.0,0.0,723.38,0.0,0.0,41106.0,0.0
794,41157.0,270.207,43.747,1018.41296,1.2157,1.0,14.0,1.283,270.0,0.0,723.38,0.0,0.0,41157.0,0.0
795,41208.0,270.207,43.74,1018.41296,1.2156,1.0,14.0,1.283,270.0,0.0,723.38,0.0,0.0,41208.0,0.0
796,41260.0,270.207,43.74,1018.4216,1.2156,0.875,14.0,1.2,270.0,0.0,728.08,0.0,0.0,41260.0,0.0
797,41311.0,270.207,43.755,1018.4216,1.2156,0.875,14.0,1.2,270.0,0.0,728.08,0.0,0.0,41311.0,0.0
798,41362.0,270.207,43.74,1018.41705,1.2155,0.875,14.0,1.2,270.0,0.0,728.08,0.0,0.0,41362.0,0.0
799,41413.0,270.207,43.74,1018.42596,1.2156,0.875,14.0,1.2,270.0,0.0,728.09,0.0,0.0,41413.0,0.0
800,41464.0,270.207,43.74,1018.4572,1.2156,0.875,14.0,1.2,270.0,0.0,728.09,0.0,0.0,41464.0,0.0
801,41516.0,270.207,43.732,1018.4572,1.2156,0.875,14.0,1.2,270.0,0.0,728.09,0.0,0.0,41516.0,0.0
802,41567.0,270.207,43.747,1018.3812,1.2156,0.875,14.0,1.2,270.0,0.0,728.09,0.0,0.0,41567.0,0.0
803,41618.0,270.207,43.732,1018.44836,1.2157,0.875,14.0,1.2,270.0,0.0,728.09,0.0,0.0,41618.0,0.0
804,41669.0,270.207,43.732,1018.3812,1.2156,0.875,14.0,1.2,270.0,0.0,728.08,0.0,0.0,41669.0,0.0
805,41720.0,270.207,43.74,1018.3812,1.2156,0.875,14.0,1.2,270.0,0.0,728.09,0.0,0.0,41720.0,0.0
806,41772.0,270.207,43.74,1018.40814,1.2156,0.75,14.0,1.111,270.0,0.0,733.15,0.0,0.0,41772.0,0.0
807,41823.0,270.207,43.755,1018.3501,1.2155,0.75,14.0,1.111,270.0,0.0,733.15,0.0,0.0,41823.0,0.0
808,41874.0,270.207,43.747,1018.3501,1.2156,0.75,14.0,1.111,270.0,0.0,733.15,0.0,0.0,41874.0,0.0
809,41925.0,270.207,43.747,1018.43494,1.2157,0.75,14.0,1.111,270.0,0.0,733.16,0.0,0.0,41925.0,0.0
810,41976.0,270.207,43.747,1018.3992,1.2155,0.625,14.0,1.014,270.0,0.0,738.65,0.0,0.0,41976.0,0.0
811,42028.0,270.207,43.732,1018.4394,1.2157,0.625,14.0,1.014,270.0,0.0,738.66,0.0,0.0,42028.0,0.0
812,42079.0,270.207,43.747,1018.4394,1.2156,0.625,14.0,1.014,270.0,0.0,738.66,0.0,0.0,42079.0,0.0
813,42130.0,270.207,43.732,1018.4171,1.2156,0.625,14.0,1.014,270.0,0.0,738.65,0.0,0.0,42130.0,0.0
814,42181.0,270.207,43.74,1018.46173,1.2156,0.625,14.0,1.014,270.0,0.0,738.66,0.0,0.0,42181.0,0.0
815,42233.0,270.207,43.74,1018.4216,1.2157,0.625,14.0,1.014,270.0,0.0,738.66,0.0,0.0,42233.0,0.0
816,42285.0,270.207,43.747,1018.4216,1.2156,0.625,14.0,1.014,270.0,0.0,738.66,0.0,0.0,42285.0,0.0
817,42336.0,270.207,43.74,1018.4171,1.2156,0.625,14.0,1.014,270.0,0.0,738.65,0.0,0.0,42336.0,0.0
818,42387.0,270.207,43.725,1018.40814,1.2157,0.625,14.0,1.014,270.0,0.0,738.66,0.0,0.0,42387.0,0.0
819,42438.0,270.207,43.74,1018.3992,1.2156,0.5,14.0,0.907,270.0,0.0,744.74,0.0,0.0,42438.0,0.0
820,42489.0,270.207,43.725,1018.3992,1.2156,0.5,14.0,0.907,270.0,0.0,744.74,0.0,0.0,42489.0,0.0
821,42541.0,270.207,43.725,1018.44836,1.2157,0.5,14.0,0.907,270.0,0.0,744.74,0.0,0.0,42541.0,0.0
822,42592.0,270.207,43.74,1018.43494,1.2156,0.5,14.0,0.907,270.0,0.0,744.74,0.0,0.0,42592.0,0.0
823,42643.0,270.207,43.732,1018.42596,1.2155,0.5,14.0,0.907,270.0,0.0,744.74,0.0,0.0,42643.0,0.0
824,42694.0,270.207,43.74,1018.42596,1.2157,0.5,14.0,0.907,270.0,0.0,744.74,0.0,0.0,42694.0,0.0
825,42745.0,270.207,43.74,1018.4394,1.2156,0.5,14.0,0.907,270.0,0.0,744.74,0.0,0.0,42745.0,0.0
826,42797.0,270.207,43.747,1018.40814,1.2156,0.5,14.0,0.907,270.0,0.0,744.74,0.0,0.0,42797.0,0.0
827,42848.0,270.207,43.725,1018.4394,1.2157,0.5,14.0,0.907,270.0,0.0,744.74,0.0,0.0,42848.0,0.0
828,42899.0,270.207,43.732,1018.4394,1.2156,0.5,14.0,0.907,270.0,0.0,744.74,0.0,0.0,42899.0,0.0
829,42950.0,270.207,43.725,1018.4216,1.2155,0.5,14.0,0.907,270.0,0.0,744.74,0.0,0.0,42950.0,0.0
830,43001.0,270.207,43.755,1018.44836,1.2156,0.5,14.0,0.907,270.0,0.0,744.74,0.0,0.0,43001.0,0.0
