Muestra,Temp,Hum,Pres,Den,Vol,DP,DP1,DP2,DP3,Vel1,Vel2,Vel3,Vel4,Tiempo,PWM,Paro,Hum2
0,23.271,29.931,102225.25,1.198,2.57388,-0.125,-0.048,-0.037,0.125,0.0,0.457,0.283,0.248,621.0,50.0,1.0,29.753
1,23.271,29.946,102218.86,1.1979,2.574,0.0,-0.033,-0.029,0.125,0.02,0.457,0.236,0.222,675.0,50.0,1.0,29.787
2,23.249,29.915,102219.25,1.198,2.57413,0.125,0.014,0.001,0.125,0.457,0.457,0.154,0.049,730.0,50.0,1.0,29.743
3,23.249,29.938,102219.25,1.198,2.57438,0.375,0.122,0.076,0.125,0.792,0.457,0.452,0.357,784.0,50.0,1.0,29.743
4,23.249,29.931,102220.984,1.1981,2.57438,0.375,0.198,0.136,0.125,0.791,0.457,0.575,0.477,838.0,50.0,1.0,29.788
5,23.292,29.931,102222.28,1.1979,2.57413,0.125,0.176,0.134,0.125,0.457,0.457,0.543,0.473,892.0,50.0,1.0,29.8
6,23.281,29.915,102215.05,1.1979,2.57388,-0.125,0.086,0.082,0.125,0.0,0.457,0.379,0.37,947.0,50.0,1.0,29.777
7,23.26,29.923,102215.05,1.1979,2.57413,0.125,0.098,0.091,0.125,0.457,0.457,0.404,0.389,1001.0,50.0,1.0,29.777
8,23.26,29.931,102219.95,1.198,2.57388,-0.125,0.031,0.048,0.125,0.0,0.457,0.228,0.282,1055.0,50.0,1.0,29.723
9,23.26,29.915,102217.69,1.198,2.57388,-0.125,-0.016,0.013,0.125,0.0,0.457,0.162,0.148,1110.0,50.0,1.0,29.756
10,23.281,29.915,102219.484,1.1979,2.5735,-0.5,-0.161,-0.089,0.125,0.0,0.457,0.518,0.386,1164.0,50.0,1.0,29.723
11,23.281,29.931,102223.95,1.198,2.57388,-0.125,-0.15,-0.096,0.125,0.0,0.457,0.5,0.401,1218.0,50.0,1.0,29.745
12,23.281,29.938,102223.95,1.198,2.574,0.0,-0.105,-0.077,0.125,0.02,0.457,0.419,0.359,1272.0,50.0,1.0,29.745
13,23.26,29.908,102220.336,1.198,2.57363,-0.375,-0.186,-0.137,0.125,0.0,0.457,0.557,0.478,1328.0,50.0,1.0,29.745
14,23.281,29.915,102219.42,1.1979,2.57363,-0.375,-0.243,-0.184,0.125,0.0,0.457,0.636,0.555,1382.0,50.0,1.0,29.768
15,23.271,29.908,102218.984,1.198,2.57338,-0.625,-0.357,-0.272,0.125,0.0,0.457,0.772,0.674,1436.0,50.0,1.0,29.724
16,23.26,29.923,102219.42,1.198,2.57375,-0.25,-0.325,-0.268,0.125,0.0,0.457,0.737,0.669,1490.0,50.0,1.0,29.768
17,23.26,29.915,102219.42,1.198,2.57388,-0.125,-0.265,-0.239,0.125,0.0,0.457,0.665,0.632,1545.0,50.0,1.0,29.768
18,23.26,29.908,102220.78,1.198,2.57338,-0.625,-0.373,-0.316,0.125,0.0,0.457,0.789,0.727,1599.0,50.0,1.0,29.757
19,23.281,29.915,102221.22,1.1979,2.57375,-0.25,-0.336,-0.303,0.125,0.0,0.457,0.749,0.711,1653.0,50.0,1.0,29.724
20,23.271,29.931,102219.42,1.198,2.5735,-0.5,-0.385,-0.342,0.125,0.0,0.457,0.802,0.756,1708.0,50.0,1.0,29.757
21,23.281,29.908,102219.42,1.1979,2.57313,-0.875,-0.532,-0.449,0.125,0.0,0.457,0.942,0.866,1762.0,50.0,1.0,29.757
22,23.271,29.915,102220.78,1.198,2.57363,-0.375,-0.485,-0.434,0.125,0.0,0.457,0.9,0.851,1817.0,50.0,1.0,29.745
23,23.292,29.931,102224.34,1.1979,2.57388,-0.125,-0.377,-0.372,0.125,0.0,0.457,0.793,0.788,1871.0,50.0,1.0,29.757
24,23.281,29.923,102218.016,1.1979,2.574,0.0,-0.264,-0.298,0.125,0.02,0.457,0.664,0.705,1926.0,50.0,1.0,29.724
25,23.26,29.908,102222.516,1.198,2.57325,-0.75,-0.41,-0.388,0.125,0.0,0.457,0.827,0.805,1980.0,50.0,1.0,29.747
26,23.271,29.915,102222.516,1.198,2.57425,0.25,-0.212,-0.26,0.125,0.646,0.457,0.594,0.659,2034.0,50.0,1.0,29.747
27,23.271,29.908,102220.72,1.198,2.574,0.0,-0.148,-0.208,0.0,0.02,0.02,0.497,0.59,2088.0,50.0,1.0,29.746
28,23.281,29.908,102216.66,1.1979,2.5735,-0.212,-0.167,-0.209,0.0,0.0,0.02,0.529,0.591,2143.0,50.0,1.0,29.746
29,23.271,29.915,102219.375,1.198,2.57413,0.412,0.007,-0.085,0.0,0.83,0.02,0.105,0.376,2197.0,50.0,1.0,29.724
30,23.26,29.908,102219.375,1.198,2.57363,-0.088,-0.022,-0.085,0.0,0.0,0.02,0.19,0.378,2251.0,50.0,1.0,29.724
31,23.281,29.908,102221.164,1.1979,2.574,0.287,0.071,-0.011,0.25,0.693,0.646,0.344,0.134,2306.0,50.0,1.0,29.747
32,23.292,29.923,102219.34,1.1979,2.57388,0.163,0.099,0.024,0.163,0.521,0.521,0.406,0.2,2360.0,50.0,1.0,29.747
33,23.271,29.908,102223.875,1.198,2.5735,-0.212,0.005,-0.023,0.163,0.0,0.521,0.093,0.198,2414.0,50.0,1.0,29.735
34,23.271,29.923,102221.61,1.198,2.57375,0.037,0.015,-0.011,0.163,0.25,0.521,0.158,0.137,2468.0,50.0,1.0,29.77
35,23.292,29.915,102221.61,1.1979,2.57388,0.163,0.059,0.024,0.163,0.521,0.521,0.314,0.198,2523.0,50.0,1.0,29.77
36,23.249,29.9,102220.25,1.1981,2.57375,0.037,0.053,0.026,0.163,0.25,0.521,0.296,0.21,2577.0,50.0,1.0,29.702
37,23.26,29.908,102222.516,1.198,2.574,0.287,0.123,0.079,0.163,0.693,0.521,0.453,0.362,2631.0,50.0,1.0,29.714
38,23.292,29.915,102222.96,1.1979,2.57388,0.163,0.135,0.095,0.163,0.521,0.521,0.475,0.399,2686.0,50.0,1.0,29.735
39,23.26,29.915,102224.31,1.1981,2.5735,-0.212,0.031,0.034,0.163,0.0,0.521,0.226,0.237,2741.0,50.0,1.0,29.702
40,23.26,29.915,102224.31,1.1981,2.5735,-0.212,-0.042,-0.015,0.163,0.0,0.521,0.266,0.161,2795.0,50.0,1.0,29.702
41,23.292,29.908,102223.875,1.1979,2.57388,0.163,0.019,0.02,0.163,0.521,0.521,0.179,0.183,2849.0,50.0,1.0,29.791
42,23.249,29.908,102218.91,1.198,2.57325,-0.463,-0.125,-0.076,0.163,0.0,0.521,0.457,0.357,2904.0,50.0,1.0,29.68
43,23.271,29.908,102222.96,1.198,2.5735,-0.212,-0.151,-0.104,0.163,0.0,0.521,0.503,0.416,2958.0,50.0,1.0,29.77
44,23.281,29.908,102222.96,1.198,2.57375,0.037,-0.095,-0.075,0.163,0.25,0.521,0.398,0.355,3012.0,50.0,1.0,29.77
45,23.271,29.915,102218.91,1.198,2.57363,-0.088,-0.093,-0.078,0.163,0.0,0.521,0.393,0.361,3066.0,50.0,1.0,29.691
46,23.271,29.908,102222.05,1.198,2.57375,0.037,-0.054,-0.055,0.163,0.25,0.521,0.299,0.302,3121.0,50.0,1.0,29.702
47,23.271,29.938,102218.91,1.1979,2.57375,0.037,-0.026,-0.036,0.163,0.25,0.521,0.21,0.246,3175.0,50.0,1.0,29.68
48,23.271,29.915,102220.695,1.198,2.57363,-0.088,-0.045,-0.047,0.163,0.0,0.521,0.273,0.279,3229.0,50.0,1.0,29.714
49,23.271,29.908,102220.695,1.198,2.57363,-0.088,-0.058,-0.055,0.163,0.0,0.521,0.31,0.302,3283.0,50.0,1.0,29.714
50,23.26,29.908,102221.61,1.198,2.57375,0.037,-0.029,-0.036,0.163,0.25,0.521,0.22,0.246,3338.0,50.0,1.0,29.758
51,23.281,29.908,102220.695,1.1979,2.57375,0.037,-0.009,-0.022,0.037,0.25,0.25,0.123,0.19,3393.0,50.0,1.0,29.702
52,23.281,29.915,102223.43,1.198,2.57313,-0.588,-0.183,-0.135,0.037,0.0,0.25,0.552,0.474,3447.0,50.0,1.0,29.735
53,23.281,29.915,102223.43,1.198,2.57338,-0.337,-0.229,-0.175,0.037,0.0,0.25,0.618,0.541,3502.0,50.0,1.0,29.735
54,23.26,29.908,102222.516,1.198,2.57375,0.037,-0.149,-0.133,0.037,0.25,0.25,0.499,0.471,3556.0,50.0,1.0,29.702
55,23.26,29.892,102217.99,1.198,2.5735,-0.212,-0.168,-0.149,0.037,0.0,0.25,0.53,0.498,3610.0,50.0,1.0,29.77
56,23.281,29.923,102221.61,1.1979,2.57425,0.538,0.044,-0.011,0.037,0.947,0.25,0.27,0.138,3664.0,50.0,1.0,29.747
57,23.292,29.915,102216.19,1.1978,2.5735,-0.212,-0.033,-0.052,0.037,0.0,0.25,0.236,0.294,3719.0,50.0,1.0,29.714
58,23.281,29.908,102216.19,1.1979,2.574,0.287,0.063,0.016,0.037,0.693,0.25,0.324,0.164,3773.0,50.0,1.0,29.714
59,23.271,29.877,102217.55,1.1979,2.57375,0.037,0.055,0.02,0.037,0.25,0.25,0.304,0.185,3827.0,50.0,1.0,29.758
60,23.292,29.908,102217.99,1.1978,2.57363,-0.088,0.012,-0.001,0.037,0.0,0.25,0.144,0.044,3881.0,50.0,1.0,29.714
61,23.292,29.908,102222.05,1.1979,2.57375,0.037,0.02,0.007,0.037,0.25,0.25,0.182,0.104,3936.0,50.0,1.0,29.702
62,23.292,29.908,102218.45,1.1979,2.57413,0.412,0.138,0.088,0.037,0.83,0.25,0.479,0.383,3990.0,50.0,1.0,29.725
63,23.281,29.908,102218.45,1.1979,2.57425,0.538,0.258,0.178,0.037,0.947,0.25,0.656,0.545,4044.0,50.0,1.0,29.725
64,23.292,29.908,102216.64,1.1978,2.57438,0.663,0.379,0.275,0.037,1.052,0.25,0.796,0.677,4099.0,50.0,1.0,29.714
65,23.26,29.908,102221.55,1.198,2.57375,0.037,0.277,0.227,0.037,0.25,0.25,0.68,0.616,4154.0,50.0,1.0,29.725
66,23.281,29.9,102217.99,1.1979,2.57363,-0.088,0.167,0.164,0.037,0.0,0.25,0.529,0.524,4208.0,50.0,1.0,29.747
67,23.292,29.908,102217.99,1.1978,2.57375,0.037,0.128,0.139,0.037,0.25,0.25,0.463,0.482,4262.0,50.0,1.0,29.747
68,23.281,29.915,102217.484,1.1979,2.57363,-0.088,0.064,0.094,0.037,0.0,0.25,0.326,0.395,4317.0,50.0,1.0,29.702
69,23.281,29.923,102218.84,1.1979,2.574,0.287,0.131,0.132,0.037,0.693,0.25,0.467,0.47,4371.0,50.0,1.0,29.747
70,23.26,29.9,102220.695,1.198,2.574,0.287,0.178,0.163,0.287,0.693,0.693,0.545,0.522,4425.0,50.0,1.0,29.714
71,23.281,29.908,102218.4,1.1979,2.57388,0.163,0.173,0.163,0.163,0.521,0.521,0.538,0.522,4480.0,50.0,1.0,29.735
72,23.281,29.908,102218.4,1.1979,2.57338,-0.337,0.02,0.063,0.163,0.0,0.521,0.183,0.325,4534.0,50.0,1.0,29.735
73,23.281,29.908,102217.99,1.1979,2.57413,0.412,0.138,0.133,0.287,0.83,0.693,0.48,0.471,4588.0,50.0,1.0,29.714
74,23.271,29.908,102219.75,1.198,2.574,0.287,0.183,0.164,0.287,0.693,0.693,0.552,0.523,4642.0,50.0,1.0,29.691
75,23.26,29.908,102221.11,1.198,2.57388,0.163,0.177,0.164,0.287,0.521,0.693,0.543,0.523,4698.0,50.0,1.0,29.725
76,23.271,29.915,102221.11,1.198,2.57438,0.663,0.322,0.263,0.287,1.052,0.693,0.734,0.663,4752.0,50.0,1.0,29.725
77,23.292,29.908,102217.55,1.1978,2.57375,0.037,0.237,0.218,0.287,0.25,0.693,0.629,0.604,4806.0,50.0,1.0,29.725
78,23.26,29.908,102219.75,1.198,2.57363,-0.088,0.14,0.157,0.287,0.0,0.693,0.483,0.512,4860.0,50.0,1.0,29.747
79,23.292,29.9,102217.05,1.1978,2.57375,0.037,0.109,0.133,0.287,0.25,0.693,0.426,0.471,4915.0,50.0,1.0,29.735
80,23.281,29.9,102221.11,1.1979,2.57388,0.163,0.125,0.139,0.163,0.521,0.521,0.457,0.482,4969.0,50.0,1.0,29.725
81,23.271,29.908,102221.11,1.198,2.57388,0.163,0.136,0.144,0.163,0.521,0.521,0.477,0.49,5023.0,50.0,1.0,29.725
82,23.271,29.915,102219.34,1.198,2.57375,0.037,0.107,0.122,0.163,0.25,0.521,0.422,0.452,5078.0,50.0,1.0,29.725
83,23.271,29.915,102220.195,1.198,2.57413,0.412,0.198,0.18,0.287,0.83,0.693,0.575,0.549,5133.0,50.0,1.0,29.68
84,23.271,29.908,102218.4,1.1979,2.574,0.287,0.225,0.202,0.287,0.693,0.693,0.613,0.581,5187.0,50.0,1.0,29.714
85,23.292,29.908,102223.34,1.1979,2.57388,0.163,0.206,0.194,0.163,0.521,0.521,0.587,0.569,5241.0,50.0,1.0,29.702
86,23.281,29.908,102223.34,1.198,2.57363,-0.088,0.118,0.138,0.163,0.0,0.521,0.444,0.479,5296.0,50.0,1.0,29.702
87,23.281,29.9,102221.984,1.1979,2.57375,0.037,0.094,0.118,0.163,0.25,0.521,0.396,0.443,5350.0,50.0,1.0,29.702
88,23.281,29.931,102222.44,1.1979,2.57388,0.163,0.115,0.127,0.163,0.521,0.521,0.437,0.46,5404.0,50.0,1.0,29.703
89,23.292,29.892,102222.91,1.1979,2.574,0.287,0.166,0.159,0.163,0.693,0.521,0.527,0.515,5458.0,50.0,1.0,29.725
90,23.271,29.908,102222.91,1.198,2.57375,0.037,0.128,0.135,0.163,0.25,0.521,0.462,0.474,5514.0,50.0,1.0,29.725
91,23.303,29.908,102217.05,1.1978,2.57375,0.037,0.101,0.115,0.163,0.25,0.521,0.41,0.438,5568.0,50.0,1.0,29.725
92,23.281,29.892,102221.984,1.1979,2.57375,0.037,0.082,0.1,0.163,0.25,0.521,0.369,0.408,5622.0,50.0,1.0,29.758
93,23.292,29.915,102218.375,1.1979,2.57413,0.412,0.181,0.162,0.163,0.83,0.521,0.55,0.52,5677.0,50.0,1.0,29.681
94,23.292,29.908,102218.84,1.1979,2.57388,0.163,0.175,0.162,0.163,0.521,0.521,0.541,0.52,5731.0,50.0,1.0,29.725
95,23.303,29.9,102218.84,1.1978,2.57363,-0.088,0.096,0.112,0.163,0.0,0.521,0.401,0.433,5785.0,50.0,1.0,29.725
96,23.281,29.9,102218.4,1.1979,2.5735,-0.212,0.004,0.047,0.163,0.0,0.521,0.08,0.281,5839.0,50.0,1.0,29.725
97,23.271,29.892,102217.016,1.1979,2.57425,0.538,0.164,0.145,0.163,0.947,0.521,0.523,0.493,5894.0,50.0,1.0,29.736
98,23.281,29.915,102217.93,1.1979,2.57388,0.163,0.164,0.149,0.163,0.521,0.521,0.523,0.498,5949.0,50.0,1.0,29.68
99,23.292,29.9,102217.93,1.1978,2.57438,0.663,0.313,0.252,0.163,1.052,0.521,0.723,0.648,6003.0,50.0,1.0,29.68
100,23.292,29.9,102219.73,1.1979,2.57425,0.538,0.381,0.309,0.163,0.947,0.521,0.797,0.718,6057.0,50.0,1.0,29.681
101,23.281,29.9,102219.73,1.1979,2.57413,0.412,0.39,0.329,0.163,0.83,0.521,0.807,0.742,6112.0,50.0,1.0,29.703
102,23.292,29.9,102217.016,1.1978,2.57388,0.163,0.322,0.296,0.163,0.521,0.521,0.733,0.703,6166.0,50.0,1.0,29.714
103,23.281,29.9,102215.22,1.1979,2.57413,0.412,0.349,0.319,0.163,0.83,0.521,0.763,0.73,6220.0,50.0,1.0,29.714
104,23.281,29.908,102215.22,1.1979,2.57363,-0.088,0.218,0.238,0.163,0.0,0.521,0.603,0.63,6275.0,50.0,1.0,29.714
105,23.281,29.9,102221.984,1.1979,2.57375,0.037,0.164,0.198,0.163,0.25,0.521,0.523,0.575,6329.0,50.0,1.0,29.725
106,23.303,29.908,102221.08,1.1978,2.574,0.287,0.201,0.216,0.163,0.693,0.521,0.579,0.6,6384.0,50.0,1.0,29.681
107,23.26,29.908,102219.28,1.198,2.57413,0.412,0.264,0.255,0.287,0.83,0.693,0.664,0.653,6438.0,50.0,1.0,29.691
108,23.281,29.892,102215.22,1.1979,2.57388,0.163,0.234,0.237,0.163,0.521,0.521,0.625,0.629,6493.0,50.0,1.0,29.68
109,23.303,29.923,102215.22,1.1978,2.57363,-0.088,0.137,0.172,0.163,0.0,0.521,0.479,0.536,6547.0,50.0,1.0,29.68
110,23.271,29.908,102221.49,1.198,2.574,0.287,0.182,0.195,0.287,0.693,0.693,0.552,0.57,6601.0,50.0,1.0,29.747
111,23.292,29.885,102217.93,1.1979,2.57413,0.412,0.251,0.238,0.287,0.83,0.693,0.648,0.631,6656.0,50.0,1.0,29.735
112,23.292,29.908,102217.93,1.1978,2.57375,0.037,0.187,0.198,0.287,0.25,0.693,0.559,0.575,6710.0,50.0,1.0,29.669
113,23.281,29.9,102217.93,1.1979,2.57363,-0.088,0.105,0.141,0.287,0.0,0.693,0.418,0.485,6764.0,50.0,1.0,29.669
114,23.26,29.908,102216.08,1.198,2.57375,0.037,0.085,0.12,0.287,0.25,0.693,0.376,0.448,6819.0,50.0,1.0,29.681
115,23.292,29.908,102223.28,1.1979,2.574,0.287,0.145,0.154,0.287,0.693,0.693,0.493,0.507,6874.0,50.0,1.0,29.67
116,23.281,29.908,102217.016,1.1979,2.57375,0.037,0.113,0.13,0.287,0.25,0.693,0.434,0.467,6928.0,50.0,1.0,29.681
117,23.281,29.908,102218.78,1.1979,2.5735,-0.212,0.015,0.062,0.287,0.0,0.693,0.16,0.321,6982.0,50.0,1.0,29.658
118,23.271,29.9,102218.78,1.198,2.57425,0.538,0.172,0.157,0.287,0.947,0.693,0.536,0.512,7036.0,50.0,1.0,29.658
119,23.292,29.9,102218.78,1.1979,2.5735,-0.212,0.057,0.083,0.287,0.0,0.693,0.308,0.373,7091.0,50.0,1.0,29.67
120,23.281,29.9,102218.375,1.1979,2.574,0.287,0.126,0.124,0.287,0.693,0.693,0.459,0.455,7145.0,50.0,1.0,29.658
121,23.292,29.908,102217.484,1.1978,2.5735,-0.212,0.024,0.057,0.287,0.0,0.693,0.202,0.308,7199.0,50.0,1.0,29.714
122,23.281,29.908,102217.484,1.1979,2.574,0.287,0.103,0.103,0.287,0.693,0.693,0.415,0.414,7254.0,50.0,1.0,29.714
123,23.292,29.9,102215.664,1.1978,2.574,0.287,0.159,0.14,0.287,0.693,0.693,0.515,0.483,7308.0,50.0,1.0,29.703
124,23.303,29.9,102221.49,1.1978,2.574,0.287,0.197,0.169,0.287,0.693,0.693,0.574,0.532,7363.0,50.0,1.0,29.681
125,23.281,29.908,102218.375,1.1979,2.574,0.287,0.224,0.193,0.287,0.693,0.693,0.612,0.568,7417.0,50.0,1.0,29.726
126,23.292,29.9,102218.78,1.1979,2.57413,0.412,0.281,0.237,0.287,0.83,0.693,0.685,0.629,7472.0,50.0,1.0,29.691
127,23.271,29.908,102218.78,1.1979,2.57425,0.538,0.358,0.297,0.287,0.947,0.693,0.773,0.704,7526.0,50.0,1.0,29.691
128,23.292,29.892,102215.22,1.1978,2.57375,0.037,0.262,0.245,0.287,0.25,0.693,0.661,0.64,7580.0,50.0,1.0,29.691
129,23.281,29.9,102225.55,1.198,2.574,0.287,0.269,0.254,0.287,0.693,0.693,0.671,0.651,7634.0,50.0,1.0,29.703
130,23.281,29.908,102217.016,1.1979,2.57438,0.663,0.387,0.335,0.287,1.052,0.693,0.804,0.748,7689.0,50.0,1.0,29.681
131,23.281,29.9,102219.28,1.1979,2.5735,-0.212,0.207,0.226,0.287,0.0,0.693,0.588,0.614,7743.0,50.0,1.0,29.68
132,23.281,29.9,102219.28,1.1979,2.57363,-0.088,0.119,0.163,0.287,0.0,0.693,0.446,0.522,7798.0,50.0,1.0,29.68
133,23.292,29.892,102219.73,1.1979,2.57338,-0.337,-0.018,0.063,0.287,0.0,0.693,0.173,0.324,7853.0,50.0,1.0,29.691
134,23.271,29.892,102217.93,1.1979,2.57375,0.037,-0.001,0.058,0.287,0.25,0.693,0.048,0.311,7907.0,50.0,1.0,29.714
135,23.292,29.892,102220.64,1.1979,2.57363,-0.088,-0.027,0.029,0.287,0.0,0.693,0.213,0.219,7961.0,50.0,1.0,29.714
136,23.303,29.9,102220.64,1.1978,2.57375,0.037,-0.008,0.031,0.287,0.25,0.693,0.114,0.226,8015.0,50.0,1.0,29.714
137,23.271,29.9,102219.28,1.198,2.57388,0.163,0.043,0.057,0.287,0.521,0.693,0.269,0.308,8070.0,50.0,1.0,29.747
138,23.281,29.892,102223.28,1.198,2.57438,0.663,0.229,0.178,0.287,1.052,0.693,0.618,0.545,8124.0,50.0,1.0,29.67
139,23.281,29.892,102217.42,1.1979,2.574,0.287,0.247,0.2,0.287,0.693,0.693,0.642,0.578,8178.0,50.0,1.0,29.714
140,23.271,29.892,102224.7,1.198,2.57413,0.412,0.296,0.242,0.287,0.83,0.693,0.703,0.636,8232.0,50.0,1.0,29.68
141,23.281,29.9,102224.7,1.198,2.57438,0.663,0.406,0.326,0.287,1.052,0.693,0.823,0.738,8287.0,50.0,1.0,29.68
142,23.281,29.9,102220.14,1.1979,2.57413,0.412,0.408,0.344,0.287,0.83,0.693,0.825,0.757,8342.0,50.0,1.0,29.681
143,23.271,29.908,102217.875,1.1979,2.57463,0.912,0.559,0.457,0.287,1.234,0.693,0.966,0.874,8396.0,50.0,1.0,29.715
144,23.271,29.908,102217.016,1.1979,2.574,0.287,0.478,0.423,0.287,0.693,0.693,0.893,0.841,8451.0,50.0,1.0,29.636
145,23.281,29.9,102217.016,1.1979,2.57388,0.163,0.383,0.371,0.287,0.521,0.693,0.8,0.787,8505.0,50.0,1.0,29.636
146,23.281,29.9,102221.49,1.1979,2.5735,-0.212,0.205,0.254,0.287,0.0,0.693,0.584,0.652,8559.0,53.0,1.0,29.647
147,23.281,29.908,102225.08,1.198,2.57425,0.538,0.304,0.311,0.412,0.947,0.83,0.713,0.721,8613.0,64.0,1.0,29.67
148,23.292,29.9,102216.516,1.1978,2.57388,0.163,0.262,0.281,0.287,0.521,0.693,0.661,0.685,8668.0,72.0,1.0,29.692
149,23.281,29.877,102219.28,1.1979,2.5735,-0.212,0.12,0.183,0.287,0.0,0.693,0.447,0.552,8722.0,75.0,1.0,29.658
150,23.281,29.9,102219.28,1.1979,2.57413,0.412,0.207,0.229,0.412,0.83,0.83,0.588,0.618,8777.0,75.0,1.0,29.658
151,23.281,29.892,102215.22,1.1979,2.57325,-0.463,0.006,0.09,0.412,0.0,0.83,0.104,0.388,8832.0,76.0,1.0,29.669
152,23.292,29.908,102222.84,1.1979,2.57413,0.412,0.128,0.155,0.412,0.83,0.83,0.463,0.508,8886.0,77.0,1.0,29.726
153,23.281,29.892,102223.79,1.198,2.57425,0.538,0.251,0.231,0.412,0.947,0.83,0.647,0.621,8940.0,77.0,1.0,29.681
154,23.303,29.892,102218.84,1.1978,2.57375,0.037,0.187,0.193,0.412,0.25,0.83,0.559,0.567,8994.0,79.0,1.0,29.68
155,23.292,29.9,102218.84,1.1979,2.57388,0.163,0.18,0.187,0.412,0.521,0.83,0.548,0.558,9049.0,86.0,1.0,29.68
156,23.26,29.9,102213.875,1.1979,2.57425,0.538,0.287,0.257,0.412,0.947,0.83,0.692,0.655,9103.0,87.0,1.0,29.714
157,23.303,29.9,102218.84,1.1978,2.57375,0.037,0.212,0.213,0.412,0.25,0.83,0.595,0.596,9157.0,87.0,1.0,29.669
158,23.292,29.9,102212.08,1.1978,2.57425,0.538,0.31,0.278,0.412,0.947,0.83,0.719,0.681,9211.0,86.0,1.0,29.68
159,23.292,29.892,102212.08,1.1978,2.57375,0.037,0.228,0.23,0.412,0.25,0.83,0.617,0.619,9267.0,86.0,1.0,29.68
160,23.292,29.892,102215.22,1.1978,2.5735,-0.212,0.096,0.141,0.412,0.0,0.83,0.4,0.486,9321.0,86.0,1.0,29.714
161,23.271,29.9,102219.28,1.198,2.57375,0.037,0.078,0.121,0.412,0.25,0.83,0.362,0.449,9375.0,86.0,1.0,29.725
162,23.281,29.9,102214.78,1.1979,2.57425,0.538,0.216,0.204,0.412,0.947,0.83,0.601,0.584,9430.0,86.0,1.0,29.702
163,23.281,29.885,102216.58,1.1979,2.57388,0.163,0.2,0.196,0.412,0.521,0.83,0.578,0.572,9484.0,86.0,1.0,29.68
164,23.281,29.892,102216.58,1.1979,2.57363,-0.088,0.114,0.139,0.287,0.0,0.693,0.436,0.482,9538.0,86.0,1.0,29.68
165,23.303,29.892,102216.58,1.1978,2.57375,0.037,0.091,0.119,0.163,0.25,0.521,0.389,0.445,9592.0,86.0,1.0,29.702
166,23.271,29.892,102217.93,1.1979,2.57375,0.037,0.075,0.102,0.163,0.25,0.521,0.353,0.414,9647.0,86.0,1.0,29.691
167,23.271,29.877,102214.78,1.1979,2.57375,0.037,0.064,0.089,0.163,0.25,0.521,0.326,0.386,9702.0,86.0,1.0,29.669
168,23.281,29.9,102214.78,1.1979,2.57363,-0.088,0.018,0.054,0.163,0.0,0.521,0.175,0.3,9756.0,86.0,1.0,29.669
169,23.292,29.892,102216.58,1.1978,2.57388,0.163,0.062,0.076,0.163,0.521,0.521,0.321,0.356,9810.0,86.0,1.0,29.636
170,23.26,29.9,102213.875,1.1979,2.57375,0.037,0.054,0.068,0.163,0.25,0.521,0.301,0.337,9865.0,86.0,1.0,29.68
171,23.292,29.892,102217.93,1.1978,2.57363,-0.088,0.012,0.037,0.163,0.0,0.521,0.14,0.248,9919.0,86.0,1.0,29.646
172,23.292,29.877,102215.664,1.1978,2.57375,0.037,0.019,0.037,0.037,0.25,0.25,0.18,0.249,9973.0,86.0,1.0,29.726
173,23.281,29.892,102215.664,1.1979,2.57375,0.037,0.025,0.037,0.037,0.25,0.25,0.204,0.249,10028.0,86.0,1.0,29.726
174,23.281,29.87,102215.664,1.1979,2.574,0.287,0.104,0.087,0.037,0.693,0.25,0.416,0.382,10082.0,86.0,1.0,29.658
175,23.281,29.892,102216.08,1.1979,2.574,0.287,0.159,0.127,0.037,0.693,0.25,0.515,0.461,10136.0,86.0,1.0,29.647
176,23.292,29.877,102213.37,1.1978,2.574,0.287,0.197,0.159,0.163,0.693,0.521,0.574,0.516,10191.0,86.0,1.0,29.703
177,23.271,29.877,102220.195,1.198,2.57363,-0.088,0.112,0.11,0.037,0.0,0.25,0.432,0.428,10246.0,86.0,1.0,29.646
178,23.292,29.892,102220.195,1.1979,2.574,0.287,0.165,0.145,0.037,0.693,0.25,0.524,0.493,10300.0,86.0,1.0,29.646
179,23.292,29.877,102222.44,1.1979,2.574,0.287,0.201,0.174,0.163,0.693,0.521,0.58,0.539,10354.0,86.0,1.0,29.703
180,23.281,29.892,102218.375,1.1979,2.57375,0.037,0.152,0.147,0.037,0.25,0.25,0.504,0.495,10408.0,86.0,1.0,29.714
181,23.281,29.877,102216.58,1.1979,2.57413,0.412,0.23,0.2,0.163,0.83,0.521,0.62,0.577,10463.0,86.0,1.0,29.68
182,23.26,29.892,102216.58,1.198,2.57363,-0.088,0.135,0.142,0.163,0.0,0.521,0.475,0.487,10518.0,86.0,1.0,29.68
183,23.281,29.9,102218.375,1.1979,2.574,0.287,0.181,0.171,0.163,0.693,0.521,0.549,0.535,10572.0,86.0,1.0,29.703
184,23.292,29.877,102215.22,1.1978,2.57375,0.037,0.138,0.145,0.163,0.25,0.521,0.48,0.491,10627.0,86.0,1.0,29.691
185,23.292,29.9,102213.875,1.1978,2.574,0.287,0.183,0.173,0.163,0.693,0.521,0.552,0.538,10681.0,86.0,1.0,29.691
186,23.292,29.892,102215.22,1.1978,2.57375,0.037,0.139,0.146,0.163,0.25,0.521,0.482,0.494,10735.0,86.0,1.0,29.613
187,23.303,29.892,102215.22,1.1978,2.57363,-0.088,0.071,0.099,0.163,0.0,0.521,0.345,0.407,10789.0,86.0,1.0,29.613
188,23.281,29.877,102219.67,1.1979,2.57413,0.412,0.173,0.162,0.287,0.83,0.693,0.538,0.52,10845.0,86.0,1.0,29.682
189,23.281,29.885,102219.164,1.1979,2.57413,0.412,0.245,0.212,0.287,0.83,0.693,0.64,0.595,10899.0,86.0,1.0,29.703
190,23.292,29.885,102221.46,1.1979,2.574,0.287,0.258,0.227,0.287,0.693,0.693,0.656,0.616,10953.0,86.0,1.0,29.67
191,23.281,29.885,102218.76,1.1979,2.57425,0.538,0.342,0.289,0.287,0.947,0.693,0.755,0.695,11008.0,86.0,1.0,29.67
192,23.292,29.892,102218.76,1.1979,2.57413,0.412,0.363,0.314,0.287,0.83,0.693,0.778,0.724,11062.0,86.0,1.0,29.682
193,23.271,29.9,102217.81,1.1979,2.57338,-0.337,0.153,0.184,0.287,0.0,0.693,0.505,0.554,11116.0,86.0,1.0,29.726
194,23.281,29.892,102223.2,1.198,2.574,0.287,0.193,0.204,0.287,0.693,0.693,0.568,0.584,11171.0,86.0,1.0,29.704
195,23.292,29.892,102221.46,1.1979,2.57388,0.163,0.184,0.196,0.287,0.521,0.693,0.554,0.572,11226.0,86.0,1.0,29.726
196,23.281,29.892,102221.46,1.1979,2.574,0.287,0.215,0.214,0.287,0.693,0.693,0.599,0.598,11280.0,86.0,1.0,29.726
197,23.292,29.892,102218.76,1.1979,2.57388,0.163,0.199,0.204,0.287,0.521,0.693,0.577,0.584,11334.0,86.0,1.0,29.659
198,23.281,29.885,102216.96,1.1979,2.57363,-0.088,0.113,0.146,0.287,0.0,0.693,0.435,0.493,11388.0,86.0,1.0,29.682
199,23.26,29.892,102218.695,1.198,2.57413,0.412,0.203,0.199,0.287,0.83,0.693,0.582,0.576,11444.0,86.0,1.0,29.692
200,23.281,29.87,102217.41,1.1979,2.574,0.287,0.228,0.217,0.287,0.693,0.693,0.617,0.602,11498.0,86.0,1.0,29.692
201,23.281,29.877,102217.41,1.1979,2.574,0.287,0.246,0.231,0.287,0.693,0.693,0.641,0.621,11552.0,86.0,1.0,29.692
202,23.303,29.877,102218.31,1.1978,2.57363,-0.088,0.146,0.167,0.287,0.0,0.693,0.494,0.528,11607.0,86.0,1.0,29.726
203,23.271,29.885,102221.41,1.198,2.57388,0.163,0.151,0.166,0.287,0.521,0.693,0.502,0.527,11661.0,86.0,1.0,29.659
204,23.303,29.877,102218.25,1.1978,2.574,0.287,0.192,0.19,0.287,0.693,0.693,0.566,0.564,11715.0,86.0,1.0,29.67
205,23.26,29.885,102218.25,1.198,2.57325,-0.463,-0.004,0.06,0.287,0.0,0.693,0.086,0.316,11769.0,86.0,1.0,29.67
206,23.281,29.892,102224.11,1.198,2.57388,0.163,0.046,0.08,0.287,0.521,0.693,0.276,0.366,11825.0,86.0,1.0,29.659
207,23.281,29.9,102215.99,1.1979,2.5735,-0.212,-0.032,0.022,0.287,0.0,0.693,0.23,0.191,11879.0,86.0,1.0,29.726
208,23.281,29.877,102215.55,1.1979,2.5735,-0.212,-0.086,-0.025,0.287,0.0,0.693,0.379,0.204,11933.0,86.0,1.0,29.682
209,23.271,29.892,102223.67,1.198,2.57363,-0.088,-0.086,-0.038,0.287,0.0,0.693,0.38,0.25,11987.0,86.0,1.0,29.703
210,23.303,29.9,102223.67,1.1979,2.5735,-0.212,-0.124,-0.073,0.287,0.0,0.693,0.455,0.348,12042.0,86.0,1.0,29.703
211,23.281,29.885,102223.2,1.198,2.5735,-0.212,-0.151,-0.101,0.287,0.0,0.693,0.502,0.41,12096.0,86.0,1.0,29.671
212,23.281,29.87,102217.34,1.1979,2.57325,-0.463,-0.244,-0.173,0.287,0.0,0.693,0.639,0.537,12150.0,86.0,1.0,29.692
213,23.281,29.892,102218.76,1.1979,2.57338,-0.337,-0.272,-0.206,0.287,0.0,0.693,0.674,0.586,12205.0,86.0,1.0,29.737
214,23.303,29.885,102220.5,1.1978,2.57313,-0.588,-0.367,-0.282,0.287,0.0,0.693,0.783,0.686,12259.0,86.0,1.0,29.737
215,23.281,29.885,102220.5,1.1979,2.573,-0.712,-0.47,-0.368,0.287,0.0,0.693,0.886,0.784,12314.0,86.0,1.0,29.682
216,23.281,29.892,102220.05,1.1979,2.57313,-0.588,-0.506,-0.412,0.287,0.0,0.693,0.919,0.829,12368.0,86.0,1.0,29.647
217,23.292,29.877,102217.28,1.1978,2.57338,-0.337,-0.455,-0.397,0.287,0.0,0.693,0.872,0.814,12423.0,86.0,1.0,29.716
218,23.281,29.892,102221.41,1.1979,2.57338,-0.337,-0.42,-0.385,0.287,0.0,0.693,0.837,0.802,12477.0,86.0,1.0,29.692
219,23.292,29.885,102221.41,1.1979,2.57363,-0.088,-0.32,-0.326,0.287,0.0,0.693,0.731,0.737,12531.0,86.0,1.0,29.692
220,23.292,29.877,102219.61,1.1979,2.574,0.287,-0.138,-0.203,0.287,0.693,0.693,0.48,0.582,12585.0,86.0,1.0,29.703
221,23.281,29.885,102219.14,1.1979,2.5735,-0.212,-0.16,-0.205,0.287,0.0,0.693,0.517,0.585,12640.0,86.0,1.0,29.693
222,23.26,29.87,102220.5,1.198,2.57363,-0.088,-0.138,-0.181,0.287,0.0,0.693,0.481,0.55,12694.0,86.0,1.0,29.659
223,23.292,29.892,102219.164,1.1979,2.57338,-0.337,-0.198,-0.213,0.163,0.0,0.521,0.575,0.596,12748.0,86.0,1.0,29.726
224,23.292,29.892,102219.164,1.1979,2.5735,-0.212,-0.202,-0.213,0.163,0.0,0.521,0.581,0.596,12803.0,86.0,1.0,29.726
225,23.271,29.885,102221.84,1.198,2.57325,-0.463,-0.28,-0.263,0.287,0.0,0.693,0.684,0.662,12857.0,86.0,1.0,29.693
226,23.292,29.885,102218.25,1.1979,2.57388,0.163,-0.148,-0.178,0.163,0.521,0.521,0.496,0.545,12911.0,86.0,1.0,29.626
227,23.281,29.885,102225.47,1.198,2.57325,-0.463,-0.242,-0.235,0.163,0.0,0.521,0.636,0.626,12965.0,86.0,1.0,29.67
228,23.281,29.87,102225.47,1.198,2.5735,-0.212,-0.233,-0.23,0.163,0.0,0.521,0.624,0.62,13020.0,86.0,1.0,29.67
229,23.281,29.87,102219.61,1.1979,2.573,-0.712,-0.377,-0.327,0.163,0.0,0.521,0.793,0.738,13074.0,86.0,1.0,29.682
230,23.303,29.877,102218.695,1.1978,2.57375,0.037,-0.253,-0.254,0.163,0.25,0.521,0.65,0.651,13129.0,86.0,1.0,29.67
231,23.303,29.877,102222.31,1.1979,2.57375,0.037,-0.166,-0.196,0.163,0.25,0.521,0.526,0.571,13184.0,86.0,1.0,29.67
232,23.271,29.885,102223.67,1.198,2.574,0.287,-0.03,-0.099,0.163,0.693,0.521,0.223,0.406,13238.0,86.0,1.0,29.67
233,23.314,29.87,102223.67,1.1978,2.5735,-0.212,-0.085,-0.122,0.163,0.0,0.521,0.376,0.451,13292.0,86.0,1.0,29.67
234,23.292,29.892,102219.164,1.1979,2.57388,0.163,-0.01,-0.065,0.163,0.521,0.521,0.132,0.329,13346.0,86.0,1.0,29.737
235,23.303,29.892,102220.96,1.1978,2.57325,-0.463,-0.146,-0.144,0.163,0.0,0.521,0.494,0.491,13401.0,86.0,1.0,29.682
236,23.281,29.9,102220.5,1.1979,2.57325,-0.463,-0.241,-0.208,0.163,0.0,0.521,0.634,0.589,13455.0,86.0,1.0,29.626
237,23.303,29.877,102220.05,1.1978,2.5735,-0.212,-0.232,-0.209,0.163,0.0,0.521,0.623,0.591,13509.0,86.0,1.0,29.626
238,23.314,29.892,102220.05,1.1978,2.57363,-0.088,-0.189,-0.185,0.163,0.0,0.521,0.562,0.555,13563.0,86.0,1.0,29.659
239,23.281,29.877,102221.41,1.1979,2.57388,0.163,-0.084,-0.115,0.163,0.521,0.521,0.373,0.439,13618.0,86.0,1.0,29.703
240,23.292,29.87,102220.96,1.1979,2.574,0.287,0.028,-0.035,0.163,0.693,0.521,0.215,0.241,13673.0,86.0,1.0,29.715
241,23.303,29.892,102220.11,1.1978,2.57413,0.412,0.143,0.055,0.163,0.83,0.521,0.489,0.302,13727.0,86.0,1.0,29.682
242,23.292,29.877,102220.11,1.1979,2.57375,0.037,0.111,0.051,0.163,0.25,0.521,0.431,0.293,13782.0,86.0,1.0,29.682
243,23.303,29.877,102216.46,1.1978,2.57338,-0.337,-0.023,-0.026,0.163,0.0,0.521,0.197,0.21,13836.0,86.0,1.0,29.647
244,23.292,29.877,102217.34,1.1978,2.57388,0.163,0.033,0.011,0.163,0.521,0.521,0.233,0.138,13890.0,86.0,1.0,29.67
245,23.292,29.877,102220.05,1.1979,2.57375,0.037,0.034,0.017,0.163,0.25,0.521,0.238,0.166,13944.0,86.0,1.0,29.737
246,23.292,29.892,102217.34,1.1978,2.574,0.287,0.11,0.071,0.163,0.693,0.521,0.429,0.344,13999.0,86.0,1.0,29.692
247,23.281,29.892,102217.34,1.1979,2.57363,-0.088,0.051,0.039,0.163,0.0,0.521,0.291,0.255,14053.0,86.0,1.0,29.692
248,23.303,29.885,102218.25,1.1978,2.57375,0.037,0.047,0.039,0.163,0.25,0.521,0.279,0.254,14108.0,86.0,1.0,29.703
249,23.281,29.87,102223.2,1.198,2.574,0.287,0.119,0.088,0.163,0.693,0.521,0.446,0.384,14162.0,86.0,1.0,29.727
250,23.292,29.9,102216.91,1.1978,2.57375,0.037,0.094,0.078,0.163,0.25,0.521,0.397,0.362,14217.0,86.0,1.0,29.659
251,23.281,29.885,102216.91,1.1979,2.574,0.287,0.152,0.12,0.163,0.693,0.521,0.504,0.448,14271.0,86.0,1.0,29.659
252,23.281,29.885,102215.99,1.1979,2.57413,0.412,0.23,0.179,0.163,0.83,0.521,0.62,0.546,14325.0,86.0,1.0,29.67
253,23.281,29.877,102217.78,1.1979,2.574,0.287,0.248,0.2,0.287,0.693,0.693,0.643,0.578,14380.0,86.0,1.0,29.693
254,23.303,29.885,102220.44,1.1978,2.57375,0.037,0.184,0.168,0.163,0.25,0.521,0.555,0.529,14435.0,86.0,1.0,29.738
255,23.292,29.892,102217.34,1.1978,2.57388,0.163,0.178,0.167,0.163,0.521,0.521,0.545,0.528,14489.0,86.0,1.0,29.703
256,23.303,29.87,102217.34,1.1978,2.57388,0.163,0.173,0.166,0.163,0.521,0.521,0.538,0.526,14543.0,86.0,1.0,29.703
257,23.303,29.885,102217.78,1.1978,2.57388,0.163,0.17,0.165,0.163,0.521,0.521,0.533,0.525,14598.0,86.0,1.0,29.704
258,23.292,29.892,102220.05,1.1979,2.57363,-0.088,0.093,0.115,0.163,0.0,0.521,0.394,0.438,14652.0,86.0,1.0,29.737
259,23.303,29.885,102217.34,1.1978,2.57375,0.037,0.076,0.099,0.163,0.25,0.521,0.357,0.407,14706.0,86.0,1.0,29.647
260,23.314,29.877,102218.25,1.1978,2.574,0.287,0.14,0.137,0.163,0.693,0.521,0.483,0.478,14761.0,86.0,1.0,29.682
261,23.281,29.892,102218.25,1.1979,2.57363,-0.088,0.071,0.092,0.163,0.0,0.521,0.345,0.392,14816.0,86.0,1.0,29.682
262,23.292,29.892,102219.61,1.1979,2.57388,0.163,0.099,0.106,0.163,0.521,0.521,0.406,0.421,14870.0,86.0,1.0,29.67
263,23.292,29.885,102221.875,1.1979,2.574,0.287,0.155,0.142,0.163,0.693,0.521,0.509,0.488,14924.0,86.0,1.0,29.703
264,23.303,29.892,102216.91,1.1978,2.57388,0.163,0.158,0.146,0.163,0.521,0.521,0.513,0.494,14979.0,86.0,1.0,29.692
265,23.292,29.877,102216.91,1.1978,2.57388,0.163,0.159,0.15,0.163,0.521,0.521,0.515,0.5,15033.0,86.0,1.0,29.692
266,23.292,29.87,102218.695,1.1979,2.57375,0.037,0.123,0.127,0.163,0.25,0.521,0.452,0.461,15088.0,86.0,1.0,29.692
267,23.281,29.892,102225.02,1.198,2.57388,0.163,0.135,0.134,0.163,0.521,0.521,0.474,0.473,15142.0,86.0,1.0,29.692
268,23.303,29.885,102216.91,1.1978,2.57363,-0.088,0.068,0.09,0.163,0.0,0.521,0.337,0.387,15197.0,86.0,1.0,29.682
269,23.303,29.892,102217.34,1.1978,2.57388,0.163,0.096,0.104,0.163,0.521,0.521,0.401,0.418,15251.0,86.0,1.0,29.647
270,23.292,29.892,102217.34,1.1978,2.57388,0.163,0.116,0.116,0.163,0.521,0.521,0.44,0.44,15305.0,86.0,1.0,29.647
271,23.303,29.885,102223.2,1.1979,2.57388,0.163,0.13,0.125,0.163,0.521,0.521,0.466,0.457,15361.0,86.0,1.0,29.682
272,23.292,29.892,102218.64,1.1979,2.57375,0.037,0.102,0.108,0.163,0.25,0.521,0.413,0.424,15415.0,86.0,1.0,29.693
273,23.292,29.9,102219.61,1.1979,2.57363,-0.088,0.045,0.069,0.163,0.0,0.521,0.275,0.339,15469.0,86.0,1.0,29.67
274,23.271,29.9,102219.61,1.198,2.57388,0.163,0.08,0.087,0.163,0.521,0.521,0.367,0.382,15523.0,86.0,1.0,29.67
275,23.281,29.885,102216.91,1.1979,2.574,0.287,0.143,0.127,0.163,0.693,0.521,0.488,0.461,15578.0,86.0,1.0,29.715
276,23.292,29.885,102218.64,1.1979,2.57388,0.163,0.149,0.134,0.163,0.521,0.521,0.498,0.474,15632.0,86.0,1.0,29.615
277,23.292,29.87,102217.78,1.1979,2.57363,-0.088,0.078,0.09,0.163,0.0,0.521,0.36,0.388,15687.0,86.0,1.0,29.704
278,23.292,29.877,102218.25,1.1979,2.57375,0.037,0.066,0.08,0.163,0.25,0.521,0.331,0.364,15741.0,86.0,1.0,29.692
279,23.292,29.885,102218.25,1.1979,2.57363,-0.088,0.02,0.046,0.163,0.0,0.521,0.181,0.278,15796.0,86.0,1.0,29.692
280,23.303,29.9,102219.55,1.1978,2.574,0.287,0.1,0.094,0.163,0.693,0.521,0.409,0.397,15850.0,86.0,1.0,29.693
281,23.281,29.885,102222.26,1.1979,2.574,0.287,0.156,0.133,0.163,0.693,0.521,0.511,0.471,15904.0,86.0,1.0,29.693
282,23.292,29.9,102219.14,1.1979,2.574,0.287,0.196,0.164,0.163,0.693,0.521,0.572,0.523,15959.0,86.0,1.0,29.76
283,23.281,29.885,102217.34,1.1979,2.5735,-0.212,0.073,0.089,0.163,0.0,0.521,0.35,0.385,16013.0,86.0,1.0,29.67
284,23.303,29.9,102217.34,1.1978,2.57338,-0.337,-0.05,0.003,0.163,0.0,0.521,0.289,0.076,16068.0,86.0,1.0,29.67
285,23.292,29.9,102218.195,1.1979,2.57388,0.163,0.014,0.035,0.163,0.521,0.521,0.152,0.243,16122.0,86.0,1.0,29.682
286,23.281,29.885,102216.84,1.1979,2.57375,0.037,0.021,0.036,0.163,0.25,0.521,0.187,0.244,16177.0,86.0,1.0,29.727
287,23.303,29.892,102219.14,1.1978,2.57375,0.037,0.026,0.036,0.163,0.25,0.521,0.208,0.245,16231.0,86.0,1.0,29.727
288,23.303,29.892,102219.14,1.1978,2.57413,0.412,0.142,0.111,0.163,0.83,0.521,0.487,0.431,16285.0,86.0,1.0,29.727
289,23.292,29.892,102216.43,1.1978,2.57425,0.538,0.261,0.197,0.163,0.947,0.521,0.66,0.573,16339.0,86.0,1.0,29.704
290,23.292,29.892,102215.93,1.1978,2.5735,-0.212,0.119,0.115,0.163,0.0,0.521,0.445,0.438,16395.0,86.0,1.0,29.649
291,23.292,29.892,102220.05,1.1979,2.574,0.287,0.169,0.149,0.163,0.693,0.521,0.532,0.499,16449.0,86.0,1.0,29.647
292,23.281,29.877,102217.34,1.1979,2.574,0.287,0.205,0.177,0.287,0.693,0.693,0.585,0.544,16503.0,86.0,1.0,29.67
293,23.303,29.892,102217.34,1.1978,2.57388,0.163,0.192,0.174,0.287,0.521,0.693,0.566,0.539,16558.0,86.0,1.0,29.67
294,23.303,29.885,102214.64,1.1978,2.57438,0.663,0.333,0.272,0.287,1.052,0.693,0.746,0.674,16612.0,86.0,1.0,29.682
295,23.303,29.885,102218.195,1.1978,2.57388,0.163,0.282,0.25,0.287,0.521,0.693,0.686,0.646,16666.0,86.0,1.0,29.682
296,23.292,29.9,102219.14,1.1979,2.57363,-0.088,0.171,0.182,0.287,0.0,0.693,0.535,0.552,16721.0,86.0,1.0,29.659
297,23.303,29.885,102220.5,1.1978,2.57338,-0.337,0.019,0.078,0.287,0.0,0.693,0.176,0.362,16776.0,86.0,1.0,29.659
298,23.292,29.885,102220.5,1.1979,2.57413,0.412,0.137,0.145,0.287,0.83,0.693,0.478,0.492,16830.0,86.0,1.0,29.638
299,23.292,29.885,102217.73,1.1978,2.57363,-0.088,0.069,0.099,0.287,0.0,0.693,0.341,0.406,16884.0,86.0,1.0,29.728
300,23.292,29.892,102216.84,1.1978,2.57375,0.037,0.06,0.086,0.287,0.25,0.693,0.316,0.38,16939.0,86.0,1.0,29.659
301,23.281,29.9,102212.375,1.1978,2.57338,-0.337,-0.059,0.002,0.287,0.0,0.693,0.315,0.053,16993.0,86.0,1.0,29.704
302,23.292,29.892,102212.375,1.1978,2.57363,-0.088,-0.068,-0.016,0.287,0.0,0.693,0.336,0.164,17047.0,86.0,1.0,29.704
303,23.303,29.877,102220.5,1.1978,2.57388,0.163,0.001,0.02,0.287,0.521,0.693,0.047,0.181,17101.0,86.0,1.0,29.648
304,23.303,29.877,102218.64,1.1978,2.57363,-0.088,-0.025,-0.002,0.163,0.0,0.521,0.206,0.056,17156.0,86.0,1.0,29.693
305,23.303,29.892,102224.49,1.1979,2.57375,0.037,-0.007,0.006,0.163,0.25,0.521,0.104,0.1,17211.0,86.0,1.0,29.728
306,23.303,29.877,102219.55,1.1978,2.57388,0.163,0.044,0.037,0.163,0.521,0.521,0.272,0.25,17265.0,86.0,1.0,29.671
307,23.303,29.892,102219.55,1.1978,2.57363,-0.088,0.005,0.012,0.163,0.0,0.521,0.088,0.144,17319.0,86.0,1.0,29.671
308,23.314,29.9,102219.99,1.1978,2.57363,-0.088,-0.023,-0.008,0.163,0.0,0.521,0.196,0.113,17374.0,86.0,1.0,29.705
309,23.303,29.9,102222.234,1.1979,2.5735,-0.212,-0.08,-0.049,0.163,0.0,0.521,0.365,0.285,17428.0,86.0,1.0,29.671
310,23.292,29.892,102217.73,1.1978,2.57363,-0.088,-0.082,-0.056,0.163,0.0,0.521,0.37,0.307,17482.0,86.0,1.0,29.638
311,23.271,29.885,102217.73,1.1979,2.57388,0.163,-0.009,-0.013,0.163,0.521,0.521,0.121,0.145,17537.0,86.0,1.0,29.638
312,23.303,29.892,102219.08,1.1978,2.574,0.287,0.08,0.047,0.163,0.693,0.521,0.366,0.281,17591.0,86.0,1.0,29.716
313,23.292,29.885,102222.234,1.1979,2.5735,-0.212,-0.008,-0.005,0.163,0.0,0.521,0.113,0.087,17646.0,86.0,1.0,29.683
314,23.303,29.892,102220.44,1.1978,2.57388,0.163,0.043,0.029,0.163,0.521,0.521,0.269,0.22,17700.0,86.0,1.0,29.66
315,23.303,29.892,102219.14,1.1978,2.57388,0.163,0.079,0.056,0.163,0.521,0.521,0.364,0.305,17755.0,86.0,1.0,29.682
316,23.292,29.9,102219.14,1.1979,2.57413,0.412,0.179,0.127,0.163,0.83,0.521,0.547,0.46,17809.0,86.0,1.0,29.682
317,23.292,29.9,102221.34,1.1979,2.57425,0.538,0.287,0.209,0.163,0.947,0.521,0.692,0.591,17863.0,86.0,1.0,29.649
318,23.292,29.892,102219.55,1.1979,2.57375,0.037,0.212,0.175,0.163,0.25,0.521,0.595,0.54,17917.0,86.0,1.0,29.682
319,23.314,29.9,102215.93,1.1977,2.574,0.287,0.235,0.197,0.163,0.693,0.521,0.626,0.574,17972.0,86.0,1.0,29.693
320,23.303,29.908,102221.79,1.1978,2.57375,0.037,0.175,0.165,0.163,0.25,0.521,0.541,0.525,18027.0,86.0,1.0,29.693
321,23.292,29.9,102221.79,1.1979,2.57338,-0.337,0.022,0.065,0.163,0.0,0.521,0.19,0.329,18081.0,86.0,1.0,29.627
322,23.303,29.892,102220.44,1.1978,2.57388,0.163,0.064,0.084,0.163,0.521,0.521,0.327,0.375,18136.0,86.0,1.0,29.683
323,23.314,29.9,102224.49,1.1978,2.57375,0.037,0.056,0.075,0.163,0.25,0.521,0.306,0.354,18190.0,86.0,1.0,29.683
324,23.303,29.908,102224.94,1.1979,2.57425,0.538,0.2,0.167,0.163,0.947,0.521,0.578,0.529,18244.0,86.0,1.0,29.683
325,23.303,29.892,102224.94,1.1979,2.574,0.287,0.227,0.191,0.163,0.693,0.521,0.615,0.565,18298.0,86.0,1.0,29.683
326,23.314,29.892,102226.3,1.1979,2.57363,-0.088,0.132,0.136,0.163,0.0,0.521,0.47,0.476,18353.0,86.0,1.0,29.749
327,23.303,29.9,102220.875,1.1978,2.5735,-0.212,0.029,0.066,0.163,0.0,0.521,0.22,0.332,18408.0,86.0,1.0,29.671
328,23.292,29.885,102215.93,1.1978,2.57388,0.163,0.069,0.085,0.163,0.521,0.521,0.339,0.377,18462.0,86.0,1.0,29.683
329,23.292,29.915,102217.73,1.1978,2.574,0.287,0.135,0.126,0.163,0.693,0.521,0.474,0.458,18516.0,86.0,1.0,29.66
330,23.324,29.908,102217.73,1.1977,2.574,0.287,0.18,0.158,0.287,0.693,0.693,0.549,0.514,18571.0,86.0,1.0,29.66
331,23.303,29.9,102221.79,1.1978,2.57375,0.037,0.138,0.134,0.163,0.25,0.521,0.479,0.473,18625.0,86.0,1.0,29.66
332,23.303,29.892,102222.234,1.1979,2.574,0.287,0.183,0.165,0.287,0.693,0.693,0.552,0.524,18679.0,86.0,1.0,29.683
333,23.303,29.908,102218.64,1.1978,2.57363,-0.088,0.101,0.114,0.287,0.0,0.693,0.412,0.437,18735.0,86.0,1.0,29.66
334,23.292,29.892,102218.64,1.1979,2.574,0.287,0.157,0.149,0.287,0.693,0.693,0.512,0.499,18789.0,86.0,1.0,29.66
335,23.314,29.892,102223.2,1.1978,2.57375,0.037,0.121,0.127,0.287,0.25,0.693,0.45,0.46,18843.0,86.0,1.0,29.626
336,23.314,29.892,102220.44,1.1978,2.57375,0.037,0.096,0.109,0.287,0.25,0.693,0.401,0.426,18897.0,86.0,1.0,29.728
337,23.303,29.892,102217.73,1.1978,2.57413,0.412,0.191,0.169,0.287,0.83,0.693,0.565,0.532,18952.0,86.0,1.0,29.671
338,23.314,29.908,102214.58,1.1977,2.57425,0.538,0.295,0.243,0.287,0.947,0.693,0.702,0.637,19006.0,86.0,1.0,29.66
339,23.303,29.892,102214.58,1.1978,2.57375,0.037,0.218,0.202,0.287,0.25,0.693,0.603,0.581,19061.0,86.0,1.0,29.66
340,23.281,29.9,102216.375,1.1979,2.5735,-0.212,0.089,0.119,0.287,0.0,0.693,0.385,0.446,19116.0,86.0,1.0,29.693
341,23.303,29.892,102219.94,1.1978,2.57388,0.163,0.111,0.128,0.163,0.521,0.521,0.43,0.462,19170.0,86.0,1.0,29.693
342,23.314,29.9,102221.34,1.1978,2.57413,0.412,0.201,0.185,0.287,0.83,0.693,0.58,0.555,19224.0,86.0,1.0,29.705
343,23.292,29.892,102212.75,1.1978,2.57388,0.163,0.19,0.18,0.287,0.521,0.693,0.563,0.549,19278.0,86.0,1.0,29.638
344,23.314,29.9,102212.75,1.1977,2.574,0.287,0.219,0.202,0.287,0.693,0.693,0.605,0.58,19334.0,86.0,1.0,29.638
345,23.303,29.915,102220.875,1.1978,2.57413,0.412,0.277,0.244,0.287,0.83,0.693,0.68,0.638,19388.0,86.0,1.0,29.705
346,23.314,29.9,102218.17,1.1978,2.57388,0.163,0.243,0.228,0.287,0.521,0.693,0.637,0.616,19442.0,86.0,1.0,29.638
347,23.303,29.9,102220.44,1.1978,2.57363,-0.088,0.144,0.165,0.287,0.0,0.693,0.49,0.524,19496.0,86.0,1.0,29.683
348,23.281,29.9,102220.44,1.1979,2.57375,0.037,0.112,0.139,0.287,0.25,0.693,0.432,0.482,19551.0,86.0,1.0,29.683
349,23.292,29.892,102215.016,1.1978,2.57313,-0.588,-0.098,-0.006,0.163,0.0,0.521,0.405,0.102,19605.0,86.0,1.0,29.604
350,23.303,29.892,102215.47,1.1978,2.57338,-0.337,-0.17,-0.072,0.287,0.0,0.693,0.533,0.348,19659.0,86.0,1.0,29.671
351,23.303,29.9,102214.11,1.1978,2.5735,-0.212,-0.183,-0.1,0.163,0.0,0.521,0.552,0.41,19715.0,86.0,1.0,29.705
352,23.324,29.908,102223.14,1.1978,2.57313,-0.588,-0.304,-0.198,0.163,0.0,0.521,0.713,0.575,19769.0,86.0,1.0,29.627
353,23.303,29.9,102223.14,1.1979,2.57363,-0.088,-0.239,-0.176,0.163,0.0,0.521,0.632,0.542,19823.0,86.0,1.0,29.627
354,23.303,29.892,102220.44,1.1978,2.57388,0.163,-0.119,-0.108,0.163,0.521,0.521,0.445,0.425,19877.0,86.0,1.0,29.638
355,23.303,29.9,102221.28,1.1978,2.5735,-0.212,-0.147,-0.129,0.163,0.0,0.521,0.495,0.464,19932.0,86.0,1.0,29.615
356,23.281,29.9,102219.52,1.1979,2.57375,0.037,-0.092,-0.096,0.163,0.25,0.521,0.391,0.4,19986.0,86.0,1.0,29.638
357,23.303,29.908,102219.52,1.1978,2.5735,-0.212,-0.128,-0.119,0.163,0.0,0.521,0.462,0.446,20040.0,86.0,1.0,29.638
358,23.303,29.908,102223.58,1.1979,2.5735,-0.212,-0.153,-0.138,0.163,0.0,0.521,0.506,0.48,20094.0,86.0,1.0,29.638
359,23.271,29.915,102218.58,1.1979,2.574,0.287,-0.021,-0.053,0.163,0.693,0.521,0.187,0.297,20150.0,86.0,1.0,29.693
360,23.303,29.915,102216.81,1.1978,2.57375,0.037,-0.003,-0.035,0.163,0.25,0.521,0.076,0.241,20204.0,86.0,1.0,29.66
361,23.292,29.892,102219.52,1.1979,2.57363,-0.088,-0.029,-0.045,0.163,0.0,0.521,0.219,0.275,20258.0,86.0,1.0,29.66
362,23.303,29.9,102219.52,1.1978,2.57413,0.412,0.104,0.046,0.163,0.83,0.521,0.416,0.278,20313.0,86.0,1.0,29.66
363,23.303,29.9,102226.3,1.1979,2.57413,0.412,0.196,0.12,0.287,0.83,0.693,0.572,0.447,20367.0,86.0,1.0,29.604
364,23.303,29.9,102221.73,1.1978,2.5735,-0.212,0.074,0.053,0.163,0.0,0.521,0.351,0.298,20421.0,86.0,1.0,29.716
365,23.303,29.9,102219.94,1.1978,2.57363,-0.088,0.025,0.025,0.163,0.0,0.521,0.205,0.204,20475.0,86.0,1.0,29.615
366,23.303,29.9,102219.94,1.1978,2.5735,-0.212,-0.046,-0.023,0.163,0.0,0.521,0.277,0.194,20530.0,86.0,1.0,29.66
367,23.314,29.9,102219.94,1.1978,2.57338,-0.337,-0.133,-0.085,0.163,0.0,0.521,0.472,0.378,20584.0,86.0,1.0,29.66
368,23.292,29.908,102219.52,1.1979,2.57375,0.037,-0.082,-0.061,0.163,0.25,0.521,0.37,0.319,20638.0,86.0,1.0,29.66
369,23.314,29.908,102224.44,1.1978,2.57363,-0.088,-0.084,-0.066,0.037,0.0,0.25,0.374,0.333,20694.0,86.0,1.0,29.683
370,23.303,29.9,102224.44,1.1979,2.57338,-0.337,-0.16,-0.12,0.163,0.0,0.521,0.517,0.448,20748.0,86.0,1.0,29.649
371,23.314,29.908,102224.44,1.1978,2.57388,0.163,-0.063,-0.064,0.163,0.521,0.521,0.325,0.327,20802.0,86.0,1.0,29.649
372,23.314,29.908,102228.94,1.1979,2.57425,0.538,0.117,0.056,0.163,0.947,0.521,0.442,0.307,20856.0,86.0,1.0,29.66
373,23.303,29.9,102222.64,1.1979,2.57363,-0.088,0.056,0.028,0.163,0.0,0.521,0.305,0.215,20911.0,86.0,1.0,29.693
374,23.314,29.9,102220.375,1.1978,2.57413,0.412,0.163,0.105,0.287,0.83,0.693,0.521,0.418,20965.0,86.0,1.0,29.615
375,23.303,29.9,102220.375,1.1978,2.57363,-0.088,0.088,0.066,0.163,0.0,0.521,0.383,0.332,21019.0,86.0,1.0,29.671
376,23.303,29.9,102220.375,1.1978,2.57338,-0.337,-0.04,-0.015,0.287,0.0,0.693,0.258,0.156,21073.0,86.0,1.0,29.671
377,23.303,29.9,102220.81,1.1978,2.57388,0.163,0.021,0.021,0.287,0.521,0.693,0.187,0.187,21128.0,86.0,1.0,29.627
378,23.303,29.915,102224.875,1.1979,2.57388,0.163,0.063,0.049,0.287,0.521,0.693,0.325,0.287,21183.0,86.0,1.0,29.627
379,23.324,29.915,102219.94,1.1977,2.57413,0.412,0.168,0.122,0.287,0.83,0.693,0.53,0.451,21237.0,86.0,1.0,29.705
380,23.314,29.9,102219.94,1.1978,2.574,0.287,0.204,0.155,0.287,0.693,0.693,0.583,0.509,21292.0,86.0,1.0,29.705
381,23.303,29.908,102218.58,1.1978,2.57388,0.163,0.191,0.156,0.287,0.521,0.693,0.565,0.511,21346.0,86.0,1.0,29.671
382,23.303,29.9,102219.46,1.1978,2.5735,-0.212,0.07,0.083,0.287,0.0,0.693,0.343,0.372,21400.0,86.0,1.0,29.594
383,23.303,29.908,102222.61,1.1979,2.57388,0.163,0.098,0.099,0.287,0.521,0.693,0.404,0.406,21454.0,86.0,1.0,29.628
384,23.303,29.908,102223.08,1.1979,2.57375,0.037,0.08,0.086,0.163,0.25,0.521,0.365,0.38,21509.0,86.0,1.0,29.604
385,23.292,29.9,102223.08,1.1979,2.57363,-0.088,0.03,0.052,0.163,0.0,0.521,0.222,0.294,21563.0,86.0,1.0,29.604
386,23.292,29.9,102221.266,1.1979,2.574,0.287,0.107,0.099,0.163,0.693,0.521,0.423,0.406,21617.0,86.0,1.0,29.628
387,23.314,29.9,102222.61,1.1978,2.574,0.287,0.161,0.137,0.163,0.693,0.521,0.519,0.477,21672.0,86.0,1.0,29.616
388,23.314,29.908,102218.11,1.1978,2.57363,-0.088,0.087,0.092,0.163,0.0,0.521,0.38,0.391,21727.0,86.0,1.0,29.627
389,23.314,29.9,102222.61,1.1978,2.57388,0.163,0.109,0.106,0.163,0.521,0.521,0.427,0.42,21781.0,86.0,1.0,29.649
390,23.314,29.9,102222.61,1.1978,2.57438,0.663,0.275,0.217,0.287,1.052,0.693,0.678,0.602,21835.0,86.0,1.0,29.649
391,23.314,29.908,102217.2,1.1977,2.57363,-0.088,0.166,0.156,0.163,0.0,0.521,0.527,0.511,21890.0,86.0,1.0,29.672
392,23.303,29.915,102220.31,1.1978,2.57363,-0.088,0.09,0.107,0.163,0.0,0.521,0.388,0.424,21944.0,86.0,1.0,29.605
393,23.314,29.908,102218.55,1.1978,2.57388,0.163,0.112,0.119,0.287,0.521,0.693,0.432,0.445,21998.0,86.0,1.0,29.649
394,23.303,29.915,102218.55,1.1978,2.57325,-0.463,-0.06,0.002,0.163,0.0,0.521,0.318,0.062,22053.0,86.0,1.0,29.649
395,23.303,29.9,102222.17,1.1979,2.57388,0.163,0.006,0.034,0.163,0.521,0.521,0.104,0.239,22108.0,86.0,1.0,29.66
396,23.303,29.9,102220.81,1.1978,2.574,0.287,0.091,0.085,0.163,0.693,0.521,0.389,0.377,22162.0,86.0,1.0,29.615
397,23.324,29.908,102219.91,1.1977,2.57388,0.163,0.112,0.1,0.163,0.521,0.521,0.433,0.41,22216.0,86.0,1.0,29.639
398,23.303,29.915,102222.17,1.1979,2.5735,-0.212,0.015,0.038,0.163,0.0,0.521,0.158,0.252,22270.0,86.0,1.0,29.66
399,23.303,29.915,102222.17,1.1979,2.57375,0.037,0.022,0.038,0.163,0.25,0.521,0.19,0.251,22325.0,86.0,1.0,29.66
400,23.303,29.908,102220.375,1.1978,2.574,0.287,0.101,0.088,0.163,0.693,0.521,0.411,0.383,22379.0,86.0,1.0,29.638
401,23.314,29.908,102219.91,1.1978,2.57363,-0.088,0.045,0.053,0.163,0.0,0.521,0.273,0.297,22434.0,86.0,1.0,29.661
402,23.303,29.908,102221.266,1.1978,2.57375,0.037,0.043,0.05,0.163,0.25,0.521,0.266,0.288,22489.0,86.0,1.0,29.605
403,23.314,29.908,102221.266,1.1978,2.57388,0.163,0.079,0.072,0.163,0.521,0.521,0.362,0.347,22543.0,86.0,1.0,29.605
404,23.303,29.908,102219.91,1.1978,2.574,0.287,0.141,0.115,0.163,0.693,0.521,0.486,0.439,22597.0,86.0,1.0,29.639
405,23.324,29.908,102218.55,1.1977,2.57413,0.412,0.223,0.175,0.163,0.83,0.521,0.61,0.54,22651.0,86.0,1.0,29.684
406,23.303,29.915,102220.81,1.1978,2.57413,0.412,0.28,0.222,0.287,0.83,0.693,0.683,0.609,22706.0,86.0,1.0,29.627
407,23.314,29.9,102218.11,1.1978,2.57375,0.037,0.207,0.185,0.287,0.25,0.693,0.588,0.556,22761.0,86.0,1.0,29.627
408,23.324,29.9,102218.11,1.1977,2.57363,-0.088,0.119,0.131,0.163,0.0,0.521,0.445,0.467,22815.0,86.0,1.0,29.627
409,23.303,29.9,102217.67,1.1978,2.57388,0.163,0.132,0.137,0.163,0.521,0.521,0.469,0.478,22870.0,86.0,1.0,29.716
410,23.324,29.915,102216.76,1.1977,2.5735,-0.212,0.028,0.067,0.163,0.0,0.521,0.218,0.335,22924.0,86.0,1.0,29.649
411,23.303,29.915,102218.11,1.1978,2.5735,-0.212,-0.044,0.011,0.163,0.0,0.521,0.27,0.137,22978.0,86.0,1.0,29.683
412,23.314,29.908,102217.67,1.1978,2.5735,-0.212,-0.094,-0.034,0.163,0.0,0.521,0.397,0.237,23032.0,86.0,1.0,29.604
413,23.324,29.908,102217.67,1.1977,2.57375,0.037,-0.055,-0.019,0.163,0.25,0.521,0.303,0.18,23087.0,86.0,1.0,29.604
414,23.324,29.9,102215.84,1.1977,2.57388,0.163,0.01,0.017,0.163,0.521,0.521,0.132,0.169,23141.0,86.0,1.0,29.639
415,23.292,29.9,102224.375,1.1979,2.57375,0.037,0.018,0.021,0.163,0.25,0.521,0.176,0.188,23196.0,86.0,1.0,29.728
416,23.324,29.9,102220.81,1.1977,2.5735,-0.212,-0.051,-0.026,0.163,0.0,0.521,0.291,0.207,23250.0,86.0,1.0,29.615
417,23.314,29.908,102220.81,1.1978,2.57363,-0.088,-0.062,-0.038,0.163,0.0,0.521,0.321,0.252,23305.0,86.0,1.0,29.615
418,23.303,29.9,102223.97,1.1979,2.57438,0.663,0.155,0.102,0.163,1.052,0.521,0.509,0.413,23359.0,86.0,1.0,29.639
