20.643,39.551,1.0004e+05,2.53,1268.9,910.33,657.33,2522.1,46.329,65.316,564,0,1.1824,1
20.622,39.551,1.0004e+05,2.53,846.08,891.05,695.08,1268.9,37.829,46.328,617,0,1.1825,2
20.622,39.528,1.0004e+05,2.527,631.94,813.32,682.45,1268.9,32.694,46.329,670,0,1.1824,3
20.632,39.528,1.0003e+05,2.53,508.18,721.78,647.6,846.08,29.319,37.831,722,0,1.1823,4
20.643,39.551,1.0004e+05,2.53,423.1,632.17,602.7,846.08,26.753,37.832,776,0,1.1823,5
20.611,39.528,1.0004e+05,2.528,360.91,550.79,554.34,631.94,24.707,32.693,828,0,1.1825,6
20.632,39.536,1.0004e+05,2.53,318.05,480.97,507.08,631.94,23.194,32.694,881,0,1.1824,7
20.622,39.521,1.0004e+05,2.529,281.46,421.12,461.96,508.18,21.819,29.318,934,0,1.1825,8
20.632,39.544,1.0004e+05,2.529,252.81,370.63,420.13,508.18,20.679,29.318,987,0,1.1824,9
20.632,39.551,1.0004e+05,2.53,231.46,328.87,382.39,423.1,19.786,26.751,1040,0,1.1825,10
20.611,39.528,1.0004e+05,2.529,210.54,293.38,348.02,423.1,18.87,26.751,1092,0,1.1825,11
20.643,39.559,1.0004e+05,2.529,194.85,263.82,317.39,360.91,18.154,24.708,1145,0,1.1824,12
20.622,39.544,1.0004e+05,2.53,182.18,239.32,290.35,360.91,17.553,24.707,1199,0,1.1825,13
20.643,39.544,1.0004e+05,2.528,167.66,217.82,265.81,318.05,16.841,23.195,1251,0,1.1823,14
20.622,39.551,1.0004e+05,2.53,158.81,200.12,244.41,318.05,16.389,23.193,1304,0,1.1825,15
20.643,39.536,1.0004e+05,2.53,149.84,185.03,225.49,281.46,15.92,21.82,1357,0,1.1824,16
20.632,39.544,1.0004e+05,2.529,140.26,171.6,208.45,281.46,15.403,21.819,1410,0,1.1824,17
20.632,39.551,1.0004e+05,2.53,134.13,160.36,193.58,252.81,15.063,20.679,1463,0,1.1824,18
20.632,39.536,1.0004e+05,2.53,127.92,150.63,180.45,252.81,14.71,20.679,1516,0,1.1824,19
20.622,39.559,1.0004e+05,2.527,-1.594,104.96,144.04,231.46,0,19.786,1568,0,1.1825,20
20.622,39.536,1.0004e+05,2.53,0.769,73.705,115.39,231.46,1.14,19.786,1622,0,1.1825,21
20.622,39.544,1.0004e+05,2.53,0.394,51.712,92.389,210.54,0.816,18.871,1674,0,1.1824,22
20.664,39.559,1.0004e+05,2.529,-0.582,36.024,73.795,194.85,0,18.155,1727,0,1.1823,23
20.622,39.536,1.0004e+05,2.531,1.487,25.663,59.334,194.85,1.586,18.154,1779,0,1.1825,24
20.632,39.551,1.0004e+05,2.529,-0.294,17.876,47.408,182.18,0,17.554,1832,0,1.1824,25
20.632,39.536,1.0004e+05,2.529,-0.006,12.511,37.925,167.66,0,16.84,1885,0,1.1825,26
20.622,39.559,1.0005e+05,2.531,1.556,9.225,30.651,167.66,1.622,16.839,1937,0,1.1825,27
20.654,39.528,1.0004e+05,2.528,-1.1,6.127,24.301,158.81,0,16.39,1990,0,1.1823,28
20.643,39.536,1.0004e+05,2.53,0.187,4.345,19.478,149.84,0.563,15.92,2042,0,1.1823,29
20.632,39.551,1.0004e+05,2.53,0.887,3.308,15.76,140.26,1.225,15.403,2095,0,1.1824,30
20.6,39.544,1.0004e+05,2.528,-1.238,1.944,12.361,134.13,0,15.062,2148,0,1.1825,31
20.643,39.536,1.0004e+05,2.531,1.512,1.815,10.191,134.13,1.599,15.063,2200,0,1.1824,32
20.611,39.544,1.0004e+05,2.529,0.012,1.274,8.155,127.92,0.143,14.709,2252,0,1.1825,33
20.643,39.536,1.0004e+05,2.529,-0.738,0.67,6.377,1.556,0,1.622,2305,0,1.1824,34
20.632,39.551,1.0004e+05,2.531,1.762,0.998,5.454,1.556,1.726,1.622,2357,0,1.1824,35
20.643,39.536,1.0004e+05,2.528,-0.988,0.402,4.165,1.512,0,1.599,2410,0,1.1824,36
20.654,39.536,1.0004e+05,2.53,0.387,0.398,3.41,1.512,0.809,1.599,2462,0,1.1824,37
20.622,39.559,1.0004e+05,2.53,0.512,0.432,2.83,1.487,0.931,1.586,2514,0,1.1825,38
20.632,39.551,1.0004e+05,2.528,-1.363,-0.106,1.992,0.887,0,1.225,2567,0,1.1824,39
20.632,39.544,1.0004e+05,2.53,1.012,0.229,1.796,0.887,1.308,1.225,2619,0,1.1824,40
20.643,39.536,1.0004e+05,2.529,-0.113,0.127,1.414,0.769,0,1.14,2671,0,1.1824,41
20.622,39.544,1.0004e+05,2.529,-0.488,-0.058,1.034,0.769,0,1.14,2723,0,1.1825,42
20.632,39.559,1.0004e+05,2.531,1.387,0.376,1.104,1.012,1.532,1.308,2776,0,1.1823,43
20.622,39.536,1.0004e+05,2.528,-1.363,-0.146,0.611,1.012,0,1.308,2828,0,1.1825,44
20.643,39.567,1.0004e+05,2.53,1.012,0.202,0.691,1.012,1.308,1.308,2880,0,1.1824,45
20.643,39.559,1.0004e+05,2.53,0.512,0.295,0.655,1.012,0.931,1.308,2932,0,1.1824,46
20.643,39.544,1.0004e+05,2.528,-1.738,-0.315,0.177,0.887,0,1.225,2984,0,1.1824,47
20.654,39.551,1.0004e+05,2.529,-0.738,-0.442,-0.006,0.887,0,1.225,3037,0,1.1823,48
20.632,39.551,1.0004e+05,2.528,-1.488,-0.756,-0.303,0.887,0,1.225,3089,0,1.1825,49
20.622,39.536,1.0004e+05,8.192,5662.5,1698.2,1132.3,1.012,97.863,1.308,3141,0,1.1825,50
20.622,39.528,1.0004e+05,2.53,1.137,1189.1,906.04,1.012,1.387,1.308,3193,0,1.1825,51
20.622,39.559,1.0004e+05,2.527,-2.238,831.7,724.38,1.012,0,1.308,3247,0,1.1825,52
20.632,39.551,1.0004e+05,2.527,-2.738,581.37,578.96,1.012,0,1.308,3299,0,1.1824,53
20.622,39.551,1.0004e+05,2.527,-2.238,406.29,462.72,1.012,0,1.308,3351,0,1.1824,54
20.654,39.536,1.0004e+05,2.528,-1.613,283.92,369.85,1.012,0,1.308,3403,0,1.1823,55
20.632,39.559,1.0004e+05,2.529,-0.738,198.52,295.73,1.012,0,1.308,3457,0,1.1824,56
20.622,39.544,1.0004e+05,2.528,-1.363,138.56,236.31,1.012,0,1.308,3509,0,1.1825,57
20.654,39.559,1.0004e+05,2.528,-1.238,96.617,188.8,1.012,0,1.308,3561,0,1.1823,58
20.632,39.551,1.0004e+05,2.53,0.137,67.673,151.07,1.012,0.482,1.308,3613,0,1.1824,59
20.643,39.551,1.0004e+05,2.528,-1.363,46.962,120.58,1.012,0,1.308,3665,0,1.1824,60
20.654,39.536,1.0005e+05,2.528,-1.238,32.502,96.22,1.012,0,1.308,3718,0,1.1824,61
20.622,39.559,1.0005e+05,2.528,-1.488,22.305,76.678,1.012,0,1.308,3770,0,1.1825,62
20.664,39.528,1.0005e+05,2.529,-0.113,15.58,61.32,1.012,0,1.308,3822,0,1.1823,63
20.622,39.551,1.0004e+05,2.529,-0.113,10.872,49.033,1.012,0,1.308,3874,0,1.1824,64
20.632,39.551,1.0004e+05,2.528,-1.363,7.202,38.954,1.012,0,1.308,3927,0,1.1824,65
20.654,39.567,1.0004e+05,2.528,-1.238,4.67,30.916,1.012,0,1.308,3979,0,1.1823,66
20.643,39.551,1.0004e+05,2.529,-0.238,3.198,24.685,0.512,0,0.931,4031,0,1.1824,67
20.622,39.544,1.0004e+05,2.528,-1.488,1.792,19.451,1.137,0,1.387,4083,0,1.1825,68
20.632,39.551,1.0004e+05,2.527,-2.113,0.621,15.138,1.137,0,1.387,4135,0,1.1824,69
20.632,39.536,1.0004e+05,2.528,-1.113,0.101,11.888,1.137,0,1.387,4189,0,1.1824,70
20.632,39.551,1.0003e+05,2.526,-2.863,-0.788,8.938,1.137,0,1.387,4241,0,1.1823,71
20.611,39.536,1.0004e+05,2.527,-2.488,-1.298,6.653,0.137,0,0.482,4292,0,1.1825,72
20.622,39.559,1.0004e+05,2.526,-3.738,-2.03,4.574,0.137,0,0.482,4344,0,1.1824,73
20.622,39.551,1.0004e+05,2.527,-1.988,-2.017,3.262,0.137,0,0.482,4397,0,1.1824,74
20.643,39.551,1.0005e+05,2.526,-3.113,-2.346,1.987,0.137,0,0.482,4449,0,1.1824,75
20.632,39.544,1.0004e+05,2.525,-4.488,-2.989,0.692,0.137,0,0.482,4501,0,1.1824,76
20.622,39.551,1.0003e+05,2.527,-2.363,-2.801,0.081,0.137,0,0.482,4553,0,1.1824,77
20.643,39.551,1.0003e+05,2.525,-4.488,-3.307,-0.833,0.137,0,0.482,4605,0,1.1823,78
20.632,39.536,1.0004e+05,2.525,-4.488,-3.661,-1.564,0.137,0,0.482,4658,0,1.1825,79
20.643,39.567,1.0004e+05,2.526,-3.488,-3.609,-1.948,0.137,0,0.482,4710,0,1.1824,80
20.632,39.551,1.0004e+05,2.525,-4.738,-3.948,-2.506,0,0,0,4762,0,1.1824,81
20.643,39.559,1.0004e+05,2.527,-2.363,-3.472,-2.478,0,0,0,4814,0,1.1823,82
20.622,39.551,1.0004e+05,2.523,-6.488,-4.377,-3.28,0,0,0,4866,0,1.1825,83
20.643,39.544,1.0004e+05,2.524,-4.988,-4.56,-3.621,0,0,0,4918,0,1.1823,84
20.632,39.544,1.0004e+05,2.526,-2.863,-4.051,-3.47,0,0,0,4970,0,1.1824,85
20.632,39.536,1.0004e+05,2.523,-5.863,-4.594,-3.948,0,0,0,5022,0,1.1824,86
20.632,39.544,1.0004e+05,2.527,-2.488,-3.962,-3.656,0,0,0,5074,0,1.1824,87
20.643,39.536,1.0004e+05,2.525,-4.238,-4.045,-3.772,0,0,0,5127,0,1.1824,88
20.632,39.559,1.0005e+05,2.527,-2.613,-3.615,-3.541,0,0,0,5179,0,1.1825,89
20.643,39.559,1.0004e+05,2.527,-2.488,-3.277,-3.33,0,0,0,5230,0,1.1824,90
20.622,39.551,1.0004e+05,2.525,-4.113,-3.528,-3.487,0,0,0,5282,0,1.1825,91
20.622,39.559,1.0004e+05,2.527,-1.988,-3.066,-3.187,0,0,0,5335,0,1.1825,92
20.654,39.536,1.0004e+05,2.528,-1.613,-2.63,-2.872,0,0,0,5387,0,1.1823,93
20.654,39.536,1.0004e+05,2.527,-2.238,-2.512,-2.745,0,0,0,5439,0,1.1823,94
20.643,39.528,1.0004e+05,2.529,-0.488,-1.905,-2.294,0,0,0,5491,0,1.1824,95
20.643,39.567,1.0005e+05,2.527,-2.363,-2.042,-2.308,0,0,0,5543,0,1.1824,96
20.643,39.551,1.0004e+05,2.53,0.137,-1.388,-1.819,0.137,0.482,0.482,5596,0,1.1824,97
20.632,39.551,1.0004e+05,2.529,-0.238,-1.043,-1.502,0.137,0,0.482,5647,0,1.1824,98
20.622,39.536,1.0004e+05,2.526,-2.863,-1.589,-1.774,0.137,0,0.482,5699,0,1.1825,99
20.632,39.544,1.0004e+05,2.529,0.012,-1.109,-1.417,0.137,0.143,0.482,5751,0,1.1824,100
20.643,39.544,1.0004e+05,2.528,-1.113,-1.11,-1.356,0.012,0,0.143,5804,0,1.1824,101
20.643,39.544,1.0004e+05,2.529,-0.238,-0.848,-1.133,0.012,0,0.143,5856,0,1.1824,102
20.643,39.536,1.0004e+05,2.529,-0.863,-0.853,-1.079,0.012,0,0.143,5908,0,1.1824,103
20.643,39.544,1.0004e+05,2.528,-1.738,-1.118,-1.21,0.012,0,0.143,5960,0,1.1824,104
20.632,39.536,1.0004e+05,2.529,-0.738,-1.004,-1.116,0.012,0,0.143,6012,0,1.1824,105
20.643,39.536,1.0004e+05,2.529,-0.863,-0.962,-1.065,0.012,0,0.143,6065,0,1.1823,106
20.643,39.559,1.0004e+05,2.528,-1.363,-1.082,-1.125,0.012,0,0.143,6117,0,1.1823,107
20.643,39.544,1.0004e+05,2.529,-0.363,-0.866,-0.972,0.012,0,0.143,6169,0,1.1823,108
20.622,39.544,1.0004e+05,2.528,-0.988,-0.903,-0.975,0.012,0,0.143,6221,0,1.1824,109
20.632,39.551,1.0004e+05,2.53,0.262,-0.553,-0.728,0.137,0.666,0.482,6274,0,1.1824,110
20.643,39.544,1.0004e+05,2.528,-1.113,-0.721,-0.805,0.137,0,0.482,6326,0,1.1823,111
20.622,39.544,1.0004e+05,2.53,0.137,-0.464,-0.616,0.137,0.482,0.482,6378,0,1.1825,112
20.654,39.559,1.0004e+05,2.531,2.012,0.279,-0.091,0.137,1.845,0.482,6430,0,1.1823,113
20.643,39.528,1.0004e+05,2.528,-0.988,-0.101,-0.27,0.137,0,0.482,6482,0,1.1824,114
20.643,39.544,1.0004e+05,2.53,0.887,0.195,-0.039,0.262,1.225,0.666,6535,0,1.1824,115
20.6,39.559,1.0004e+05,2.528,-0.988,-0.159,-0.229,0.137,0,0.482,6587,0,1.1825,116
20.643,39.544,1.0004e+05,2.529,-0.113,-0.145,-0.205,0.137,0,0.482,6639,0,1.1823,117
20.654,39.559,1.0004e+05,2.53,0.762,0.127,-0.012,0.262,1.135,0.666,6691,0,1.1823,118
20.654,39.544,1.0004e+05,2.529,-0.613,-0.095,-0.132,0.262,0,0.666,6744,0,1.1823,119
20.632,39.551,1.0004e+05,2.528,-1.488,-0.513,-0.403,0.262,0,0.666,6796,0,1.1824,120
20.654,39.551,1.0004e+05,2.53,0.762,-0.13,-0.17,0.762,1.135,1.135,6848,0,1.1823,121
20.622,39.544,1.0004e+05,2.53,0.512,0.062,-0.034,0.762,0.931,1.135,6900,0,1.1825,122
20.632,39.559,1.0004e+05,2.531,2.012,0.647,0.376,0.762,1.845,1.135,6952,0,1.1824,123
20.643,39.559,1.0004e+05,2.53,1.137,0.794,0.528,0.762,1.387,1.135,7005,0,1.1824,124
20.664,39.551,1.0004e+05,2.53,0.887,0.822,0.6,0.887,1.225,1.225,7057,0,1.1823,125
20.6,39.536,1.0004e+05,2.531,1.762,1.104,0.832,0.887,1.726,1.225,7109,0,1.1826,126
20.632,39.559,1.0004e+05,2.53,0.262,0.852,0.718,0.887,0.666,1.225,7161,0,1.1824,127
20.654,39.551,1.0004e+05,2.528,-0.988,0.3,0.377,0.762,0,1.136,7214,0,1.1823,128
20.632,39.559,1.0004e+05,2.53,1.012,0.513,0.504,0.887,1.308,1.225,7266,0,1.1824,129
20.643,39.551,1.0004e+05,2.53,0.512,0.513,0.506,0.887,0.931,1.225,7318,0,1.1824,130
20.643,39.559,1.0004e+05,2.53,1.012,0.663,0.607,0.887,1.308,1.225,7371,0,1.1824,131
20.622,39.551,1.0004e+05,2.53,0.387,0.58,0.563,0.887,0.809,1.225,7424,0,1.1824,132
20.632,39.559,1.0004e+05,2.53,0.387,0.522,0.528,0.887,0.809,1.225,7476,0,1.1824,133
20.632,39.544,1.0004e+05,2.53,0.137,0.407,0.45,0.887,0.482,1.225,7528,0,1.1824,134
20.632,39.544,1.0004e+05,2.53,1.137,0.626,0.587,0.887,1.387,1.225,7580,0,1.1824,135
20.643,39.544,1.0004e+05,2.532,2.262,1.117,0.922,0.887,1.956,1.225,7632,0,1.1824,136
20.654,39.559,1.0004e+05,2.53,1.137,1.123,0.965,0.887,1.387,1.225,7685,0,1.1824,137
20.632,39.551,1.0004e+05,2.529,-0.363,0.677,0.7,0.887,0,1.225,7737,0,1.1824,138
20.622,39.536,1.0004e+05,2.529,0.012,0.478,0.562,0.887,0.143,1.225,7789,0,1.1825,139
20.632,39.551,1.0004e+05,2.53,0.512,0.488,0.552,0.887,0.931,1.225,7841,0,1.1824,140
20.643,39.559,1.0004e+05,2.53,0.262,0.42,0.494,0.762,0.666,1.135,7894,0,1.1823,141
20.632,39.559,1.0004e+05,2.53,0.762,0.523,0.548,0.762,1.135,1.135,7946,0,1.1824,142
20.622,39.559,1.0004e+05,2.528,-1.238,-0.005,0.191,0.762,0,1.135,7999,0,1.1824,143
20.622,39.551,1.0004e+05,2.53,0.887,0.262,0.33,0.887,1.225,1.225,8051,0,1.1825,144
20.643,39.544,1.0003e+05,2.53,0.512,0.337,0.366,0.762,0.931,1.136,8103,0,1.1823,145
20.622,39.544,1.0004e+05,2.528,-0.988,-0.06,0.096,0.512,0,0.931,8156,0,1.1825,146
20.654,39.551,1.0004e+05,2.532,2.387,0.674,0.554,0.762,2.01,1.136,8208,0,1.1823,147
20.654,39.551,1.0004e+05,2.529,-0.488,0.325,0.346,0.512,0,0.931,8260,0,1.1823,148
20.643,39.536,1.0004e+05,2.53,1.137,0.569,0.504,0.762,1.387,1.136,8312,0,1.1823,149
20.643,39.551,1.0003e+05,2.529,-0.738,0.177,0.256,0.762,0,1.136,8365,0,1.1823,150
20.632,39.551,1.0003e+05,2.529,-0.363,0.015,0.132,0.512,0,0.931,8417,0,1.1823,151
20.632,39.551,1.0004e+05,2.531,1.887,0.577,0.483,0.887,1.787,1.225,8469,0,1.1824,152
20.654,39.544,1.0004e+05,2.53,0.512,0.557,0.489,0.762,0.931,1.136,8521,0,1.1823,153
20.664,39.544,1.0003e+05,2.53,1.012,0.694,0.593,0.887,1.309,1.225,8573,0,1.1822,154
20.622,39.536,1.0003e+05,2.532,2.262,1.164,0.927,1.012,1.956,1.308,8626,0,1.1824,155
20.643,39.551,1.0004e+05,2.528,-1.238,0.444,0.494,1.012,0,1.308,8678,0,1.1823,156
20.632,39.559,1.0003e+05,2.53,0.387,0.427,0.473,0.887,0.809,1.225,8731,0,1.1823,157
20.643,39.544,1.0004e+05,2.53,0.387,0.415,0.456,0.762,0.809,1.135,8783,0,1.1824,158
20.622,39.551,1.0004e+05,2.528,-1.113,-0.043,0.142,0.512,0,0.931,8836,0,1.1824,159
20.632,39.551,1.0004e+05,2.529,-0.238,-0.102,0.066,0.512,0,0.931,8888,0,1.1824,160
20.654,39.536,1.0004e+05,2.529,-0.488,-0.218,-0.045,0.762,0,1.136,8940,0,1.1823,161
20.654,39.544,1.0003e+05,2.53,0.512,0.001,0.067,0.762,0.931,1.136,8992,0,1.1822,162
20.643,39.551,1.0004e+05,2.529,-0.613,-0.183,-0.069,0.762,0,1.135,9044,0,1.1823,163
20.632,39.544,1.0004e+05,2.528,-1.363,-0.537,-0.328,0.887,0,1.225,9097,0,1.1824,164
20.643,39.536,1.0004e+05,2.531,1.512,0.078,0.04,1.012,1.599,1.308,9149,0,1.1824,165
20.643,39.536,1.0004e+05,2.529,-0.113,0.021,0.01,1.012,0,1.308,9201,0,1.1823,166
20.654,39.536,1.0004e+05,2.529,-0.363,-0.094,-0.065,1.012,0,1.308,9253,0,1.1823,167
20.622,39.544,1.0004e+05,2.531,1.512,0.388,0.25,1.137,1.599,1.387,9306,0,1.1824,168
20.643,39.551,1.0004e+05,2.528,-1.613,-0.213,-0.122,1.012,0,1.308,9358,0,1.1823,169
20.611,39.567,1.0004e+05,2.529,-0.113,-0.183,-0.12,1.012,0,1.308,9410,0,1.1825,170
20.622,39.536,1.0004e+05,2.529,-0.863,-0.387,-0.269,1.012,0,1.308,9462,0,1.1824,171
20.664,39.536,1.0004e+05,2.528,-1.238,-0.642,-0.463,1.012,0,1.308,9515,0,1.1823,172
20.622,39.551,1.0003e+05,2.53,0.512,-0.296,-0.268,1.012,0.931,1.308,9567,0,1.1824,173
20.632,39.536,1.0004e+05,2.527,-1.988,-0.803,-0.612,0.512,0,0.931,9619,0,1.1824,174
20.654,39.536,1.0004e+05,2.53,0.887,-0.296,-0.312,0.887,1.225,1.225,9671,0,1.1823,175
20.654,39.544,1.0004e+05,2.53,0.262,-0.129,-0.197,0.512,0.666,0.931,9723,0,1.1823,176
20.632,39.551,1.0004e+05,2.528,-0.988,-0.386,-0.355,0.512,0,0.931,9776,0,1.1824,177
20.632,39.559,1.0004e+05,2.529,-0.238,-0.342,-0.332,0.512,0,0.931,9828,0,1.1824,178
20.611,39.544,1.0004e+05,2.529,-0.488,-0.386,-0.363,0.512,0,0.931,9880,0,1.1825,179
20.622,39.536,1.0004e+05,2.53,0.387,-0.154,-0.213,0.512,0.809,0.931,9932,0,1.1825,180
20.632,39.551,1.0004e+05,2.529,-0.238,-0.179,-0.218,0.512,0,0.931,9985,0,1.1824,181
20.654,39.551,1.0004e+05,2.528,-1.488,-0.572,-0.472,0.512,0,0.931,10037,0,1.1824,182
20.611,39.559,1.0004e+05,2.53,0.387,-0.284,-0.3,0.512,0.809,0.931,10089,0,1.1825,183
20.643,39.536,1.0004e+05,2.529,0.012,-0.195,-0.238,0.512,0.143,0.931,10141,0,1.1824,184
20.632,39.536,1.0004e+05,2.529,-0.613,-0.32,-0.313,0.387,0,0.809,10193,0,1.1824,185
20.622,39.536,1.0004e+05,2.531,2.137,0.417,0.177,0.512,1.901,0.931,10246,0,1.1825,186
20.622,39.528,1.0004e+05,2.529,-0.613,0.108,0.019,0.387,0,0.809,10298,0,1.1824,187
20.622,39.551,1.0004e+05,2.53,0.512,0.229,0.118,0.512,0.931,0.931,10350,0,1.1824,188
20.643,39.536,1.0004e+05,2.53,0.387,0.277,0.172,0.512,0.809,0.931,10402,0,1.1824,189
20.632,39.551,1.0004e+05,2.529,-0.363,0.085,0.065,0.387,0,0.809,10455,0,1.1824,190
20.643,39.536,1.0005e+05,2.53,0.762,0.288,0.204,0.512,1.135,0.931,10507,0,1.1824,191
20.632,39.544,1.0005e+05,2.53,0.262,0.28,0.216,0.387,0.666,0.809,10559,0,1.1825,192
20.632,39.536,1.0004e+05,2.529,-0.488,0.05,0.075,0.387,0,0.809,10611,0,1.1825,193
20.622,39.528,1.0004e+05,2.531,2.012,0.639,0.463,0.512,1.845,0.931,10664,0,1.1825,194
20.643,39.544,1.0004e+05,2.529,-0.113,0.413,0.348,0.387,0,0.809,10717,0,1.1824,195
20.643,39.544,1.0004e+05,2.53,0.887,0.555,0.455,0.512,1.225,0.931,10769,0,1.1824,196
20.632,39.551,1.0004e+05,2.531,2.012,0.992,0.767,0.512,1.845,0.931,10821,0,1.1825,197
20.622,39.551,1.0004e+05,2.53,0.512,0.848,0.716,0.512,0.931,0.931,10873,0,1.1824,198
20.654,39.528,1.0004e+05,2.53,1.137,0.935,0.8,0.512,1.387,0.931,10926,0,1.1823,199
20.622,39.536,1.0004e+05,2.529,-0.613,0.471,0.518,0.512,0,0.931,10978,0,1.1825,200
20.622,39.544,1.0004e+05,2.53,0.387,0.446,0.491,0.512,0.809,0.931,11030,0,1.1825,201
20.632,39.536,1.0004e+05,2.531,1.512,0.766,0.696,0.762,1.599,1.135,11082,0,1.1824,202
20.643,39.536,1.0004e+05,2.528,-1.488,0.09,0.259,0.512,0,0.931,11134,0,1.1823,203
20.643,39.551,1.0004e+05,2.53,0.762,0.291,0.36,0.762,1.135,1.135,11187,0,1.1823,204
20.643,39.528,1.0004e+05,2.53,0.262,0.283,0.34,0.762,0.666,1.135,11240,0,1.1824,205
20.643,39.536,1.0004e+05,2.528,-1.488,-0.248,-0.025,0.762,0,1.135,11292,0,1.1824,206
20.622,39.536,1.0004e+05,2.529,-0.113,-0.208,-0.043,0.762,0,1.135,11344,0,1.1825,207
20.622,39.528,1.0004e+05,2.529,-0.738,-0.367,-0.182,0.762,0,1.135,11397,0,1.1825,208
20.643,39.528,1.0004e+05,2.53,0.512,-0.103,-0.043,0.762,0.931,1.136,11449,0,1.1823,209
20.643,39.544,1.0003e+05,2.531,2.137,0.569,0.393,0.762,1.901,1.136,11501,0,1.1823,210
20.622,39.544,1.0004e+05,2.528,-1.738,-0.123,-0.033,0.762,0,1.135,11553,0,1.1824,211
20.654,39.536,1.0004e+05,2.53,0.262,-0.007,0.026,0.762,0.666,1.136,11606,0,1.1823,212
20.632,39.544,1.0004e+05,2.53,0.137,0.036,0.048,0.762,0.482,1.135,11658,0,1.1824,213
20.632,39.536,1.0005e+05,2.529,-0.363,-0.084,-0.034,0.762,0,1.135,11710,0,1.1825,214
20.611,39.528,1.0005e+05,2.53,0.137,-0.017,0,0.762,0.482,1.135,11762,0,1.1826,215
20.632,39.536,1.0005e+05,2.529,-0.613,-0.196,-0.122,0.512,0,0.931,11815,0,1.1825,216
20.632,39.544,1.0004e+05,2.529,-0.613,-0.321,-0.22,0.512,0,0.931,11868,0,1.1824,217
20.643,39.528,1.0004e+05,2.53,1.012,0.079,0.026,0.512,1.308,0.931,11920,0,1.1824,218
20.632,39.536,1.0004e+05,2.529,0.012,0.059,0.023,0.512,0.143,0.931,11972,0,1.1824,219
20.654,39.528,1.0004e+05,2.53,0.762,0.27,0.171,0.512,1.136,0.931,12024,0,1.1823,220
20.643,39.528,1.0005e+05,2.53,0.387,0.305,0.214,0.387,0.809,0.809,12077,0,1.1824,221
20.611,39.551,1.0004e+05,2.53,0.262,0.292,0.224,0.387,0.666,0.809,12129,0,1.1825,222
20.643,39.528,1.0004e+05,2.53,1.137,0.546,0.407,0.512,1.387,0.931,12181,0,1.1824,223
20.632,39.536,1.0004e+05,2.527,-1.863,-0.177,-0.047,0.387,0,0.809,12233,0,1.1824,224
20.643,39.536,1.0004e+05,2.53,0.262,-0.045,0.015,0.387,0.666,0.809,12285,0,1.1823,225
20.654,39.536,1.0004e+05,2.529,-0.113,-0.065,-0.011,0.262,0,0.666,12338,0,1.1823,226
20.622,39.544,1.0004e+05,2.53,1.137,0.295,0.219,0.387,1.387,0.809,12390,0,1.1825,227
20.654,39.528,1.0004e+05,2.529,-0.238,0.135,0.127,0.387,0,0.809,12443,0,1.1823,228
20.632,39.536,1.0004e+05,2.529,-0.363,-0.014,0.029,0.387,0,0.809,12495,0,1.1824,229
20.632,39.544,1.0004e+05,2.529,-0.363,-0.119,-0.049,0.387,0,0.809,12548,0,1.1825,230
20.643,39.536,1.0004e+05,2.53,0.762,0.146,0.113,0.387,1.136,0.809,12600,0,1.1823,231
20.675,39.536,1.0004e+05,2.529,-0.863,-0.157,-0.082,0.262,0,0.666,12652,0,1.1822,232
20.632,39.536,1.0004e+05,2.53,0.387,0.006,0.012,0.387,0.809,0.809,12704,0,1.1824,233
20.643,39.544,1.0004e+05,2.53,1.012,0.308,0.212,0.387,1.308,0.809,12756,0,1.1824,234
20.654,39.528,1.0004e+05,2.527,-2.113,-0.418,-0.253,0.387,0,0.809,12809,0,1.1823,235
20.622,39.528,1.0004e+05,2.53,1.137,0.048,0.025,0.762,1.387,1.135,12861,0,1.1824,236
20.643,39.528,1.0004e+05,2.529,-0.113,0,-0.003,0.762,0,1.135,12913,0,1.1824,237
20.643,39.528,1.0004e+05,2.53,1.012,0.304,0.2,0.762,1.308,1.135,12965,0,1.1824,238
20.632,39.536,1.0004e+05,2.53,0.762,0.441,0.313,0.762,1.135,1.135,13018,0,1.1825,239
20.654,39.528,1.0004e+05,2.53,0.262,0.388,0.303,0.762,0.666,1.136,13070,0,1.1823,240
20.632,39.528,1.0004e+05,2.531,1.512,0.725,0.545,0.762,1.599,1.135,13122,0,1.1824,241
20.622,39.521,1.0004e+05,2.529,-0.738,0.286,0.288,0.762,0,1.135,13175,0,1.1824,242
20.622,39.536,1.0004e+05,2.53,0.637,0.391,0.358,0.762,1.038,1.135,13228,0,1.1824,243
20.632,39.528,1.0004e+05,2.53,0.387,0.39,0.364,0.762,0.809,1.135,13280,0,1.1824,244
20.643,39.528,1.0004e+05,2.528,-1.738,-0.248,-0.057,0.762,0,1.135,13332,0,1.1824,245
20.643,39.521,1.0004e+05,2.53,0.512,-0.02,0.057,0.762,0.931,1.135,13384,0,1.1823,246
20.622,39.536,1.0004e+05,2.529,0.012,-0.01,0.048,0.762,0.143,1.135,13436,0,1.1825,247
20.632,39.513,1.0003e+05,2.527,-1.988,-0.604,-0.359,0.762,0,1.136,13489,0,1.1823,248
20.632,39.536,1.0003e+05,2.53,1.012,-0.119,-0.085,0.762,1.308,1.136,13541,0,1.1823,249
20.643,39.513,1.0004e+05,2.529,-0.488,-0.23,-0.165,0.762,0,1.136,13593,0,1.1823,250
20.654,39.513,1.0004e+05,2.529,0.012,-0.157,-0.13,0.762,0.143,1.135,13645,0,1.1823,251
20.632,39.521,1.0004e+05,2.529,-0.113,-0.144,-0.126,0.637,0,1.038,13698,0,1.1824,252
20.611,39.536,1.0004e+05,2.528,-1.488,-0.547,-0.399,0.637,0,1.038,13750,0,1.1825,253
20.632,39.536,1.0004e+05,2.53,1.012,-0.079,-0.117,0.762,1.308,1.135,13803,0,1.1824,254
20.643,39.536,1.0004e+05,2.529,-0.863,-0.314,-0.266,0.762,0,1.136,13855,0,1.1823,255
20.643,39.536,1.0004e+05,2.529,-0.363,-0.329,-0.285,0.637,0,1.038,13907,0,1.1823,256
20.622,39.506,1.0004e+05,2.531,1.262,0.148,0.024,0.762,1.461,1.135,13960,0,1.1824,257
20.632,39.528,1.0005e+05,2.529,-0.488,-0.042,-0.078,0.637,0,1.038,14012,0,1.1825,258
20.632,39.521,1.0004e+05,2.53,1.137,0.311,0.165,0.762,1.387,1.135,14064,0,1.1824,259
20.622,39.513,1.0004e+05,2.528,-1.363,-0.191,-0.141,0.637,0,1.038,14116,0,1.1825,260
20.654,39.528,1.0004e+05,2.529,-0.738,-0.355,-0.26,0.637,0,1.038,14169,0,1.1823,261
20.643,39.536,1.0004e+05,2.531,1.637,0.243,0.119,1.012,1.664,1.308,14221,0,1.1824,262
20.632,39.521,1.0004e+05,2.528,-1.613,-0.314,-0.227,0.637,0,1.038,14273,0,1.1825,263
20.643,39.513,1.0004e+05,2.53,0.387,-0.104,-0.104,0.637,0.809,1.038,14325,0,1.1824,264
20.632,39.528,1.0004e+05,2.531,1.387,0.344,0.194,1.012,1.532,1.308,14377,0,1.1824,265
20.643,39.528,1.0004e+05,2.53,0.762,0.469,0.308,1.012,1.135,1.308,14431,0,1.1824,266
20.643,39.513,1.0004e+05,2.53,0.512,0.482,0.349,1.012,0.931,1.308,14483,0,1.1824,267
20.643,39.513,1.0004e+05,2.529,0.012,0.341,0.281,1.012,0.143,1.308,14535,0,1.1824,268
20.632,39.528,1.0004e+05,2.53,0.512,0.392,0.327,1.012,0.931,1.308,14587,0,1.1824,269
20.643,39.506,1.0005e+05,2.531,2.012,0.878,0.664,1.012,1.845,1.308,14640,0,1.1824,270
20.632,39.528,1.0004e+05,2.528,-1.738,0.094,0.184,0.762,0,1.135,14692,0,1.1824,271
20.632,39.506,1.0004e+05,2.53,0.637,0.257,0.275,0.762,1.038,1.135,14744,0,1.1825,272
20.654,39.521,1.0004e+05,2.532,2.262,0.858,0.672,1.012,1.956,1.308,14796,0,1.1824,273
20.643,39.528,1.0004e+05,2.528,-1.238,0.229,0.29,1.012,0,1.308,14849,0,1.1824,274
20.622,39.536,1.0005e+05,2.53,0.387,0.277,0.31,1.012,0.809,1.308,14901,0,1.1825,275
20.622,39.513,1.0005e+05,2.529,-0.113,0.16,0.225,0.762,0,1.135,14953,0,1.1825,276
20.643,39.521,1.0005e+05,2.529,-0.363,0.003,0.107,0.762,0,1.135,15006,0,1.1825,277
20.622,39.528,1.0005e+05,2.531,1.512,0.456,0.388,1.137,1.599,1.387,15058,0,1.1825,278
20.632,39.528,1.0004e+05,2.528,-1.113,-0.015,0.088,0.762,0,1.135,15111,0,1.1824,279
20.643,39.513,1.0004e+05,2.531,1.387,0.406,0.348,1.137,1.532,1.387,15163,0,1.1824,280
20.643,39.513,1.0004e+05,2.53,0.262,0.363,0.331,0.762,0.666,1.135,15215,0,1.1824,281
20.622,39.506,1.0004e+05,2.53,0.262,0.333,0.317,0.637,0.666,1.038,15267,0,1.1825,282
20.654,39.513,1.0005e+05,2.529,-0.113,0.199,0.231,0.637,0,1.038,15320,0,1.1824,283
20.622,39.513,1.0004e+05,2.53,0.762,0.368,0.337,0.637,1.135,1.038,15372,0,1.1825,284
20.632,39.513,1.0004e+05,2.53,1.012,0.561,0.472,0.762,1.308,1.135,15424,0,1.1825,285
20.632,39.513,1.0004e+05,2.53,0.512,0.546,0.48,0.762,0.931,1.135,15476,0,1.1825,286
20.632,39.513,1.0004e+05,2.528,-1.613,-0.101,0.062,0.637,0,1.038,15529,0,1.1824,287
20.664,39.513,1.0004e+05,2.53,1.137,0.27,0.277,0.637,1.387,1.038,15582,0,1.1823,288
20.654,39.521,1.0004e+05,2.529,-0.113,0.155,0.199,0.637,0,1.038,15634,0,1.1823,289
20.643,39.513,1.0004e+05,2.528,-1.113,-0.225,-0.063,0.762,0,1.135,15686,0,1.1824,290
20.654,39.528,1.0004e+05,2.531,1.762,0.371,0.302,1.012,1.727,1.308,15738,0,1.1823,291
20.622,39.521,1.0004e+05,2.53,0.262,0.338,0.294,0.762,0.666,1.135,15791,0,1.1824,292
20.622,39.513,1.0004e+05,2.53,0.262,0.316,0.287,0.762,0.666,1.135,15843,0,1.1824,293
20.622,39.521,1.0004e+05,2.53,0.887,0.487,0.407,0.887,1.225,1.225,15895,0,1.1824,294
20.632,39.528,1.0004e+05,2.529,-0.738,0.12,0.178,0.762,0,1.135,15947,0,1.1824,295
20.632,39.513,1.0004e+05,2.53,0.637,0.275,0.27,0.762,1.038,1.135,16000,0,1.1824,296
20.643,39.513,1.0004e+05,2.53,0.387,0.309,0.294,0.762,0.809,1.135,16053,0,1.1824,297
20.654,39.506,1.0004e+05,2.527,-2.363,-0.493,-0.238,0.637,0,1.038,16105,0,1.1823,298
20.654,39.506,1.0004e+05,2.53,0.137,-0.304,-0.163,0.637,0.482,1.038,16157,0,1.1823,299
20.654,39.513,1.0004e+05,2.529,-0.863,-0.472,-0.303,0.512,0,0.931,16209,0,1.1823,300
20.643,39.506,1.0004e+05,2.53,1.012,-0.026,-0.04,0.637,1.308,1.038,16262,0,1.1824,301
20.632,39.513,1.0004e+05,2.53,0.887,0.248,0.146,0.637,1.225,1.038,16314,0,1.1824,302
20.632,39.506,1.0004e+05,2.529,-0.363,0.064,0.044,0.637,0,1.038,16366,0,1.1825,303
20.643,39.513,1.0004e+05,2.53,0.637,0.236,0.163,0.762,1.038,1.135,16418,0,1.1824,304
20.643,39.513,1.0004e+05,2.529,0.012,0.169,0.132,0.637,0.143,1.038,16471,0,1.1824,305
20.632,39.528,1.0004e+05,2.53,1.012,0.422,0.308,0.637,1.308,1.038,16523,0,1.1824,306
20.632,39.506,1.0004e+05,2.531,1.887,0.862,0.624,0.637,1.787,1.038,16576,0,1.1824,307
20.622,39.506,1.0004e+05,2.529,-0.238,0.532,0.452,0.637,0,1.038,16628,0,1.1825,308
20.632,39.506,1.0004e+05,2.53,0.887,0.638,0.539,0.887,1.225,1.225,16680,0,1.1824,309
20.654,39.506,1.0004e+05,2.531,1.262,0.826,0.684,0.887,1.461,1.225,16733,0,1.1823,310
20.632,39.513,1.0004e+05,2.53,0.887,0.844,0.724,0.887,1.225,1.225,16785,0,1.1824,311
20.622,39.528,1.0004e+05,2.531,1.762,1.119,0.932,0.887,1.726,1.225,16837,0,1.1824,312
20.643,39.498,1.0004e+05,2.529,-0.238,0.712,0.698,0.887,0,1.225,16889,0,1.1824,313
20.632,39.506,1.0004e+05,2.53,0.762,0.727,0.711,0.887,1.135,1.225,16942,0,1.1824,314
20.632,39.506,1.0004e+05,2.53,0.637,0.7,0.696,0.887,1.038,1.225,16994,0,1.1824,315
20.632,39.506,1.0004e+05,2.53,0.512,0.644,0.659,0.887,0.931,1.225,17047,0,1.1825,316
20.643,39.521,1.0004e+05,2.53,1.012,0.754,0.73,0.887,1.308,1.225,17099,0,1.1824,317
20.654,39.506,1.0004e+05,2.53,0.887,0.794,0.761,0.887,1.225,1.225,17152,0,1.1823,318
20.632,39.506,1.0004e+05,2.529,-0.238,0.485,0.562,0.887,0,1.225,17204,0,1.1825,319
20.632,39.506,1.0004e+05,2.53,0.887,0.605,0.627,0.887,1.225,1.225,17256,0,1.1825,320
20.622,39.521,1.0004e+05,2.529,0.012,0.427,0.504,0.887,0.143,1.225,17308,0,1.1825,321
20.632,39.513,1.0004e+05,2.53,0.262,0.378,0.455,0.887,0.666,1.225,17360,0,1.1824,322
20.632,39.498,1.0004e+05,2.53,0.387,0.381,0.442,0.887,0.809,1.225,17413,0,1.1825,323
20.643,39.506,1.0005e+05,2.529,-0.613,0.083,0.231,0.887,0,1.225,17466,0,1.1824,324
20.632,39.513,1.0004e+05,2.53,1.012,0.361,0.387,0.887,1.308,1.225,17518,0,1.1824,325
20.643,39.513,1.0004e+05,2.529,-0.113,0.219,0.287,0.887,0,1.225,17570,0,1.1824,326
20.632,39.513,1.0004e+05,2.53,0.262,0.232,0.282,0.887,0.666,1.225,17623,0,1.1824,327
20.611,39.498,1.0004e+05,2.531,1.762,0.691,0.578,0.887,1.726,1.225,17675,0,1.1825,328
20.643,39.498,1.0004e+05,2.529,0.012,0.487,0.465,0.887,0.143,1.225,17727,0,1.1824,329
20.632,39.506,1.0004e+05,2.53,0.637,0.532,0.499,0.887,1.038,1.225,17779,0,1.1824,330
20.643,39.49,1.0004e+05,2.53,0.262,0.451,0.452,0.762,0.666,1.135,17831,0,1.1824,331
20.643,39.506,1.0004e+05,2.529,-0.238,0.245,0.314,0.637,0,1.038,17884,0,1.1824,332
20.654,39.521,1.0004e+05,2.533,3.387,1.187,0.929,0.637,2.394,1.038,17937,0,1.1823,333
20.632,39.513,1.0004e+05,2.53,0.137,0.872,0.77,0.637,0.482,1.038,17989,0,1.1824,334
20.622,39.483,1.0004e+05,2.53,0.887,0.877,0.794,0.637,1.225,1.038,18041,0,1.1825,335
20.654,39.506,1.0004e+05,2.531,1.637,1.105,0.962,0.637,1.664,1.038,18094,0,1.1824,336
20.643,39.498,1.0004e+05,2.53,0.262,0.852,0.822,0.637,0.666,1.038,18146,0,1.1824,337
20.632,39.506,1.0004e+05,2.529,-0.238,0.525,0.61,0.637,0,1.038,18198,0,1.1824,338
20.654,39.513,1.0004e+05,2.53,0.137,0.409,0.516,0.387,0.482,0.809,18250,0,1.1823,339
20.643,39.498,1.0004e+05,2.53,0.262,0.365,0.465,0.262,0.666,0.666,18302,0,1.1823,340
20.632,39.49,1.0004e+05,2.53,1.012,0.559,0.574,0.387,1.308,0.809,18356,0,1.1824,341
20.611,39.49,1.0004e+05,2.529,-0.488,0.245,0.362,0.262,0,0.666,18408,0,1.1825,342
20.643,39.506,1.0004e+05,2.529,-0.363,0.063,0.217,0.262,0,0.666,18460,0,1.1823,343
20.632,39.513,1.0004e+05,2.53,1.137,0.385,0.401,0.637,1.387,1.038,18512,0,1.1824,344
20.622,39.49,1.0004e+05,2.53,1.137,0.611,0.548,0.887,1.387,1.225,18565,0,1.1825,345
20.622,39.49,1.0004e+05,2.529,-0.613,0.244,0.316,0.637,0,1.038,18617,0,1.1825,346
20.664,39.49,1.0004e+05,2.53,0.137,0.212,0.28,0.637,0.482,1.038,18669,0,1.1823,347
20.654,39.498,1.0004e+05,2.53,0.512,0.302,0.327,0.512,0.931,0.931,18721,0,1.1823,348
20.664,39.498,1.0004e+05,2.53,0.637,0.402,0.389,0.637,1.038,1.038,18774,0,1.1823,349
20.622,39.49,1.0004e+05,2.527,-2.238,-0.39,-0.137,0.512,0,0.931,18826,0,1.1825,350
20.643,39.49,1.0004e+05,2.529,-0.363,-0.382,-0.182,0.637,0,1.038,18878,0,1.1824,351
20.643,39.521,1.0004e+05,2.53,0.387,-0.151,-0.068,0.512,0.809,0.931,18931,0,1.1824,352
20.632,39.483,1.0004e+05,2.529,-0.738,-0.327,-0.202,0.512,0,0.931,18983,0,1.1824,353
20.632,39.513,1.0004e+05,2.53,0.637,-0.038,-0.034,0.637,1.038,1.038,19036,0,1.1824,354
20.643,39.49,1.0004e+05,2.53,0.512,0.127,0.075,0.512,0.931,0.931,19088,0,1.1824,355
20.632,39.498,1.0004e+05,2.53,0.262,0.168,0.113,0.512,0.666,0.931,19140,0,1.1825,356
20.643,39.506,1.0004e+05,2.531,1.512,0.571,0.392,0.512,1.599,0.931,19192,0,1.1824,357
20.643,39.498,1.0004e+05,2.528,-1.238,0.028,0.066,0.512,0,0.931,19245,0,1.1824,358
20.643,39.498,1.0004e+05,2.531,1.512,0.474,0.356,0.637,1.599,1.038,19297,0,1.1824,359
20.632,39.498,1.0004e+05,2.528,-1.238,-0.04,0.037,0.512,0,0.931,19349,0,1.1824,360
20.622,39.513,1.0004e+05,2.53,0.262,0.051,0.082,0.637,0.666,1.038,19401,0,1.1825,361
20.622,39.506,1.0004e+05,2.53,0.262,0.114,0.118,0.637,0.666,1.038,19454,0,1.1824,362
20.632,39.498,1.0004e+05,2.529,-0.738,-0.141,-0.053,0.512,0,0.931,19507,0,1.1824,363
20.654,39.513,1.0004e+05,2.53,0.137,-0.058,-0.015,0.512,0.482,0.931,19559,0,1.1823,364
20.632,39.498,1.0004e+05,2.53,0.387,0.076,0.065,0.512,0.809,0.931,19611,0,1.1824,365
20.654,39.506,1.0004e+05,2.529,-0.488,-0.093,-0.045,0.387,0,0.809,19663,0,1.1823,366
20.632,39.49,1.0004e+05,2.53,1.012,0.238,0.166,0.512,1.308,0.931,19716,0,1.1824,367
20.643,39.498,1.0004e+05,2.53,0.387,0.283,0.21,0.387,0.809,0.809,19768,0,1.1824,368
20.632,39.498,1.0004e+05,2.528,-1.238,-0.173,-0.079,0.387,0,0.809,19820,0,1.1824,369
20.632,39.483,1.0004e+05,2.53,0.387,-0.005,0.014,0.387,0.809,0.809,19872,0,1.1824,370
20.654,39.483,1.0004e+05,2.529,-0.488,-0.15,-0.086,0.387,0,0.809,19924,0,1.1824,371
20.632,39.513,1.0004e+05,2.53,0.637,0.086,0.058,0.387,1.038,0.809,19977,0,1.1824,372
20.632,39.49,1.0004e+05,2.531,1.262,0.439,0.299,0.387,1.461,0.809,20029,0,1.1825,373
20.632,39.506,1.0004e+05,2.529,-0.863,0.048,0.067,0.387,0,0.809,20082,100,1.1824,374
20.632,39.506,1.0004e+05,2.53,1.137,0.375,0.281,0.512,1.387,0.931,20134,100,1.1824,375
20.622,39.483,1.0004e+05,2.528,-1.613,-0.221,-0.098,0.387,0,0.809,20187,100,1.1825,376
20.654,39.513,1.0004e+05,2.528,-1.238,-0.526,-0.326,0.387,0,0.809,20239,100,1.1823,377
20.632,39.498,1.0004e+05,2.529,0.012,-0.365,-0.258,0.387,0.143,0.809,20291,100,1.1824,378
20.632,39.49,1.0004e+05,2.528,-0.988,-0.552,-0.404,0.387,0,0.809,20343,100,1.1824,379
20.643,39.498,1.0004e+05,2.53,0.762,-0.157,-0.171,0.387,1.135,0.809,20397,100,1.1824,380
20.632,39.49,1.0004e+05,2.529,-0.488,-0.257,-0.234,0.387,0,0.809,20449,100,1.1824,381
20.632,39.49,1.0004e+05,2.526,-2.988,-1.076,-0.785,0.387,0,0.809,20501,100,1.1824,382
20.643,39.506,1.0005e+05,2.527,-2.113,-1.387,-1.051,0.387,0,0.809,20553,100,1.1825,383
20.643,39.498,1.0005e+05,2.527,-2.488,-1.717,-1.338,0.387,0,0.809,20605,100,1.1825,384
20.622,39.513,1.0004e+05,2.527,-2.113,-1.836,-1.493,0.387,0,0.809,20658,100,1.1824,385
20.654,39.49,1.0005e+05,2.527,-1.863,-1.844,-1.567,0.637,0,1.038,20710,100,1.1824,386
20.622,39.49,1.0004e+05,2.525,-4.113,-2.525,-2.076,0.637,0,1.038,20763,100,1.1825,387
20.643,39.49,1.0004e+05,2.528,-1.613,-2.251,-1.983,0.637,0,1.038,20815,100,1.1824,388
20.622,39.49,1.0004e+05,2.528,-1.738,-2.097,-1.934,0.637,0,1.038,20868,100,1.1825,389
20.632,39.483,1.0004e+05,2.527,-2.738,-2.289,-2.095,0.637,0,1.038,20920,100,1.1824,390
20.632,39.483,1.0004e+05,2.53,0.512,-1.449,-1.574,0.637,0.931,1.038,20972,100,1.1824,391
20.643,39.483,1.0004e+05,2.527,-2.113,-1.648,-1.681,0.637,0,1.038,21024,100,1.1824,392
20.643,39.49,1.0004e+05,2.528,-1.738,-1.675,-1.693,0.637,0,1.038,21076,100,1.1824,393
20.632,39.483,1.0005e+05,2.529,-0.613,-1.356,-1.477,0.762,0,1.135,21130,100,1.1825,394
20.622,39.49,1.0004e+05,2.528,-0.988,-1.246,-1.379,0.512,0,0.931,21182,100,1.1824,395
20.654,39.49,1.0004e+05,2.531,1.887,-0.306,-0.726,0.762,1.787,1.136,21234,100,1.1823,396
20.622,39.49,1.0004e+05,2.532,3.012,0.69,0.022,0.762,2.257,1.135,21286,100,1.1824,397
20.643,39.483,1.0004e+05,2.53,0.262,0.561,0.07,0.762,0.666,1.135,21339,100,1.1824,398
20.632,39.49,1.0004e+05,2.537,7.637,2.684,1.583,0.762,3.594,1.135,21391,100,1.1824,399
20.632,39.483,1.0004e+05,2.538,8.512,4.433,2.969,1.887,3.794,1.787,21444,100,1.1824,400
20.632,39.49,1.0005e+05,2.538,8.887,5.769,4.153,3.012,3.877,2.257,21496,100,1.1825,401
20.622,39.483,1.0004e+05,2.545,15.637,8.729,6.45,7.637,5.143,3.594,21549,100,1.1824,402
20.622,39.483,1.0003e+05,2.544,14.762,10.539,8.112,7.637,4.997,3.594,21601,100,1.1824,403
20.632,39.483,1.0003e+05,2.546,17.137,12.519,9.917,8.512,5.384,3.795,21654,100,1.1823,404
20.643,39.49,1.0004e+05,2.547,18.137,14.204,11.561,8.512,5.539,3.795,21706,100,1.1824,405
20.643,39.483,1.0004e+05,2.548,18.387,15.459,12.926,8.887,5.577,3.877,21758,100,1.1824,406
20.622,39.475,1.0004e+05,2.553,23.262,17.8,14.994,8.887,6.273,3.877,21812,100,1.1825,407
20.632,39.498,1.0004e+05,2.551,21.512,18.914,16.297,14.762,6.032,4.997,21864,100,1.1824,408
20.622,39.475,1.0004e+05,2.552,23.012,20.143,17.64,14.762,6.239,4.997,21917,100,1.1824,409
20.632,39.498,1.0005e+05,2.559,29.762,23.029,20.065,15.637,7.095,5.143,21969,100,1.1825,410
20.643,39.49,1.0004e+05,2.553,24.012,23.324,20.854,15.637,6.373,5.143,22023,100,1.1824,411
20.643,39.483,1.0004e+05,2.553,23.262,23.305,21.336,17.137,6.273,5.384,22075,100,1.1824,412
20.643,39.483,1.0004e+05,2.559,30.137,25.355,23.096,18.137,7.14,5.539,22127,100,1.1824,413
20.664,39.483,1.0004e+05,2.555,26.137,25.59,23.704,18.137,6.649,5.539,22180,100,1.1823,414
20.622,39.475,1.0004e+05,2.557,27.137,26.054,24.391,18.387,6.775,5.577,22233,100,1.1825,415
20.643,39.475,1.0004e+05,2.558,28.137,26.679,25.14,18.387,6.899,5.577,22286,100,1.1824,416
20.622,39.498,1.0004e+05,2.559,29.262,27.454,25.965,21.512,7.035,6.032,22338,100,1.1825,417
20.643,39.49,1.0004e+05,2.556,27.012,27.321,26.174,23.012,6.76,6.239,22391,100,1.1823,418
20.632,39.475,1.0004e+05,2.559,29.387,27.941,26.817,23.262,7.05,6.273,22444,100,1.1824,419
20.643,39.475,1.0004e+05,2.555,25.887,27.325,26.631,23.262,6.617,6.273,22497,100,1.1824,420
20.643,39.467,1.0004e+05,2.556,27.012,27.231,26.707,24.012,6.76,6.373,22549,100,1.1824,421
20.632,39.49,1.0004e+05,2.554,24.887,26.528,26.343,24.887,6.488,6.488,22602,100,1.1824,422
20.643,39.467,1.0004e+05,2.557,27.387,26.786,26.552,25.887,6.806,6.617,22654,100,1.1823,423
20.632,39.498,1.0004e+05,2.557,27.137,26.891,26.669,26.137,6.775,6.649,22708,100,1.1824,424
20.643,39.483,1.0004e+05,2.557,27.762,27.152,26.888,27.012,6.853,6.76,22760,100,1.1824,425
20.643,39.467,1.0004e+05,2.557,27.887,27.373,27.088,27.012,6.868,6.759,22813,100,1.1824,426
20.632,39.475,1.0004e+05,2.557,27.137,27.302,27.097,27.137,6.775,6.775,22865,100,1.1824,427
20.622,39.49,1.0004e+05,2.554,24.887,26.578,26.655,27.137,6.488,6.775,22919,100,1.1825,428
20.643,39.475,1.0004e+05,2.558,28.637,27.196,27.052,27.137,6.96,6.775,22971,100,1.1824,429
20.643,39.467,1.0004e+05,2.558,29.012,27.741,27.444,27.137,7.005,6.775,23024,100,1.1824,430
20.622,39.49,1.0004e+05,2.557,27.262,27.597,27.408,27.262,6.791,6.791,23076,100,1.1824,431
20.632,39.49,1.0004e+05,2.557,27.262,27.497,27.378,27.262,6.791,6.791,23130,100,1.1825,432
20.643,39.46,1.0004e+05,2.56,30.637,28.439,28.03,27.262,7.199,6.791,23182,100,1.1824,433
20.643,39.475,1.0004e+05,2.558,28.262,28.386,28.077,27.387,6.914,6.806,23235,100,1.1824,434
20.643,39.49,1.0004e+05,2.558,29.012,28.574,28.264,27.387,7.005,6.806,23287,100,1.1824,435
20.632,39.498,1.0004e+05,2.559,29.512,28.855,28.513,27.762,7.065,6.853,23341,100,1.1824,436
20.622,39.46,1.0004e+05,2.559,29.387,29.015,28.688,27.887,7.05,6.868,23393,100,1.1825,437
20.622,39.483,1.0004e+05,2.564,34.887,30.777,29.928,27.887,7.682,6.868,23446,100,1.1825,438
20.654,39.483,1.0004e+05,2.556,26.762,29.572,29.295,27.762,6.728,6.853,23498,100,1.1824,439
20.654,39.483,1.0004e+05,2.56,30.387,29.817,29.513,27.887,7.169,6.868,23552,100,1.1823,440
20.643,39.467,1.0004e+05,2.563,33.137,30.813,30.238,27.887,7.487,6.868,23604,100,1.1824,441
20.622,39.483,1.0004e+05,2.555,25.512,29.223,29.293,27.887,6.569,6.868,23657,100,1.1824,442
20.643,39.475,1.0004e+05,2.555,25.637,28.147,28.562,27.887,6.585,6.868,23709,100,1.1824,443
20.654,39.483,1.0004e+05,2.557,27.637,27.994,28.377,27.887,6.837,6.868,23762,100,1.1823,444
20.643,39.498,1.0004e+05,2.555,25.637,27.287,27.829,27.887,6.585,6.868,23815,100,1.1823,445
20.632,39.483,1.0004e+05,2.56,30.262,28.18,28.316,28.262,7.155,6.914,23868,100,1.1824,446
20.632,39.483,1.0004e+05,2.557,27.262,27.904,28.105,28.262,6.791,6.914,23920,100,1.1824,447
20.654,39.49,1.0004e+05,2.559,29.887,28.499,28.461,28.637,7.11,6.96,23973,100,1.1824,448
20.643,39.483,1.0004e+05,2.558,28.137,28.391,28.397,28.637,6.899,6.96,24026,100,1.1824,449
20.643,39.483,1.0004e+05,2.556,26.512,27.827,28.02,28.637,6.697,6.96,24078,100,1.1824,450
20.643,39.467,1.0004e+05,2.559,29.387,28.295,28.293,29.012,7.05,7.005,24131,100,1.1824,451
20.654,39.467,1.0004e+05,2.559,29.762,28.735,28.587,29.012,7.096,7.006,24183,100,1.1823,452
20.643,39.46,1.0004e+05,2.552,22.262,26.793,27.322,29.012,6.136,7.005,24237,100,1.1824,453
20.643,39.483,1.0004e+05,2.556,26.512,26.709,27.16,29.012,6.697,7.005,24289,100,1.1824,454
20.643,39.483,1.0004e+05,2.554,24.762,26.125,26.68,28.262,6.472,6.914,24342,100,1.1824,455
20.643,39.483,1.0004e+05,2.558,28.137,26.729,26.972,28.137,6.899,6.899,24394,100,1.1823,456
20.643,39.467,1.0004e+05,2.555,26.012,26.514,26.78,28.137,6.633,6.899,24448,100,1.1824,457
20.643,39.49,1.0004e+05,2.556,26.387,26.476,26.701,27.637,6.681,6.837,24500,100,1.1824,458
20.632,39.483,1.0004e+05,2.56,30.637,27.724,27.489,27.637,7.199,6.837,24553,100,1.1824,459
20.632,39.475,1.0004e+05,2.555,25.762,27.136,27.143,27.262,6.601,6.791,24605,100,1.1824,460
20.643,39.475,1.0004e+05,2.555,26.137,26.836,26.942,27.262,6.649,6.791,24658,100,1.1824,461
20.643,39.467,1.0004e+05,2.559,29.512,27.639,27.456,27.262,7.065,6.791,24711,100,1.1824,462
20.632,39.498,1.0004e+05,2.557,27.762,27.676,27.517,27.262,6.853,6.791,24764,100,1.1824,463
20.643,39.475,1.0004e+05,2.555,25.387,26.989,27.091,27.262,6.553,6.791,24816,100,1.1824,464
20.632,39.498,1.0004e+05,2.555,25.762,26.621,26.826,27.262,6.601,6.791,24869,100,1.1824,465
20.643,39.46,1.0004e+05,2.558,28.762,27.263,27.213,27.262,6.975,6.791,24922,100,1.1824,466
20.643,39.483,1.0004e+05,2.557,28.012,27.488,27.373,27.762,6.883,6.853,24975,100,1.1824,467
20.632,39.46,1.0004e+05,2.558,29.012,27.945,27.701,27.762,7.005,6.853,25027,100,1.1824,468
20.632,39.49,1.0004e+05,2.558,29.137,28.303,27.988,28.012,7.02,6.883,25080,100,1.1824,469
20.654,39.467,1.0004e+05,2.554,24.512,27.166,27.293,27.762,6.439,6.853,25133,100,1.1823,470
20.643,39.483,1.0004e+05,2.554,25.012,26.52,26.837,26.512,6.504,6.697,25186,100,1.1824,471
20.622,39.467,1.0004e+05,2.556,26.887,26.63,26.847,26.887,6.744,6.744,25238,100,1.1825,472
20.632,39.483,1.0004e+05,2.554,24.137,25.882,26.305,26.512,6.39,6.697,25291,100,1.1824,473
20.654,39.467,1.0004e+05,2.555,25.387,25.734,26.121,26.387,6.553,6.681,25344,100,1.1823,474
20.622,39.467,1.0004e+05,2.554,24.512,25.367,25.8,26.387,6.439,6.681,25397,100,1.1825,475
20.654,39.46,1.0004e+05,2.559,29.512,26.611,26.542,26.387,7.066,6.681,25449,100,1.1823,476
20.622,39.467,1.0005e+05,2.557,27.137,26.769,26.661,26.887,6.775,6.743,25502,100,1.1825,477
20.654,39.49,1.0004e+05,2.557,27.637,27.029,26.856,26.887,6.837,6.744,25554,100,1.1823,478
20.654,39.49,1.0004e+05,2.554,25.012,26.424,26.488,26.887,6.505,6.744,25608,100,1.1823,479
20.643,39.467,1.0004e+05,2.555,25.387,26.113,26.267,26.887,6.553,6.744,25660,100,1.1823,480
20.664,39.483,1.0004e+05,2.555,26.137,26.12,26.241,26.137,6.65,6.65,25713,100,1.1822,481
20.632,39.467,1.0004e+05,2.555,25.762,26.013,26.146,26.137,6.601,6.649,25765,100,1.1824,482
20.622,39.46,1.0004e+05,2.557,27.637,26.5,26.444,26.887,6.837,6.744,25819,100,1.1824,483
20.622,39.483,1.0004e+05,2.557,28.012,26.954,26.758,26.887,6.883,6.744,25871,100,1.1824,484
20.622,39.46,1.0004e+05,2.562,32.512,28.621,27.909,26.887,7.416,6.744,25924,100,1.1824,485
20.643,39.467,1.0004e+05,2.556,26.887,28.101,27.704,26.887,6.744,6.744,25976,100,1.1824,486
20.643,39.483,1.0004e+05,2.558,28.512,28.224,27.866,27.137,6.945,6.775,26030,100,1.1824,487
20.643,39.46,1.0004e+05,2.558,28.637,28.348,28.02,27.137,6.96,6.775,26082,100,1.1823,488
20.632,39.467,1.0004e+05,2.558,28.637,28.435,28.144,27.137,6.96,6.775,26135,100,1.1825,489
20.654,39.483,1.0004e+05,2.558,28.262,28.383,28.167,27.137,6.914,6.775,26187,100,1.1823,490
20.664,39.46,1.0004e+05,2.559,29.387,28.684,28.411,27.137,7.051,6.775,26241,100,1.1823,491
20.654,39.483,1.0004e+05,2.558,29.012,28.783,28.531,27.637,7.005,6.837,26293,100,1.1823,492
20.632,39.467,1.0004e+05,2.557,28.012,28.552,28.428,27.637,6.883,6.837,26345,100,1.1824,493
20.632,39.475,1.0004e+05,2.555,26.137,27.827,27.97,27.637,6.649,6.837,26398,100,1.1825,494
20.622,39.467,1.0004e+05,2.556,26.637,27.47,27.703,27.637,6.712,6.837,26450,100,1.1825,495
20.632,39.467,1.0004e+05,2.559,29.762,28.158,28.115,28.012,7.095,6.883,26504,100,1.1824,496
20.632,39.46,1.0004e+05,2.557,27.262,27.889,27.944,28.012,6.791,6.883,26556,100,1.1825,497
20.654,39.483,1.0004e+05,2.554,24.887,26.989,27.333,27.637,6.488,6.837,26609,100,1.1823,498
20.632,39.467,1.0004e+05,2.557,27.762,27.221,27.419,27.762,6.853,6.853,26661,100,1.1824,499
20.632,39.46,1.0004e+05,2.556,26.637,27.046,27.263,27.762,6.712,6.853,26715,100,1.1824,500
20.632,39.46,1.0005e+05,2.556,26.887,26.998,27.187,27.762,6.744,6.852,26767,100,1.1825,501
20.654,39.452,1.0004e+05,2.558,28.387,27.415,27.427,28.012,6.929,6.884,26820,100,1.1824,502
20.622,39.467,1.0005e+05,2.558,29.137,27.932,27.769,28.012,7.02,6.883,26872,100,1.1825,503
20.643,39.467,1.0005e+05,2.559,30.137,28.593,28.243,28.262,7.14,6.914,26926,100,1.1824,504
20.622,39.452,1.0004e+05,2.556,26.762,28.044,27.947,28.262,6.728,6.914,26978,100,1.1825,505
20.632,39.467,1.0004e+05,2.56,30.887,28.897,28.535,28.387,7.228,6.929,27031,100,1.1824,506
20.643,39.46,1.0005e+05,2.561,31.887,29.794,29.205,28.387,7.344,6.929,27083,100,1.1824,507
20.654,39.467,1.0005e+05,2.558,28.387,29.372,29.042,28.387,6.929,6.929,27137,100,1.1824,508
20.632,39.475,1.0004e+05,2.558,28.137,29.002,28.861,28.387,6.899,6.929,27189,100,1.1824,509
20.632,39.46,1.0005e+05,2.558,29.137,29.042,28.916,28.387,7.02,6.929,27242,100,1.1825,510
20.643,39.467,1.0004e+05,2.559,30.012,29.333,29.135,28.387,7.125,6.93,27294,100,1.1824,511
20.643,39.475,1.0004e+05,2.555,26.137,28.374,28.536,28.387,6.649,6.93,27347,100,1.1824,512
20.622,39.467,1.0005e+05,2.554,25.137,27.403,27.856,28.137,6.52,6.898,27400,100,1.1826,513
20.643,39.46,1.0005e+05,2.558,28.637,27.773,28.012,28.137,6.96,6.899,27453,100,1.1824,514
20.643,39.475,1.0004e+05,2.557,27.637,27.733,27.937,28.137,6.837,6.899,27505,100,1.1824,515
20.643,39.46,1.0004e+05,2.554,24.387,26.729,27.227,28.137,6.423,6.899,27558,100,1.1824,516
20.654,39.46,1.0004e+05,2.559,29.387,27.526,27.659,28.387,7.05,6.929,27611,100,1.1824,517
20.643,39.46,1.0004e+05,2.56,30.887,28.535,28.305,28.387,7.228,6.929,27664,100,1.1824,518
20.622,39.46,1.0004e+05,2.555,25.762,27.703,27.796,28.387,6.601,6.929,27716,100,1.1825,519
20.632,39.46,1.0004e+05,2.56,30.637,28.583,28.364,28.387,7.199,6.929,27769,100,1.1824,520
20.654,39.475,1.0004e+05,2.556,26.887,28.074,28.069,28.387,6.744,6.93,27822,100,1.1823,521
20.632,39.483,1.0004e+05,2.557,27.387,27.868,27.933,28.387,6.806,6.929,27874,100,1.1825,522
20.632,39.452,1.0005e+05,2.558,28.887,28.174,28.124,28.637,6.99,6.96,27927,100,1.1825,523
20.643,39.452,1.0004e+05,2.556,26.512,27.675,27.801,28.637,6.697,6.96,27979,100,1.1824,524
20.643,39.467,1.0004e+05,2.552,22.887,26.239,26.818,28.387,6.222,6.929,28033,100,1.1824,525
20.643,39.475,1.0005e+05,2.558,28.762,26.996,27.207,28.387,6.975,6.929,28085,100,1.1824,526
20.643,39.467,1.0004e+05,2.555,26.137,26.738,26.993,28.387,6.649,6.929,28138,100,1.1824,527
20.632,39.475,1.0004e+05,2.56,31.012,28.02,27.797,28.387,7.243,6.929,28190,100,1.1824,528
20.632,39.46,1.0004e+05,2.556,26.387,27.53,27.515,28.137,6.681,6.899,28243,100,1.1825,529
20.654,39.467,1.0004e+05,2.554,24.887,26.738,26.99,27.637,6.488,6.837,28296,100,1.1824,530
20.664,39.452,1.0004e+05,2.56,30.762,27.945,27.744,27.637,7.214,6.837,28349,100,1.1823,531
20.654,39.444,1.0004e+05,2.555,25.262,27.14,27.248,27.387,6.537,6.806,28401,100,1.1824,532
20.622,39.467,1.0004e+05,2.559,29.512,27.852,27.701,27.387,7.065,6.806,28454,100,1.1825,533
20.654,39.46,1.0005e+05,2.558,28.387,28.012,27.838,27.637,6.929,6.837,28507,100,1.1824,534
20.622,39.467,1.0005e+05,2.562,32.637,29.4,28.798,28.387,7.43,6.929,28560,100,1.1825,535
20.622,39.46,1.0004e+05,2.557,28.012,28.984,28.641,28.012,6.883,6.883,28612,100,1.1825,536
20.643,39.452,1.0004e+05,2.556,26.762,28.317,28.265,28.012,6.728,6.883,28665,100,1.1824,537
20.654,39.444,1.0005e+05,2.558,28.887,28.488,28.389,28.387,6.99,6.929,28718,100,1.1824,538
20.654,39.452,1.0004e+05,2.557,27.887,28.308,28.289,28.012,6.868,6.884,28771,100,1.1823,539
20.622,39.46,1.0004e+05,2.56,31.012,29.119,28.834,28.012,7.242,6.883,28823,100,1.1825,540
20.632,39.452,1.0004e+05,2.56,30.762,29.612,29.219,28.387,7.213,6.929,28876,100,1.1824,541
20.632,39.46,1.0004e+05,2.56,30.387,29.845,29.453,28.387,7.169,6.929,28929,100,1.1824,542
20.632,39.475,1.0005e+05,2.559,29.387,29.707,29.44,28.762,7.05,6.975,28982,100,1.1825,543
20.654,39.46,1.0004e+05,2.564,34.637,31.186,30.479,28.887,7.654,6.99,29034,100,1.1824,544
20.643,39.452,1.0004e+05,2.553,23.387,28.847,29.061,28.762,6.29,6.975,29087,100,1.1824,545
20.643,39.444,1.0004e+05,2.559,29.637,29.084,29.176,28.887,7.08,6.99,29139,100,1.1824,546
20.643,39.452,1.0004e+05,2.56,30.512,29.512,29.443,29.387,7.184,7.05,29193,100,1.1824,547
20.632,39.452,1.0005e+05,2.559,29.512,29.512,29.457,29.512,7.065,7.065,29245,100,1.1825,548
20.622,39.46,1.0004e+05,2.558,29.137,29.4,29.393,29.512,7.02,7.065,29298,100,1.1825,549
20.675,39.46,1.0004e+05,2.559,30.137,29.621,29.542,29.512,7.14,7.066,29350,100,1.1822,550
20.643,39.46,1.0005e+05,2.561,31.637,30.226,29.961,29.512,7.315,7.065,29404,100,1.1824,551
20.643,39.46,1.0005e+05,2.56,31.012,30.462,30.171,29.637,7.243,7.08,29456,100,1.1824,552
20.664,39.467,1.0004e+05,2.556,26.637,29.314,29.464,29.512,6.713,7.066,29509,100,1.1822,553
20.654,39.46,1.0004e+05,2.557,27.512,28.774,29.074,29.512,6.822,7.066,29561,100,1.1823,554
20.622,39.46,1.0004e+05,2.559,29.637,29.033,29.187,29.637,7.08,7.08,29614,100,1.1825,555
20.632,39.46,1.0004e+05,2.559,29.637,29.214,29.277,29.637,7.08,7.08,29667,100,1.1824,556
20.643,39.452,1.0005e+05,2.557,27.387,28.666,28.899,29.637,6.806,7.08,29719,100,1.1824,557
20.632,39.46,1.0005e+05,2.557,27.262,28.245,28.571,29.637,6.79,7.08,29772,100,1.1825,558
20.632,39.467,1.0004e+05,2.557,27.262,27.95,28.31,29.637,6.791,7.08,29825,100,1.1824,559
20.632,39.46,1.0005e+05,2.562,32.637,29.356,29.175,29.637,7.43,7.08,29878,100,1.1825,560
20.632,39.467,1.0004e+05,2.553,23.887,27.715,28.118,29.637,6.356,7.08,29930,100,1.1824,561
20.643,39.46,1.0004e+05,2.559,29.637,28.292,28.421,29.637,7.08,7.08,29983,100,1.1823,562
20.632,39.46,1.0004e+05,2.557,27.387,28.021,28.215,29.637,6.806,7.08,30035,100,1.1824,563
20.643,39.46,1.0004e+05,2.56,30.762,28.843,28.724,29.637,7.213,7.08,30089,100,1.1824,564
20.654,39.452,1.0004e+05,2.561,31.637,29.681,29.307,29.637,7.315,7.08,30141,100,1.1824,565
20.654,39.46,1.0004e+05,2.555,25.887,28.543,28.623,29.637,6.617,7.08,30194,100,1.1824,566
20.632,39.444,1.0004e+05,2.554,24.637,27.371,27.826,29.637,6.455,7.08,30246,100,1.1825,567
20.654,39.46,1.0004e+05,2.56,30.262,28.239,28.313,29.637,7.155,7.08,30300,100,1.1824,568
20.643,39.46,1.0004e+05,2.552,22.637,26.558,27.178,29.512,6.188,7.065,30352,100,1.1824,569
20.654,39.46,1.0004e+05,2.558,29.012,27.294,27.545,29.137,7.005,7.02,30405,100,1.1823,570
20.654,39.452,1.0004e+05,2.555,25.512,26.76,27.138,29.012,6.569,7.005,30457,100,1.1823,571
20.632,39.467,1.0005e+05,2.558,28.387,27.248,27.388,28.387,6.929,6.929,30510,100,1.1825,572
20.632,39.46,1.0004e+05,2.556,27.012,27.177,27.313,27.512,6.759,6.822,30563,100,1.1824,573
20.622,39.46,1.0004e+05,2.556,27.012,27.128,27.253,27.387,6.759,6.806,30615,100,1.1825,574
20.643,39.46,1.0004e+05,2.557,28.012,27.393,27.405,27.512,6.883,6.822,30668,100,1.1824,575
20.643,39.452,1.0004e+05,2.557,27.637,27.466,27.451,27.637,6.837,6.837,30721,100,1.1824,576
20.632,39.467,1.0005e+05,2.561,31.637,28.718,28.288,27.637,7.315,6.837,30774,100,1.1825,577
20.643,39.467,1.0004e+05,2.557,27.512,28.356,28.133,27.512,6.822,6.822,30826,100,1.1824,578
20.632,39.46,1.0004e+05,2.562,32.512,29.603,29.009,27.637,7.416,6.837,30879,100,1.1824,579
20.632,39.467,1.0004e+05,2.56,30.262,29.801,29.26,28.012,7.155,6.883,30931,100,1.1824,580
20.632,39.452,1.0005e+05,2.556,26.637,28.852,28.735,28.012,6.712,6.883,30985,100,1.1825,581
20.622,39.46,1.0004e+05,2.559,29.887,29.162,28.966,28.012,7.11,6.883,31037,100,1.1824,582
20.632,39.452,1.0004e+05,2.556,26.637,28.405,28.5,28.012,6.712,6.883,31090,100,1.1824,583
20.643,39.475,1.0005e+05,2.56,30.887,29.15,28.977,28.012,7.228,6.883,31142,100,1.1825,584
20.632,39.46,1.0004e+05,2.56,30.762,29.633,29.334,28.387,7.213,6.929,31196,100,1.1824,585
20.654,39.444,1.0004e+05,2.555,26.137,28.584,28.695,28.012,6.649,6.884,31248,100,1.1823,586
20.622,39.467,1.0004e+05,2.558,28.762,28.638,28.708,28.012,6.975,6.883,31301,100,1.1824,587
20.654,39.452,1.0004e+05,2.553,24.012,27.25,27.769,28.012,6.373,6.884,31353,100,1.1823,588
20.643,39.444,1.0004e+05,2.557,27.887,27.441,27.793,28.012,6.868,6.883,31407,100,1.1824,589
20.664,39.452,1.0004e+05,2.555,26.012,27.012,27.437,27.887,6.633,6.868,31459,100,1.1823,590
20.654,39.452,1.0005e+05,2.559,29.512,27.762,27.852,28.012,7.065,6.884,31512,100,1.1824,591
20.632,39.46,1.0005e+05,2.555,25.262,27.012,27.334,27.887,6.537,6.868,31564,100,1.1825,592
20.632,39.46,1.0004e+05,2.558,28.762,27.537,27.619,28.012,6.975,6.883,31618,100,1.1824,593
20.654,39.46,1.0004e+05,2.556,26.387,27.192,27.373,27.887,6.681,6.868,31670,100,1.1824,594
20.632,39.46,1.0004e+05,2.555,25.262,26.613,26.951,27.887,6.537,6.868,31723,100,1.1824,595
20.643,39.437,1.0004e+05,2.558,28.137,27.07,27.188,28.012,6.899,6.884,31775,100,1.1824,596
20.643,39.452,1.0004e+05,2.557,27.887,27.315,27.328,27.887,6.868,6.868,31828,100,1.1824,597
20.632,39.444,1.0004e+05,2.556,27.012,27.224,27.265,27.887,6.759,6.868,31881,100,1.1825,598
20.632,39.467,1.0004e+05,2.554,24.637,26.448,26.739,27.887,6.455,6.868,31934,100,1.1825,599
20.654,39.444,1.0004e+05,2.552,22.387,25.23,25.869,27.887,6.154,6.868,31986,100,1.1824,600
20.654,39.444,1.0004e+05,2.557,27.637,25.952,26.223,27.637,6.837,6.837,32039,100,1.1824,601
20.632,39.452,1.0004e+05,2.559,29.762,27.095,26.93,27.637,7.095,6.837,32092,100,1.1824,602
20.643,39.452,1.0004e+05,2.555,25.762,26.695,26.697,27.637,6.601,6.837,32145,100,1.1823,603
20.622,39.46,1.0004e+05,2.556,26.387,26.603,26.635,27.012,6.681,6.759,32197,100,1.1824,604
20.632,39.46,1.0004e+05,2.56,31.012,27.926,27.51,27.637,7.243,6.837,32250,100,1.1824,605
20.622,39.444,1.0004e+05,2.553,24.012,26.752,26.811,27.012,6.373,6.759,32303,100,1.1825,606
20.643,39.444,1.0004e+05,2.555,25.887,26.492,26.626,26.387,6.617,6.681,32356,100,1.1823,607
20.632,39.452,1.0004e+05,2.557,27.512,26.798,26.803,27.012,6.822,6.759,32408,100,1.1824,608
20.632,39.46,1.0004e+05,2.557,28.012,27.163,27.045,27.012,6.883,6.759,32461,100,1.1824,609
20.643,39.444,1.0004e+05,2.561,31.387,28.43,27.913,27.512,7.286,6.822,32514,100,1.1824,610
20.632,39.46,1.0005e+05,2.554,24.137,27.142,27.158,27.012,6.389,6.759,32567,100,1.1825,611
20.643,39.452,1.0004e+05,2.559,29.512,27.853,27.629,27.512,7.065,6.822,32619,100,1.1824,612
20.632,39.467,1.0004e+05,2.558,28.387,28.013,27.781,27.512,6.929,6.822,32672,100,1.1824,613
20.632,39.452,1.0004e+05,2.556,26.262,27.488,27.477,27.512,6.665,6.822,32724,100,1.1824,614
20.643,39.444,1.0005e+05,2.555,25.387,26.858,27.059,27.012,6.553,6.759,32778,100,1.1824,615
20.622,39.444,1.0004e+05,2.558,28.262,27.279,27.3,27.512,6.914,6.821,32830,100,1.1825,616
20.622,39.444,1.0004e+05,2.559,29.387,27.912,27.717,27.637,7.05,6.837,32883,100,1.1825,617
20.622,39.444,1.0004e+05,2.561,31.512,28.992,28.476,27.637,7.301,6.837,32935,100,1.1825,618
20.643,39.444,1.0004e+05,2.558,28.137,28.735,28.408,27.637,6.899,6.837,32989,100,1.1824,619
20.643,39.444,1.0004e+05,2.555,25.262,27.693,27.779,27.637,6.537,6.837,33041,100,1.1824,620
20.611,39.444,1.0004e+05,2.562,32.512,29.139,28.726,28.012,7.415,6.883,33094,100,1.1825,621
20.632,39.444,1.0004e+05,2.555,26.137,28.238,28.208,28.012,6.649,6.883,33146,100,1.1824,622
20.632,39.444,1.0004e+05,2.559,30.012,28.771,28.569,28.137,7.125,6.899,33200,100,1.1825,623
20.622,39.444,1.0004e+05,2.562,32.387,29.856,29.333,28.137,7.401,6.898,33252,100,1.1825,624
20.622,39.46,1.0004e+05,2.556,26.512,28.853,28.768,28.137,6.696,6.898,33305,100,1.1825,625
20.654,39.444,1.0004e+05,2.557,27.387,28.413,28.492,28.137,6.806,6.899,33357,100,1.1823,626
20.622,39.437,1.0004e+05,2.557,28.012,28.293,28.396,28.012,6.883,6.883,33411,100,1.1825,627
20.643,39.422,1.0004e+05,2.556,26.512,27.759,28.019,28.012,6.697,6.883,33463,100,1.1824,628
20.622,39.444,1.0004e+05,2.553,24.012,26.635,27.218,28.012,6.373,6.883,33516,100,1.1825,629
20.622,39.46,1.0004e+05,2.557,28.012,27.048,27.377,28.012,6.883,6.883,33568,100,1.1825,630
20.622,39.444,1.0004e+05,2.558,28.387,27.45,27.579,28.137,6.929,6.899,33622,100,1.1825,631
20.622,39.437,1.0004e+05,2.555,25.637,26.906,27.191,28.012,6.585,6.883,33674,100,1.1825,632
20.643,39.437,1.0004e+05,2.556,26.387,26.75,27.03,28.012,6.681,6.883,33726,100,1.1824,633
20.622,39.437,1.0004e+05,2.555,25.262,26.304,26.676,28.012,6.537,6.883,33779,100,1.1825,634
20.632,39.437,1.0004e+05,2.555,25.262,25.991,26.393,27.387,6.537,6.806,33831,100,1.1824,635
20.622,39.437,1.0004e+05,2.554,25.012,25.698,26.117,27.387,6.504,6.806,33885,100,1.1825,636
20.622,39.452,1.0004e+05,2.553,23.262,24.967,25.546,27.387,6.273,6.806,33937,100,1.1824,637
20.632,39.452,1.0004e+05,2.563,33.137,27.418,27.064,27.387,7.487,6.806,33990,100,1.1824,638
20.611,39.452,1.0004e+05,2.555,26.012,26.996,26.854,26.512,6.633,6.696,34042,100,1.1825,639
20.632,39.444,1.0004e+05,2.561,31.137,28.239,27.711,26.512,7.257,6.696,34096,100,1.1824,640
20.622,39.429,1.0004e+05,2.558,28.637,28.358,27.896,26.512,6.96,6.696,34148,100,1.1825,641
20.611,39.437,1.0004e+05,2.557,27.262,28.029,27.769,27.262,6.79,6.79,34201,100,1.1825,642
20.622,39.444,1.0005e+05,2.555,25.762,27.349,27.368,26.512,6.601,6.696,34253,100,1.1825,643
20.632,39.437,1.0004e+05,2.559,29.762,28.073,27.847,27.262,7.095,6.791,34307,100,1.1824,644
20.622,39.444,1.0004e+05,2.556,27.012,27.755,27.68,27.012,6.759,6.759,34359,100,1.1824,645
20.632,39.452,1.0004e+05,2.559,30.137,28.47,28.171,27.012,7.14,6.759,34412,100,1.1824,646
20.622,39.444,1.0004e+05,2.56,30.262,29.007,28.589,27.262,7.154,6.79,34464,100,1.1825,647
20.643,39.444,1.0004e+05,2.555,25.262,27.884,27.924,27.012,6.537,6.759,34518,100,1.1824,648
20.622,39.437,1.0005e+05,2.558,28.762,28.147,28.092,27.012,6.975,6.759,34570,100,1.1825,649
20.643,39.437,1.0005e+05,2.557,27.887,28.069,28.051,27.262,6.868,6.791,34623,100,1.1824,650
20.622,39.444,1.0004e+05,2.559,29.762,28.577,28.393,27.887,7.095,6.868,34675,100,1.1825,651
20.622,39.444,1.0005e+05,2.554,25.137,27.545,27.742,27.262,6.52,6.79,34728,100,1.1826,652
20.643,39.437,1.0005e+05,2.556,26.512,27.235,27.496,27.012,6.697,6.759,34781,100,1.1824,653
20.622,39.437,1.0005e+05,2.557,27.512,27.318,27.499,27.262,6.821,6.79,34834,100,1.1825,654
20.611,39.437,1.0004e+05,2.553,23.262,26.102,26.652,27.262,6.272,6.79,34886,100,1.1826,655
20.622,39.444,1.0004e+05,2.557,27.262,26.45,26.774,27.262,6.791,6.791,34939,100,1.1825,656
20.632,39.437,1.0004e+05,2.555,26.137,26.356,26.647,27.262,6.649,6.791,34992,100,1.1824,657
20.622,39.429,1.0004e+05,2.56,30.762,27.678,27.47,27.512,7.213,6.822,35045,100,1.1825,658
20.622,39.437,1.0004e+05,2.556,26.762,27.403,27.328,27.512,6.728,6.821,35097,100,1.1825,659
20.643,39.437,1.0004e+05,2.563,33.387,29.198,28.54,27.512,7.515,6.822,35150,100,1.1824,660
20.622,39.422,1.0004e+05,2.56,30.262,29.518,28.884,27.887,7.154,6.868,35203,100,1.1825,661
20.632,39.46,1.0004e+05,2.558,28.387,29.178,28.785,27.887,6.929,6.868,35256,100,1.1825,662
20.643,39.437,1.0004e+05,2.556,26.262,28.304,28.28,27.512,6.665,6.822,35308,100,1.1824,663
20.643,39.444,1.0004e+05,2.556,26.762,27.841,27.977,27.512,6.728,6.822,35361,100,1.1824,664
20.622,39.444,1.0004e+05,2.556,27.012,27.592,27.784,27.512,6.759,6.822,35414,100,1.1824,665
20.622,39.437,1.0004e+05,2.559,29.512,28.168,28.13,27.512,7.065,6.822,35467,100,1.1825,666
20.622,39.437,1.0004e+05,2.554,24.637,27.109,27.431,27.512,6.455,6.822,35519,100,1.1825,667
20.611,39.444,1.0005e+05,2.559,29.387,27.792,27.822,27.512,7.05,6.821,35572,100,1.1826,668
20.622,39.429,1.0004e+05,2.561,31.262,28.833,28.51,27.512,7.272,6.822,35624,100,1.1825,669
20.611,39.437,1.0005e+05,2.554,24.137,27.425,27.636,27.512,6.389,6.821,35678,100,1.1826,670
20.622,39.444,1.0005e+05,2.556,27.012,27.301,27.511,27.262,6.759,6.79,35730,100,1.1826,671
20.622,39.429,1.0005e+05,2.558,29.012,27.814,27.811,27.262,7.005,6.79,35783,100,1.1825,672
20.622,39.437,1.0005e+05,2.556,26.887,27.536,27.626,27.012,6.743,6.759,35835,100,1.1826,673
20.622,39.437,1.0005e+05,2.557,27.137,27.416,27.529,27.137,6.775,6.775,35889,100,1.1826,674
20.622,39.437,1.0005e+05,2.56,30.387,28.308,28.1,27.262,7.169,6.79,35941,100,1.1826,675
20.632,39.437,1.0005e+05,2.557,27.887,28.182,28.058,27.262,6.868,6.79,35994,100,1.1825,676
20.622,39.437,1.0005e+05,2.561,31.137,29.068,28.674,27.887,7.257,6.868,36046,100,1.1826,677
20.622,39.429,1.0005e+05,2.556,26.762,28.376,28.291,27.887,6.728,6.868,36100,100,1.1825,678
20.622,39.437,1.0005e+05,2.56,30.887,29.13,28.81,28.387,7.228,6.929,36152,100,1.1825,679
20.632,39.437,1.0004e+05,2.559,29.262,29.169,28.901,28.387,7.035,6.929,36205,100,1.1825,680
20.622,39.444,1.0005e+05,2.561,31.137,29.76,29.348,29.012,7.257,7.005,36257,100,1.1825,681
20.632,39.422,1.0004e+05,2.558,29.012,29.536,29.281,29.012,7.005,7.005,36311,100,1.1824,682
20.643,39.437,1.0004e+05,2.564,34.262,30.954,30.277,29.012,7.613,7.005,36363,100,1.1824,683
